,Data range,label,C4H15O+ (ppb),C6H9+ (ppb),C3H13O2+ (ppb),C5H7O+ (ppb),C3H15O2+ (ppb),C6H13+ (ppb),C6H15+ (ppb),C5H13O+ (ppb),C5H15O+ (ppb),C6H19+ (ppb),C7H9+ (ppb),C4H13O2+ (ppb),C6H7O+ (ppb),C7H11+ (ppb),C4H15O2+ (ppb),C5H19O+ (ppb),C6H9O+ (ppb),C7H13+ (ppb),C4H17O2+ (ppb),C5H21O+ (ppb),C6H11O+ (ppb),C7H15+ (ppb),C5H23O+ (ppb),C5H9O2+ (ppb),C6H13O+ (ppb),C7H17+ (ppb),C4H7O3+ (ppb),C8H7+ (ppb),C5H11O2+ (ppb),C6H15O+ (ppb),C7H19+ (ppb),C8H9+ (ppb),C5H13O2+ (ppb),C6H17O+ (ppb),C7H7O+ (ppb),C8H11+ (ppb),C5H15O2+ (ppb),C6H19O+ (ppb),C7H9O+ (ppb),C8H13+ (ppb),C5H17O2+ (ppb),C6H21O+ (ppb),C7H11O+ (ppb),C8H15+ (ppb),C6H23O+ (ppb),C6H9O2+ (ppb),C7H13O+ (ppb),C8H17+ (ppb),C5H7O3+ (ppb),C9H7+ (ppb),C6H11O2+ (ppb),C7H15O+ (ppb),C8H19+ (ppb),C9H9+ (ppb),C6H13O2+ (ppb),C7H17O+ (ppb),C8H7O+ (ppb),C9H11+ (ppb),C6H15O2+ (ppb),C7H19O+ (ppb),C8H9O+ (ppb),C9H13+ (ppb),C6H17O2+ (ppb),C7H21O+ (ppb),C8H11O+ (ppb),C9H15+ (ppb),C7H23O+ (ppb),C7H9O2+ (ppb),C8H13O+ (ppb),C9H17+ (ppb),C6H7O3+ (ppb),C10H7+ (ppb),C7H11O2+ (ppb),C8H15O+ (ppb),C9H19+ (ppb),C10H9+ (ppb),C7H13O2+ (ppb),C8H17O+ (ppb),C9H7O+ (ppb),C10H11+ (ppb),C7H15O2+ (ppb),C8H19O+ (ppb),C9H9O+ (ppb),C10H13+ (ppb),C7H17O2+ (ppb),C8H21O+ (ppb),C9H11O+ (ppb),C10H15+ (ppb),C8H23O+ (ppb),C8H9O2+ (ppb),C9H13O+ (ppb),C10H17+ (ppb),C7H7O3+ (ppb),C11H7+ (ppb),C8H11O2+ (ppb),C9H15O+ (ppb),C10H19+ (ppb),C11H9+ (ppb),C8H13O2+ (ppb),C9H17O+ (ppb),C6H7O4+ (ppb),C10H7O+ (ppb),C11H11+ (ppb),C8H15O2+ (ppb),C9H19O+ (ppb),C10H9O+ (ppb),C11H13+ (ppb),C8H17O2+ (ppb),C9H21O+ (ppb),C10H11O+ (ppb),C11H15+ (ppb),C9H23O+ (ppb),C9H9O2+ (ppb),C10H13O+ (ppb),C11H17+ (ppb),C8H7O3+ (ppb),C12H7+ (ppb),C9H11O2+ (ppb),C10H15O+ (ppb),C11H19+ (ppb),C12H9+ (ppb),C9H13O2+ (ppb),C10H17O+ (ppb),C11H7O+ (ppb),C12H11+ (ppb),C9H15O2+ (ppb),C10H19O+ (ppb),C11H9O+ (ppb),C12H13+ (ppb),C9H17O2+ (ppb),C10H21O+ (ppb),C11H11O+ (ppb),C12H15+ (ppb),C10H23O+ (ppb),C10H9O2+ (ppb),C11H13O+ (ppb),C12H17+ (ppb),C9H7O3+ (ppb),C13H7+ (ppb),C10H11O2+ (ppb),C11H15O+ (ppb),C12H19+ (ppb),C13H9+ (ppb),C10H13O2+ (ppb),C11H17O+ (ppb),C8H7O4+ (ppb),C12H7O+ (ppb),C13H11+ (ppb),C10H15O2+ (ppb),C11H19O+ (ppb),C12H9O+ (ppb),C13H13+ (ppb),C10H17O2+ (ppb),C11H21O+ (ppb),C12H11O+ (ppb),C13H15+ (ppb),C11H23O+ (ppb),C11H9O2+ (ppb),C12H13O+ (ppb),C13H17+ (ppb),C10H7O3+ (ppb),C14H7+ (ppb),C11H11O2+ (ppb),C12H15O+ (ppb),C13H19+ (ppb),C14H9+ (ppb),C11H13O2+ (ppb),C12H17O+ (ppb),C13H7O+ (ppb),C14H11+ (ppb),C11H15O2+ (ppb),C12H19O+ (ppb),C13H9O+ (ppb),C14H13+ (ppb),C11H17O2+ (ppb),C12H21O+ (ppb),C13H11O+ (ppb),C14H15+ (ppb),C12H23O+ (ppb),C12H9O2+ (ppb),C13H13O+ (ppb),C14H17+ (ppb),C11H7O3+ (ppb),C15H7+ (ppb),C12H11O2+ (ppb),C13H15O+ (ppb),C14H19+ (ppb),C15H9+ (ppb),C12H13O2+ (ppb),C13H17O+ (ppb),C10H7O4+ (ppb),C14H7O+ (ppb),C15H11+ (ppb),C12H15O2+ (ppb),C13H19O+ (ppb),C15H13+ (ppb),C12H17O2+ (ppb),C13H21O+ (ppb),C15H15+ (ppb),C13H23O+ (ppb),C13H9O2+ (ppb),C14H13O+ (ppb),C15H17+ (ppb),C12H7O3+ (ppb),C16H7+ (ppb),C13H11O2+ (ppb),C14H15O+ (ppb),C15H19+ (ppb),C13H13O2+ (ppb),C14H17O+ (ppb),C16H11+ (ppb),C13H15O2+ (ppb),C14H19O+ (ppb),C16H13+ (ppb),C13H17O2+ (ppb),C14H21O+ (ppb),C16H15+ (ppb),C14H23O+ (ppb),C14H9O2+ (ppb),C15H13O+ (ppb),C16H17+ (ppb),C13H7O3+ (ppb),C17H7+ (ppb),C15H15O+ (ppb),C16H19+ (ppb),C12H7O4+ (ppb),C14H15O2+ (ppb),C15H19O+ (ppb),C17H13+ (ppb),C15H21O+ (ppb),C17H15+ (ppb),C15H23O+ (ppb),C14H7O3+ (ppb),C16H15O+ (ppb),C16H19O+ (ppb),C16H23O+ (ppb),C17H15O+ (ppb)
0,Egg_ID1111_File36_R3_T37_5dwell30,0,0.000754,1.47,0.0257,0.475,0.00617,0.0759,0.000243,0.000226,0.000814,0.000433,0.379,0.0091,2.85,0.986,0.0271,0.00107,0.334,0.126,0.00313,0.000188,0.0738,0.0188,5.02E-05,0.275,0.0146,0.000265,0.0355,0.0633,0.0364,0.000321,7.49E-05,0.312,0.0277,0.000241,0.38,0.244,0.00784,0.000258,0.54,0.572,0.0196,0.000935,0.227,0.0517,0.000307,0.216,0.047,0.0127,0.13,0.0395,0.119,0.0115,0.000264,0.0403,0.0269,0.000223,0.0323,0.12,0.0113,0.00018,0.117,0.169,0.00678,0.0003,0.072,0.186,0.000255,0.135,0.0978,0.0233,0.696,0.0169,0.071,0.0533,0.0101,0.101,0.0422,0.00644,0.036,0.0383,0.00711,0.000198,0.0242,0.0434,0.00659,0.000105,0.0522,0.136,0.000261,0.0477,0.0257,0.0968,0.0256,0.00277,0.0353,0.03,0.00835,0.0118,0.0139,0.00667,0.0539,0.00574,0.0239,0.0333,0.0226,0.0103,0.0162,0.00436,0.000237,0.0139,0.023,8.02E-05,0.0212,0.0191,0.0802,0.0165,0.00205,0.011,0.0168,0.0313,0.0149,0.0137,0.00906,0.00405,0.0135,0.00854,0.00208,0.00398,0.00893,0.00706,0.00527,0.00472,0.0122,0.000312,0.00189,0.00425,0.0144,0.0028,0.00145,0.00401,0.00624,0.0371,0.00324,0.0249,0.0016,0,0.13,0.0108,0.00833,0.00221,0.0274,0.00833,0.00202,0.00107,0.0117,0.00446,0.00164,0.00205,0.00182,0.00542,0.00118,0.000367,0.000577,0.00132,0.0202,0.00168,0.000887,0.00253,0.00121,0.00191,0.00309,0.000855,0.00213,0.00224,0.00212,0.00132,0.00826,0.00392,0.000775,0.0435,0.00289,0.00266,0.0323,0.022,0.00267,0.000717,0.00466,0.0014,0.000357,0.00109,0.00286,0,0.000666,0.000404,0.00183,0.000461,0.00118,0.00249,0.00187,0.000572,0.000474,0.000694,0.00183,0.00215,0,0.00122,0.000217,0.0014,0.000619,0.000367,0.00192,6.24E-05,0.00131,0.000435,0.00156,0.0025,0.000959,0.000795,0.00785,0.000773,0.0012,0.0086,0,0.000353,0.00119,0.000567,0.000256,0.000232,0.000231,0.00111,0.000389,0.00246,0.536,0.0816,0.000605,0.00068,0.000221
1,Egg_ID1112_File36_R3_T37_5dwell30,1,0.00067,1.24,0.0207,0.48,0.00414,0.0464,0.00021,0.000393,0.000511,0.000299,0.321,0.00859,2.11,0.867,0.0234,0.000893,0.252,0.11,0.00278,0.000199,0.056,0.0115,8.16E-05,0.291,0.00811,0.000169,0.0449,0.047,0.0491,0.000252,6.31E-05,0.239,0.0175,0.000235,0.165,0.205,0.00654,0.000212,0.341,0.508,0.0174,0.000662,0.111,0.0502,0.000276,0.184,0.0296,0.00824,0.0944,0.0352,0.0839,0.01,0.000159,0.039,0.0279,0.000248,0.0295,0.115,0.00715,0.000176,0.0664,0.17,0.0065,0.000283,0.0563,0.197,0.00023,0.0646,0.0602,0.0216,0.671,0.0174,0.0481,0.0298,0.00706,0.112,0.0368,0.00414,0.0582,0.045,0.00604,0.00025,0.0155,0.0475,0.00578,0.000107,0.0353,0.156,0.000224,0.0338,0.0206,0.0954,0.0286,0.00381,0.0246,0.0247,0.00814,0.013,0.0126,0.00561,0.0566,0.00545,0.0229,0.0269,0.0132,0.00937,0.0191,0.0105,0.000253,0.0118,0.0282,9.64E-05,0.0193,0.0157,0.089,0.0163,0.00089,0.00907,0.0156,0.0337,0.0138,0.0132,0.00932,0.00409,0.0125,0.00964,0.00245,0.00435,0.00885,0.00656,0.00315,0.00491,0.0144,0.000553,0.0024,0.00791,0.0154,0.00642,0.00125,0.00661,0.00863,0.0452,0.00384,0.0219,0.00232,0,0.0949,0.0104,0.00907,0.00311,0.0253,0.00825,0.00231,0.00104,0.01,0.00582,0.00155,0.00233,0.0024,0.00676,0.00115,0.000358,0.00086,0.00222,0.0228,0.00148,0.00155,0.0035,0.00113,0.00615,0.00369,0.0013,0.00316,0.0034,0.00334,0.00194,0.0107,0.00471,0.000791,0.0297,0.00251,0.00299,0.0279,0.0182,0.00306,0.00143,0.00584,0.0015,0.000526,0.00185,0.00257,0,0.000834,0.000738,0.00208,0.00103,0.00147,0.00269,0.00236,0.000876,0.000645,0.00134,0.00283,0.0019,6.42E-05,0.00167,0.000466,0.00181,0.000691,0.00062,0.0013,0.000328,0.00141,0.000523,0.0016,0.0017,0.000972,0.000894,0.00415,0.000591,0.00199,0.00464,0,0.000546,0.00166,0.000635,0.000346,0.000648,0.000754,0.00181,0.000396,0.0013,0.295,0.0448,0.000381,0.000708,0.000224
2,Egg_ID1113_File36_R3_T37_5dwell30,1,0.000611,1.06,0.0177,0.432,0.00315,0.0244,0.000198,0.000303,0.00045,0.000248,0.269,0.00778,1.88,0.665,0.0177,0.000794,0.215,0.0861,0.00219,0.00019,0.0493,0.0061,0.000112,0.179,0.00572,0.000137,0.0405,0.0395,0.0365,0.000175,5.21E-05,0.203,0.0144,0.000249,0.128,0.173,0.0055,0.000183,0.338,0.439,0.0151,0.000684,0.0855,0.0382,0.000357,0.168,0.0214,0.00442,0.0876,0.0307,0.0667,0.00639,0.00011,0.0311,0.0233,0.000228,0.0262,0.0948,0.006,0.000145,0.0516,0.155,0.00577,0.000217,0.0384,0.173,0.000205,0.0483,0.0394,0.0159,0.668,0.0172,0.0459,0.00934,0.004,0.107,0.0222,0.00257,0.0619,0.039,0.00433,0.000294,0.0123,0.0398,0.00421,9.28E-05,0.0274,0.138,0.000205,0.025,0.0155,0.084,0.0275,0.00328,0.016,0.0142,0.00677,0.0103,0.00791,0.00354,0.0575,0.00532,0.019,0.0168,0.00915,0.00824,0.016,0.00553,0.000155,0.00994,0.0263,7.72E-05,0.0274,0.0103,0.0758,0.0241,0.00111,0.00622,0.011,0.028,0.0125,0.00835,0.00543,0.00353,0.00779,0.00506,0.00157,0.00386,0.00654,0.00403,0.00233,0.00336,0.0119,0.000389,0.00214,0.00582,0.0134,0.00486,0.00103,0.00558,0.00537,0.0363,0.00316,0.0186,0.00161,0,0.166,0.0128,0.00576,0.00177,0.0264,0.00621,0.00179,0.000749,0.0117,0.00436,0.00103,0.00182,0.00175,0.00546,0.00119,0.000319,0.000691,0.00166,0.0194,0.00227,0.00107,0.00236,0.0018,0.00448,0.00255,0.000834,0.00283,0.00247,0.00208,0.00128,0.0103,0.00343,0.000542,0.0515,0.0038,0.0024,0.0492,0.0339,0.00305,0.00108,0.00498,0.00182,0.000408,0.00146,0.00359,0,0.000659,0.00052,0.00153,0.000836,0.00105,0.00197,0.00213,0.000597,0.000502,0.00099,0.00199,0.00173,0,0.00153,0.000351,0.0015,0.000628,0.00049,0.00156,0.000321,0.00106,0.000569,0.000947,0.00129,0.0011,0.00082,0.00703,0.00072,0.00148,0.00875,0,0.000543,0.0012,0.000691,0.000268,0.000474,0.000531,0.00162,0.000341,0.00103,0.602,0.0963,0.000543,0.000576,0.000129
3,Egg_ID1114_File36_R3_T37_5dwell30,0,0.000399,0.737,0.012,0.389,0.00191,0.0221,0.000139,0.000194,0.000315,0.000148,0.175,0.00445,1.52,0.422,0.0112,0.000562,0.151,0.0503,0.0013,0.000128,0.0442,0.00482,7.14E-05,0.148,0.0046,0.00012,0.0337,0.0258,0.0178,9.29E-05,3.33E-05,0.139,0.012,0.000146,0.0919,0.114,0.00351,0.000111,0.122,0.244,0.00813,0.00041,0.0378,0.023,0.000194,0.125,0.00889,0.00335,0.0715,0.0217,0.0379,0.00337,7.37E-05,0.0221,0.0183,0.000151,0.0227,0.0601,0.00438,0.000123,0.0322,0.107,0.00387,0.000126,0.0185,0.106,0.000137,0.0338,0.016,0.0094,0.659,0.0173,0.018,0.0115,0.00338,0.0759,0.0125,0.00172,0.0299,0.0249,0.00254,0.000147,0.00737,0.0225,0.0022,6.20E-05,0.0146,0.0867,0.000142,0.0159,0.00656,0.0569,0.0248,0.00318,0.0085,0.00762,0.00372,0.00817,0.00366,0.00266,0.0538,0.00474,0.0164,0.0132,0.0158,0.00701,0.00924,0.00249,0.000136,0.00494,0.0169,4.72E-05,0.00902,0.00634,0.0453,0.00939,0.000573,0.00357,0.00366,0.0161,0.00969,0.00443,0.00289,0.00302,0.00753,0.00228,0.000867,0.00361,0.00546,0.00302,0.00121,0.00244,0.00812,0.000235,0.00155,0.00382,0.00807,0.00327,0.000879,0.00294,0.00339,0.0216,0.0025,0.00767,0.000826,0.00029,0.044,0.0051,0.00273,0.000996,0.0144,0.00397,0.000733,0.00038,0.00829,0.00291,0.000705,0.00173,0.00108,0.00292,0.00107,0.000208,0.000509,0.000992,0.0134,0.000828,0.000717,0.00137,0.000647,0.00338,0.0017,0.000514,0.0018,0.00161,0.00137,0.000708,0.00472,0.0021,0.000351,0.0139,0.0011,0.00133,0.0143,0.00905,0.00222,0.000643,0.00301,0.000826,0.000335,0.00114,0.00159,0,0.000617,0.000368,0.00141,0.000532,0.000604,0.00138,0.00128,0.000395,0.000376,0.000781,0.0014,0.00154,0,0.00106,0.000234,0.000973,0.000394,0.00031,0.001,0.00021,0.00069,0.000362,0.000743,0.000871,0.000467,0.000493,0.00185,0.000336,0.000841,0.00185,0,0.000387,0.000813,0.000532,0.000182,0.000328,0.000351,0.00154,0.000264,0.000738,0.109,0.0155,0.000194,0.000355,0.000114
4,Egg_ID1115_File36_R3_T37_5dwell30,0,0.000698,1.19,0.0204,0.472,0.00414,0.0449,0.000221,0.000455,0.000538,0.000333,0.326,0.009,2.17,0.855,0.0227,0.00101,0.248,0.102,0.00268,0.000281,0.0545,0.0117,0.000153,0.264,0.0079,0.000206,0.0414,0.0461,0.0407,0.000212,4.11E-05,0.217,0.0171,0.000287,0.2,0.19,0.00602,0.000294,0.317,0.503,0.017,0.000725,0.133,0.0458,0.000437,0.181,0.0312,0.00863,0.1,0.0313,0.0752,0.00769,0.000171,0.0335,0.0241,0.000236,0.0285,0.0994,0.00694,0.000147,0.0766,0.15,0.00598,0.000201,0.0481,0.176,0.000187,0.0728,0.058,0.0183,0.682,0.0187,0.0437,0.0437,0.00648,0.142,0.0297,0.0038,0.077,0.0374,0.00495,0.000278,0.015,0.0385,0.00503,0.000111,0.0294,0.14,0.000223,0.0324,0.0162,0.0861,0.0273,0.00328,0.0224,0.0193,0.00709,0.0113,0.00945,0.00489,0.0546,0.00513,0.0201,0.0244,0.0144,0.0087,0.0154,0.00584,0.000202,0.0102,0.0248,0.000112,0.0201,0.0125,0.0817,0.0183,0.000638,0.00792,0.0112,0.0298,0.014,0.00932,0.00642,0.00385,0.0102,0.00679,0.00182,0.00395,0.00732,0.00512,0.00306,0.00376,0.0121,0.000453,0.00209,0.00569,0.0139,0.00465,0.00115,0.0057,0.00559,0.0396,0.00327,0.0152,0.00169,0,0.117,0.0107,0.00616,0.00222,0.0246,0.00626,0.00177,0.000715,0.0115,0.00449,0.00101,0.00184,0.0019,0.00543,0.000957,0.000299,0.000702,0.00156,0.0202,0.00116,0.00116,0.00247,0.000799,0.00419,0.00269,0.000849,0.00274,0.00231,0.00225,0.00136,0.00913,0.00355,0.000649,0.0356,0.00277,0.00251,0.0352,0.0232,0.00279,0.00104,0.00517,0.00136,0.000393,0.00128,0.00266,0,0.000782,0.000612,0.00212,0.000707,0.00103,0.00211,0.00183,0.000766,0.000461,0.000867,0.00211,0.00139,0.000168,0.00161,0.00029,0.00139,0.000537,0.000413,0.00141,0.000411,0.00116,0.000552,0.00113,0.00131,0.000634,0.000701,0.00478,0.000511,0.00151,0.00429,0,0.00038,0.00127,0.000568,0.000276,0.000478,0.000435,0.00164,0.00039,0.00116,0.251,0.0382,0.000291,0.000784,0.00029
6,Egg_ID1116_File37_T37_5dwell30,1,0.000698,1.56,0.0283,0.571,0.00847,0.0803,0.000265,0.000237,0.00121,0.000446,0.437,0.0112,2.99,1.29,0.0383,0.00146,0.355,0.164,0.00456,0.000255,0.0715,0.02,0.00012,0.326,0.0136,0.00016,0.0366,0.074,0.0409,0.00026,6.35E-05,0.306,0.0285,0.00035,0.367,0.261,0.00894,0.000294,0.654,0.758,0.0276,0.000876,0.239,0.0642,0.000273,0.218,0.0595,0.0152,0.13,0.0415,0.121,0.00953,0.000224,0.0444,0.0256,0.00025,0.0321,0.131,0.0111,0.000237,0.124,0.166,0.00727,0.000161,0.0854,0.211,0.000317,0.129,0.105,0.0254,0.696,0.0251,0.0811,0.0946,0.012,0.0968,0.0458,0.00688,0.0225,0.0484,0.0075,0.000347,0.026,0.0514,0.00748,0.00018,0.0476,0.155,0.000247,0.0567,0.0287,0.104,0.0279,0.00311,0.0407,0.0345,0.00947,0.0144,0.0158,0.00777,0.0532,0.00597,0.0261,0.0423,0.026,0.0117,0.0194,0.00551,0.000244,0.0164,0.0243,0.000116,0.033,0.0209,0.0975,0.0244,0.00133,0.0139,0.0198,0.0388,0.0208,0.0173,0.0104,0.00463,0.015,0.0112,0.00333,0.00475,0.0107,0.00902,0.00832,0.006,0.0154,0.000388,0.00248,0.00484,0.0161,0.00329,0.00155,0.00579,0.00758,0.0469,0.00311,0.0236,0.00217,0,0.208,0.0174,0.0105,0.00304,0.0411,0.00973,0.00212,0.00137,0.0242,0.00604,0.00228,0.00178,0.00268,0.00742,0.00111,0.000471,0.000913,0.00206,0.0239,0.00203,0.000981,0.00341,0.00166,0.00485,0.00402,0.00105,0.00366,0.00309,0.00248,0.00145,0.014,0.00439,0.000938,0.0624,0.00489,0.00298,0.0478,0.0371,0.00379,0.000857,0.00591,0.00202,0.00058,0.00141,0.00362,0,0.000745,0.000575,0.00298,0.000807,0.0016,0.00346,0.00223,0.00129,0.000794,0.00111,0.00276,0.00133,0.000135,0.00157,0.000366,0.00142,0.000646,0.000381,0.00188,0.000132,0.00146,0.000446,0.00199,0.00208,0.00128,0.000832,0.0109,0.000844,0.00167,0.00905,0,0.000566,0.00138,0.000628,0.000277,0.000474,0.000349,0.00196,0.000445,0.0015,0.511,0.0873,0.000488,0.000765,0.000685
7,Egg_ID1121_File37_T37_5dwell30,0,0.000853,1.5,0.0264,0.563,0.00648,0.0704,0.000287,0.000637,0.000966,0.000355,0.481,0.0155,2.92,1.21,0.0341,0.00132,0.334,0.144,0.00374,0.000303,0.0689,0.0182,0.000126,0.297,0.0125,0.000178,0.0432,0.0719,0.0725,0.000451,0.000157,0.287,0.0245,0.00033,0.302,0.263,0.00842,0.000373,0.522,0.718,0.0247,0.000809,0.225,0.062,0.000728,0.247,0.0528,0.0126,0.124,0.0425,0.11,0.00945,0.000256,0.0452,0.0337,0.000249,0.0329,0.129,0.00952,0.000137,0.135,0.176,0.00681,0.000258,0.0736,0.211,0.000304,0.109,0.092,0.0258,0.69,0.0213,0.0707,0.079,0.0106,0.219,0.0404,0.00546,0.128,0.0495,0.0079,0.000306,0.0269,0.0529,0.00636,0.00018,0.0447,0.16,0.00027,0.0512,0.027,0.106,0.0308,0.00303,0.0356,0.029,0.00944,0.0139,0.015,0.00682,0.0559,0.00558,0.0248,0.0384,0.0198,0.0111,0.0221,0.00774,0.000208,0.0162,0.0269,0.000131,0.0324,0.0184,0.0982,0.0269,0.00108,0.0129,0.0171,0.0388,0.0188,0.0161,0.00995,0.00455,0.0139,0.00964,0.00275,0.00452,0.0106,0.00742,0.0064,0.00588,0.0168,0.000472,0.00282,0.00568,0.0179,0.00507,0.00133,0.00838,0.00751,0.0487,0.00332,0.0238,0.00221,0,0.187,0.0158,0.0091,0.00262,0.0366,0.00918,0.00207,0.0011,0.015,0.00658,0.00189,0.00192,0.00272,0.00817,0.00102,0.000325,0.000817,0.00217,0.0242,0.00189,0.00132,0.00301,0.00121,0.00523,0.00384,0.00114,0.00423,0.00328,0.00269,0.0017,0.0172,0.00509,0.000819,0.0561,0.00398,0.00351,0.0534,0.0378,0.00335,0.00117,0.00713,0.00173,0.000675,0.00178,0.00395,0,0.00127,0.000766,0.00278,0.000731,0.00158,0.0037,0.00207,0.00105,0.000555,0.00101,0.0025,0.00125,5.66E-05,0.00223,0.000428,0.00177,0.000798,0.000542,0.0017,0.00022,0.00135,0.000432,0.00171,0.00181,0.00108,0.000954,0.0108,0.000886,0.00186,0.00849,0,0.000567,0.00154,0.000593,0.000267,0.000503,0.000542,0.00204,0.000418,0.00163,0.434,0.0693,0.000469,0.00077,0.000329
8,Egg_ID1122_File37_T37_5dwell30,0,0.00109,1.39,0.0246,0.565,0.00585,0.0603,0.000206,0.00108,0.000897,0.000404,0.48,0.0177,2.96,1.07,0.0297,0.00138,0.337,0.131,0.00338,0.000401,0.07,0.0151,0.000168,0.305,0.0117,0.000219,0.045,0.0741,0.0903,0.000366,8.53E-05,0.28,0.0237,0.000316,0.307,0.257,0.00818,0.000327,0.512,0.673,0.0232,0.000809,0.234,0.0555,0.000817,0.252,0.0529,0.0113,0.127,0.0409,0.112,0.0114,0.000185,0.0451,0.0406,0.000329,0.035,0.124,0.00946,0.000144,0.147,0.173,0.00671,0.000241,0.0838,0.192,0.00027,0.109,0.101,0.0226,0.705,0.0209,0.0692,0.0693,0.00901,0.209,0.0452,0.00603,0.125,0.0505,0.00862,0.000457,0.0265,0.0536,0.00697,0.000201,0.0529,0.148,0.000234,0.0578,0.0325,0.0937,0.0311,0.00398,0.0393,0.0361,0.00854,0.0155,0.0169,0.00816,0.0562,0.0061,0.0264,0.0411,0.0198,0.0114,0.0183,0.0134,0.000318,0.0185,0.0255,0.000112,0.0324,0.0235,0.0858,0.0267,0.000815,0.0141,0.0247,0.0327,0.0202,0.0183,0.013,0.00508,0.0154,0.0133,0.00324,0.00501,0.0106,0.00952,0.00611,0.00663,0.0153,0.000903,0.00305,0.00715,0.0153,0.00716,0.00137,0.0103,0.0104,0.0453,0.00381,0.0311,0.00319,0,0.17,0.0155,0.0129,0.0043,0.0395,0.0114,0.00299,0.00126,0.0189,0.00668,0.00202,0.00207,0.00336,0.00626,0.00126,0.000224,0.000891,0.00233,0.0226,0.00185,0.00189,0.00468,0.00147,0.00788,0.00525,0.00184,0.00482,0.00423,0.00401,0.00237,0.0224,0.00562,0.000886,0.0494,0.00368,0.00332,0.0479,0.0328,0.00312,0.00149,0.00534,0.00186,0.000576,0.00216,0.00344,0,0.000914,0.000972,0.00351,0.00114,0.00221,0.00403,0.00272,0.0016,0.000765,0.00156,0.00323,0.00132,0.000231,0.00219,0.00045,0.00211,0.000885,0.000601,0.00142,0.000173,0.00139,0.000707,0.00185,0.00182,0.00112,0.00104,0.00728,0.000926,0.00221,0.00655,0,0.000728,0.00188,0.000715,0.00028,0.000646,0.000495,0.00232,0.000451,0.0015,0.371,0.0596,0.000708,0.00071,0.00041
9,Egg_ID1123_File37_T37_5dwell30,0,0.000771,1.24,0.0195,0.508,0.0048,0.0612,0.000203,0.000466,0.000861,0.000461,0.393,0.0127,2.89,0.854,0.0224,0.000985,0.347,0.105,0.00285,0.000181,0.0692,0.0142,8.34E-05,0.331,0.0122,0.00033,0.0452,0.0613,0.0565,0.000255,8.59E-05,0.257,0.0236,0.000289,0.33,0.222,0.00673,0.000283,0.514,0.587,0.02,0.000764,0.222,0.0447,0.000593,0.239,0.0508,0.0103,0.136,0.0345,0.125,0.00965,0.000169,0.0401,0.0304,0.000213,0.0322,0.113,0.00947,0.000223,0.132,0.141,0.00489,0.000236,0.0693,0.151,0.000243,0.119,0.0946,0.019,0.705,0.0162,0.07,0.0503,0.00931,0.187,0.0385,0.00546,0.0979,0.0427,0.00814,0.000331,0.0237,0.0432,0.00587,0.000229,0.0405,0.113,0.000275,0.0526,0.0221,0.0768,0.0296,0.00329,0.0372,0.0285,0.00641,0.0134,0.0137,0.00641,0.0543,0.0057,0.0251,0.0359,0.0242,0.0112,0.0152,0.00732,0.000224,0.015,0.0216,5.09E-05,0.0301,0.018,0.0635,0.0244,0.00145,0.0116,0.0142,0.0244,0.0168,0.0138,0.00816,0.00511,0.0145,0.00901,0.00248,0.00468,0.0103,0.00755,0.00436,0.00642,0.0128,0.000677,0.00259,0.00534,0.0125,0.00526,0.0014,0.00698,0.00777,0.0318,0.00318,0.0189,0.00209,0,0.183,0.0144,0.00914,0.00271,0.0356,0.00913,0.00209,0.00118,0.0121,0.00513,0.00202,0.00206,0.00231,0.00565,0.00113,0.000401,0.000816,0.00221,0.0181,0.00187,0.00115,0.00274,0.00126,0.00501,0.00395,0.00102,0.00335,0.00314,0.00253,0.00168,0.013,0.00418,0.000875,0.0509,0.00356,0.00262,0.0485,0.0328,0.00342,0.0012,0.00406,0.00157,0.000572,0.00175,0.00397,0,0.000573,0.000802,0.00269,0.000921,0.00102,0.00327,0.00207,0.0011,0.000516,0.00122,0.00229,0.00121,0.000101,0.00161,0.000319,0.00134,0.000663,0.000452,0.00137,0.000306,0.0013,0.000654,0.00153,0.00185,0.00106,0.000792,0.00732,0.000676,0.00178,0.00873,0,0.000554,0.00121,0.000599,0.000254,0.000604,0.000392,0.00231,0.000385,0.00161,0.55,0.0835,0.000676,0.000588,0.000324
10,Egg_ID1124_File37_T37_5dwell30,0,0.000842,1.65,0.0294,0.539,0.00651,0.0507,0.000259,0.000712,0.00105,0.000429,0.487,0.016,3.04,1.07,0.0308,0.00146,0.362,0.149,0.00395,0.000311,0.07,0.0101,0.000113,0.464,0.0127,0.000221,0.0469,0.0801,0.0929,0.000421,0.000112,0.339,0.0284,0.000389,0.289,0.295,0.00907,0.000256,0.728,0.823,0.0305,0.00112,0.205,0.0647,0.000735,0.259,0.0502,0.00802,0.13,0.0464,0.136,0.0122,0.000249,0.0534,0.0395,0.000355,0.034,0.167,0.0108,0.000305,0.135,0.194,0.00733,0.000336,0.0908,0.241,0.00031,0.106,0.103,0.0281,0.669,0.02,0.0953,0.0266,0.00797,0.222,0.0487,0.00604,0.123,0.0628,0.01,0.000443,0.0264,0.0692,0.00715,0.000229,0.0497,0.177,0.00031,0.0577,0.0289,0.114,0.0323,0.00343,0.0387,0.0415,0.00986,0.0171,0.0181,0.0102,0.0591,0.00591,0.0339,0.0489,0.0289,0.0123,0.0271,0.0159,0.00047,0.0208,0.0331,0.000158,0.0518,0.0255,0.106,0.0395,0.00105,0.0163,0.0235,0.0416,0.0182,0.0199,0.0145,0.00491,0.0187,0.0147,0.00393,0.00504,0.0163,0.0111,0.0055,0.00667,0.0208,0.000974,0.00284,0.00767,0.0215,0.00547,0.00164,0.00826,0.0126,0.0553,0.00384,0.0294,0.00329,0,0.311,0.0232,0.013,0.00425,0.0472,0.0132,0.00327,0.00157,0.0133,0.00863,0.00308,0.00203,0.0032,0.0109,0.00128,0.000252,0.000926,0.00298,0.0268,0.0036,0.00183,0.00535,0.0026,0.00488,0.00694,0.00164,0.00359,0.00344,0.00446,0.00246,0.0107,0.00554,0.00105,0.086,0.00597,0.00377,0.0746,0.0518,0.00382,0.00131,0.0082,0.00262,0.000539,0.00293,0.0059,0,0.000676,0.000738,0.00252,0.000963,0.00352,0.00444,0.00272,0.0013,0.000612,0.00115,0.0034,0.000946,0.000186,0.0018,0.000532,0.00233,0.000725,0.000621,0.00208,0.000244,0.00192,0.000681,0.00212,0.00385,0.00224,0.00142,0.0156,0.00146,0.00224,0.0185,0,0.000925,0.00191,0.00086,0.000243,0.000707,0.000484,0.00251,0.000405,0.00352,1.15,0.198,0.000996,0.0011,0.000283
11,Egg_ID1125_File37_T37_5dwell30,1,0.00124,1.61,0.0265,0.578,0.00627,0.0797,0.000262,0.000538,0.000969,0.000431,0.511,0.015,3.15,1.27,0.0347,0.00132,0.36,0.156,0.0042,0.000383,0.0733,0.0178,0.000167,0.446,0.0136,0.000193,0.05,0.0748,0.0762,0.000272,0.000114,0.331,0.0274,0.000331,0.369,0.288,0.00895,0.000401,0.582,0.79,0.0263,0.000896,0.264,0.071,0.00053,0.265,0.0543,0.0137,0.147,0.0432,0.117,0.0108,0.00024,0.0522,0.034,0.000235,0.0355,0.165,0.0112,0.000311,0.152,0.187,0.00694,0.000339,0.0899,0.231,0.000192,0.135,0.116,0.0297,0.704,0.0144,0.0768,0.083,0.0121,0.2,0.0522,0.00628,0.1,0.0638,0.00897,0.000455,0.0278,0.0641,0.0069,0.000164,0.0531,0.174,0.000363,0.0603,0.029,0.112,0.0337,0.00309,0.0457,0.0422,0.0111,0.0169,0.0177,0.00964,0.0601,0.00538,0.0326,0.0514,0.0284,0.0128,0.0252,0.0113,0.000458,0.0197,0.0306,0.000143,0.0323,0.0263,0.113,0.0271,0.00136,0.0163,0.0226,0.0426,0.0186,0.0194,0.0134,0.00527,0.0204,0.0146,0.0038,0.00522,0.0148,0.0108,0.00584,0.008,0.0205,0.00074,0.00327,0.00804,0.0211,0.00638,0.00184,0.00912,0.0109,0.0565,0.00413,0.0264,0.00268,0,0.201,0.0176,0.013,0.004,0.0415,0.0127,0.00326,0.00147,0.0155,0.00823,0.00267,0.00202,0.00307,0.0104,0.00125,0.000275,0.000938,0.00228,0.0287,0.00173,0.0017,0.00473,0.0013,0.00795,0.00652,0.00159,0.00501,0.00444,0.00354,0.00216,0.0196,0.00619,0.000931,0.0593,0.0044,0.00409,0.0535,0.0343,0.00333,0.00143,0.00809,0.00185,0.000487,0.00284,0.00403,0,0.000935,0.000798,0.00295,0.0011,0.0022,0.00472,0.00308,0.00141,0.000715,0.00134,0.00372,0.0011,0.000237,0.00224,0.000424,0.0024,0.000745,0.000709,0.00144,0.000313,0.0018,0.000749,0.00242,0.00227,0.00111,0.00145,0.00821,0.000854,0.00289,0.0069,0,0.000774,0.00203,0.000531,0.000235,0.000688,0.000486,0.00283,0.000293,0.00172,0.44,0.0669,0.000476,0.00111,0.000424
12,Egg_ID1126_File37_T37_5dwell30,0,0.000985,1.49,0.0255,0.547,0.00654,0.0556,0.000377,0.000548,0.00103,0.000411,0.454,0.0132,3.08,1.02,0.0283,0.00135,0.329,0.134,0.00338,0.000318,0.0645,0.0124,0.000115,0.338,0.0128,0.00018,0.0456,0.0765,0.0672,0.000418,9.61E-05,0.292,0.0264,0.000317,0.362,0.256,0.00812,0.000264,0.491,0.612,0.0205,0.000717,0.226,0.0548,0.000468,0.249,0.0371,0.01,0.133,0.0401,0.101,0.00874,0.000216,0.0464,0.0324,0.00029,0.0353,0.131,0.0103,0.000207,0.137,0.167,0.00553,0.0004,0.0878,0.2,0.000256,0.133,0.102,0.024,0.72,0.0194,0.0644,0.0479,0.00815,0.19,0.0449,0.00593,0.0997,0.0512,0.00759,0.000315,0.0254,0.0526,0.00646,0.000111,0.0531,0.151,0.000309,0.0575,0.0325,0.0999,0.0309,0.00292,0.0446,0.0414,0.00933,0.0174,0.017,0.0091,0.0559,0.00575,0.03,0.0411,0.0249,0.0119,0.0176,0.00961,0.000413,0.0174,0.0256,8.18E-05,0.0232,0.0254,0.0896,0.017,0.00121,0.0141,0.0246,0.0344,0.0205,0.0181,0.0136,0.00524,0.0202,0.0147,0.00328,0.00474,0.0129,0.00936,0.00598,0.00728,0.0154,0.000825,0.0028,0.00671,0.017,0.00645,0.00135,0.00808,0.011,0.0472,0.00394,0.0229,0.00306,0,0.116,0.0144,0.0136,0.00375,0.0382,0.0126,0.00259,0.00127,0.0195,0.00716,0.00228,0.00188,0.00317,0.00689,0.00102,0.000285,0.00106,0.0025,0.0233,0.00125,0.00146,0.00376,0.00106,0.00813,0.00526,0.00154,0.00437,0.00433,0.004,0.00223,0.0196,0.00624,0.000905,0.0342,0.00265,0.00312,0.03,0.0198,0.00322,0.00113,0.00566,0.00157,0.000622,0.00283,0.00278,0,0.000772,0.000665,0.00227,0.00115,0.00195,0.00363,0.00259,0.00136,0.000691,0.00157,0.00342,0.0011,0.000209,0.0021,0.000498,0.00186,0.000756,0.000511,0.00124,0.000272,0.00152,0.00068,0.0019,0.00198,0.000999,0.00104,0.00438,0.00055,0.00208,0.00422,0,0.00076,0.00196,0.000696,0.000292,0.000562,0.000389,0.00331,0.00039,0.00185,0.209,0.0323,0.00035,0.000737,0.000266
13,Egg_ID1131_File37_T37_5dwell30,0,0.000457,0.965,0.0157,0.455,0.00352,0.0487,0.00017,0.000332,0.000826,0.000368,0.257,0.00617,2.23,0.562,0.0151,0.000829,0.225,0.0716,0.00194,7.93E-05,0.062,0.00837,0.000129,0.284,0.0132,9.83E-05,0.0303,0.0462,0.0292,7.09E-05,3.63E-05,0.196,0.0223,0.000221,0.265,0.172,0.00578,0.000153,0.287,0.36,0.0122,0.00079,0.105,0.0275,7.57E-05,0.153,0.0234,0.00603,0.106,0.0228,0.0659,0.00748,6.87E-05,0.0268,0.0232,0.000175,0.0258,0.0727,0.00808,5.68E-05,0.0784,0.092,0.00377,0.000248,0.0405,0.0887,0.000158,0.0938,0.0556,0.0126,0.687,0.0166,0.0369,0.0341,0.00596,0.0955,0.0249,0.00582,0.0179,0.0241,0.00384,0.000233,0.0118,0.025,0.00401,8.92E-05,0.0248,0.0614,0.000163,0.0315,0.0131,0.0555,0.0263,0.00241,0.0226,0.0246,0.00357,0.0102,0.00909,0.00624,0.0507,0.00427,0.0195,0.0312,0.0393,0.00743,0.00838,0.00354,0.000155,0.00689,0.00999,0.000149,0.0119,0.013,0.0355,0.0104,0.000524,0.00646,0.0101,0.0142,0.0107,0.0078,0.00631,0.00303,0.0115,0.00644,0.00204,0.00388,0.0077,0.00575,0.00355,0.00327,0.00705,0.000333,0.00134,0.00361,0.00767,0.00237,0.000904,0.00316,0.0045,0.0169,0.00214,0.00872,0.00118,0,0.0708,0.00545,0.00499,0.00164,0.0151,0.0039,0.0011,0.000917,0.00712,0.00226,0.00133,0.00153,0.00127,0.00349,0.000914,0.00042,0.000556,0.000782,0.00865,0.000825,0.000748,0.00193,0.000636,0.00221,0.00209,0.000517,0.00129,0.00178,0.00146,0.000854,0.00385,0.00164,0.000486,0.0191,0.0016,0.00137,0.0149,0.00931,0.00314,0.000436,0.00193,0.0008,0.000194,0.00103,0.00184,0,0.000316,0.00037,0.00113,0.000261,0.000987,0.0018,0.0012,0.000594,0.000423,0.000754,0.00117,0.00113,0,0.00101,0.000396,0.000867,0.000255,0.000182,0.000887,0.000355,0.00102,0.000164,0.00113,0.00179,0.000538,0.000531,0.00456,0.000542,0.000898,0.00427,0,0.000264,0.000541,0.000495,0.000205,0.000323,0.000251,0.00209,0.000222,0.00165,0.218,0.0333,0.000357,0.000416,6.25E-05
15,Egg_ID1133_File38_T37_5dwell30,0,0.000866,1.45,0.0262,0.574,0.00603,0.0793,0.000336,0.000586,0.00102,0.000504,0.464,0.0141,2.95,1.17,0.0337,0.00148,0.367,0.13,0.00337,0.000352,0.0739,0.017,0.00016,0.592,0.0155,0.000293,0.0473,0.0753,0.0818,0.000417,0.000109,0.302,0.0315,0.000293,0.335,0.268,0.00887,0.000297,0.616,0.651,0.023,0.0011,0.229,0.0553,0.000649,0.254,0.0582,0.0121,0.137,0.0397,0.128,0.013,0.000294,0.0456,0.0365,0.000343,0.0358,0.14,0.0115,0.000182,0.139,0.159,0.00629,0.000297,0.0964,0.185,0.000366,0.127,0.121,0.022,0.718,0.0236,0.0799,0.0888,0.0117,0.228,0.0538,0.00819,0.119,0.0512,0.0086,0.000488,0.0253,0.0524,0.00763,0.000183,0.0514,0.131,0.000232,0.0643,0.0308,0.0872,0.0299,0.00325,0.0462,0.047,0.00843,0.0163,0.0194,0.0117,0.0555,0.00647,0.034,0.0557,0.0398,0.0115,0.0176,0.0124,0.00033,0.0171,0.0232,0.00011,0.0354,0.0293,0.074,0.0276,0.000307,0.0175,0.0255,0.0287,0.019,0.0196,0.015,0.00537,0.0211,0.0168,0.00382,0.00447,0.0152,0.0129,0.00628,0.00688,0.0147,0.0013,0.00255,0.00669,0.0138,0.00546,0.00109,0.00725,0.0108,0.037,0.00284,0.026,0.00293,0,0.212,0.0177,0.0135,0.00404,0.0445,0.0118,0.003,0.00156,0.0122,0.00636,0.00278,0.00167,0.0028,0.0064,0.00109,0.000168,0.000815,0.00242,0.0211,0.00165,0.00158,0.00426,0.00136,0.00447,0.0055,0.00146,0.00348,0.00317,0.0041,0.00206,0.0108,0.00493,0.000945,0.0599,0.00483,0.0032,0.0509,0.0384,0.0036,0.00125,0.00532,0.00186,0.000569,0.00226,0.00364,0,0.000806,0.000957,0.0026,0.000835,0.0021,0.00399,0.00204,0.00101,0.000576,0.00117,0.0031,0.000883,0.000295,0.00161,0.000616,0.00195,0.000536,0.000629,0.0017,0.000417,0.00144,0.000376,0.00251,0.00212,0.0011,0.00109,0.00912,0.000849,0.00176,0.00781,0,0.000532,0.00159,0.000671,0.000226,0.000513,0.000408,0.00202,0.000319,0.00212,0.45,0.0782,0.000468,0.000819,0.0005
16,Egg_ID1134_File38_T37_5dwell30,-1,0.00104,1.49,0.0262,0.542,0.00771,0.0563,0.000312,0.00082,0.000893,0.000463,0.456,0.0148,2.97,0.913,0.025,0.001,0.318,0.141,0.00389,0.000353,0.0676,0.0133,0.000149,0.347,0.0122,0.000334,0.0468,0.0836,0.0914,0.000595,0.000157,0.28,0.0256,0.000249,0.312,0.251,0.00793,0.000281,0.542,0.607,0.0208,0.000791,0.216,0.0539,0.00066,0.263,0.0318,0.00964,0.137,0.0398,0.101,0.0123,0.000231,0.0449,0.0408,0.000465,0.0358,0.123,0.0099,0.000179,0.131,0.163,0.00605,0.000271,0.0837,0.206,0.000314,0.118,0.0962,0.0264,0.727,0.0195,0.0688,0.0348,0.00815,0.224,0.0464,0.00576,0.129,0.0513,0.00875,0.000366,0.0268,0.0487,0.00702,0.000133,0.0519,0.143,0.000212,0.0596,0.0303,0.0874,0.032,0.00259,0.0429,0.0388,0.008,0.0158,0.017,0.0107,0.0587,0.00607,0.0281,0.04,0.0265,0.0123,0.0169,0.0149,0.000371,0.0192,0.0239,0.000109,0.0324,0.0219,0.0828,0.0265,0.001,0.015,0.0234,0.0311,0.0188,0.0185,0.0123,0.00512,0.0175,0.0131,0.00349,0.005,0.012,0.0104,0.00644,0.00677,0.0152,0.00134,0.00314,0.00666,0.0165,0.00689,0.00153,0.00962,0.0102,0.0454,0.00338,0.0279,0.00301,0,0.17,0.0168,0.012,0.00361,0.0384,0.0104,0.00291,0.00118,0.0136,0.00638,0.00249,0.00188,0.00316,0.00623,0.00118,0.000315,0.000959,0.00253,0.0233,0.00171,0.00183,0.00423,0.00149,0.00775,0.00494,0.00146,0.00442,0.00423,0.00342,0.00278,0.0185,0.00494,0.000944,0.0471,0.00359,0.0034,0.0461,0.0328,0.00362,0.00156,0.0053,0.00159,0.00065,0.00249,0.00341,0,0.00103,0.000926,0.00353,0.00134,0.00212,0.00352,0.00241,0.00125,0.000636,0.00142,0.003,0.000947,0.000161,0.00208,0.000454,0.00171,0.000754,0.000559,0.00117,0.000304,0.0015,0.00069,0.00203,0.00215,0.00137,0.0011,0.00736,0.000903,0.00244,0.00774,0,0.000594,0.00183,0.000598,0.000248,0.000602,0.000464,0.00294,0.00036,0.00204,0.448,0.0746,0.00048,0.000735,0.000328
17,Egg_ID1135_File38_T37_5dwell30,0,0.00115,1.36,0.0227,0.574,0.00607,0.0703,0.000342,0.000616,0.000837,0.000401,0.441,0.013,2.92,1.02,0.0276,0.00114,0.333,0.129,0.00312,0.000316,0.0669,0.017,7.43E-05,0.331,0.0121,0.000156,0.0479,0.0719,0.0627,0.000399,0.000103,0.273,0.0262,0.000206,0.309,0.249,0.00786,0.000408,0.504,0.735,0.0255,0.000826,0.223,0.054,0.000719,0.255,0.0483,0.0127,0.137,0.0359,0.107,0.00943,0.000189,0.0414,0.0316,0.00032,0.0335,0.116,0.00916,0.000176,0.128,0.154,0.00589,0.00023,0.0743,0.173,0.000305,0.121,0.0976,0.0222,0.741,0.0209,0.0676,0.0711,0.00997,0.225,0.0417,0.0058,0.124,0.0436,0.00737,0.000303,0.0253,0.0454,0.00573,0.000149,0.0439,0.13,0.000252,0.0553,0.0247,0.0826,0.0298,0.00303,0.0398,0.0327,0.00771,0.0147,0.0156,0.00781,0.0586,0.00556,0.027,0.0427,0.0248,0.0114,0.0155,0.00921,0.000306,0.0159,0.0214,0.000155,0.031,0.0186,0.0788,0.0264,0.000386,0.0138,0.0172,0.0299,0.0169,0.0164,0.00964,0.00436,0.0166,0.0109,0.00323,0.005,0.0112,0.00824,0.00643,0.00622,0.0131,0.000966,0.0028,0.00606,0.0143,0.00546,0.00136,0.00773,0.00732,0.0383,0.00307,0.0186,0.00221,0,0.186,0.0159,0.00952,0.00307,0.0381,0.00939,0.00208,0.00112,0.013,0.00563,0.00221,0.0017,0.00264,0.00588,0.00123,0.000288,0.000833,0.00212,0.0213,0.0014,0.00132,0.0034,0.00146,0.00595,0.00361,0.00136,0.00378,0.00307,0.00269,0.00169,0.0124,0.00408,0.00105,0.0537,0.00396,0.00279,0.0506,0.0355,0.00328,0.00119,0.005,0.00158,0.000525,0.00195,0.00346,0,0.00123,0.000427,0.00323,0.000956,0.00145,0.00378,0.00204,0.00149,0.00057,0.00114,0.00223,0.000764,0.000376,0.00155,0.000386,0.00159,0.000667,0.000592,0.00134,0.000223,0.00132,0.000591,0.00178,0.00183,0.000997,0.000996,0.00725,0.000936,0.00172,0.00645,0,0.000642,0.00155,0.000542,0.000204,0.000468,0.000481,0.00215,0.000367,0.00175,0.389,0.0623,0.000558,0.000758,0.00037
19,Egg_ID1136_File38_T37_5dwell30,0,0.000932,1.77,0.0305,0.537,0.00752,0.0604,0.000305,0.000452,0.000784,0.000536,0.486,0.0127,2.93,1.16,0.032,0.00132,0.344,0.166,0.00458,0.000314,0.067,0.0115,0.00018,0.465,0.0136,0.000276,0.0456,0.0807,0.0652,0.000345,8.46E-05,0.355,0.0308,0.000275,0.301,0.308,0.00974,0.000296,0.696,0.838,0.0288,0.000995,0.191,0.0676,0.000444,0.247,0.0411,0.00901,0.138,0.0454,0.123,0.0101,0.000281,0.0543,0.0344,0.00037,0.0343,0.173,0.0122,0.000214,0.122,0.198,0.00734,0.000219,0.0998,0.253,0.000374,0.121,0.114,0.0306,0.727,0.0213,0.0932,0.0281,0.00935,0.179,0.0503,0.00705,0.0731,0.0658,0.00943,0.000238,0.0264,0.0682,0.00665,0.000235,0.0524,0.184,0.000357,0.0596,0.0322,0.123,0.0309,0.00289,0.0467,0.0491,0.0119,0.0196,0.0194,0.0116,0.0607,0.00558,0.0396,0.056,0.035,0.0124,0.0255,0.0125,0.000408,0.0205,0.0321,0.000145,0.0388,0.0309,0.115,0.0281,0.00123,0.017,0.0284,0.0463,0.019,0.0221,0.0177,0.00463,0.0258,0.0208,0.00501,0.00519,0.0192,0.0126,0.00734,0.00853,0.0211,0.00127,0.00272,0.00641,0.0217,0.00606,0.00153,0.0077,0.0136,0.0556,0.00399,0.0256,0.00347,0,0.237,0.0218,0.0157,0.00525,0.0498,0.0168,0.00364,0.00152,0.013,0.00926,0.00323,0.00172,0.00319,0.0108,0.00108,0.000435,0.00098,0.00313,0.0291,0.003,0.00154,0.00501,0.00227,0.00797,0.00669,0.00181,0.00429,0.00468,0.00506,0.00263,0.0154,0.00694,0.0013,0.0654,0.00483,0.00427,0.0529,0.0374,0.0036,0.00139,0.00805,0.00179,0.000367,0.00282,0.00435,0,0.000845,0.000808,0.00275,0.00113,0.00275,0.00448,0.00299,0.00165,0.00062,0.00163,0.004,0.000888,0.000211,0.00188,0.000556,0.00235,0.000729,0.000684,0.00171,5.89E-05,0.00173,0.000443,0.0022,0.00296,0.0016,0.00133,0.0121,0.00126,0.003,0.0146,0,0.00101,0.00204,0.000676,0.00026,0.000576,0.00037,0.00254,0.000528,0.00278,0.881,0.146,0.000768,0.000812,0.000351
20,Egg_ID1141_File38_T37_5dwell30,0,0.000981,1.71,0.0298,0.581,0.00681,0.0872,0.000347,0.000746,0.00122,0.00049,0.545,0.0168,3.06,1.45,0.0402,0.00145,0.358,0.163,0.00425,0.000324,0.0708,0.0199,0.000162,0.414,0.0135,0.000316,0.0535,0.0843,0.0926,0.000446,0.000121,0.353,0.0303,0.000337,0.314,0.314,0.0104,0.000483,0.664,0.869,0.0294,0.00103,0.246,0.074,0.000772,0.281,0.0664,0.0155,0.145,0.0457,0.125,0.0103,0.00026,0.0554,0.0401,0.000412,0.0372,0.17,0.0117,0.000305,0.131,0.197,0.00753,0.000389,0.105,0.246,0.000278,0.125,0.123,0.0296,0.738,0.0184,0.0885,0.0971,0.0133,0.233,0.0523,0.00693,0.122,0.068,0.0101,0.000391,0.0285,0.0679,0.00693,0.000184,0.0604,0.18,0.000282,0.0614,0.0366,0.118,0.0339,0.00332,0.047,0.0468,0.0112,0.0176,0.0224,0.0107,0.0651,0.00574,0.037,0.0536,0.0299,0.0134,0.0274,0.0131,0.000413,0.0219,0.0323,0.000163,0.04,0.0303,0.112,0.0338,0.000718,0.0175,0.0276,0.0431,0.0218,0.023,0.0172,0.00554,0.023,0.0188,0.00424,0.00558,0.0174,0.0117,0.00716,0.00898,0.0221,0.00125,0.00341,0.00902,0.0216,0.00731,0.00212,0.0105,0.0132,0.0545,0.00456,0.0312,0.00343,0,0.247,0.0219,0.0166,0.00481,0.0512,0.015,0.00346,0.0017,0.0165,0.0092,0.00306,0.0019,0.00344,0.011,0.00115,0.000347,0.00106,0.00319,0.0296,0.00182,0.00209,0.00593,0.00156,0.00812,0.00611,0.00184,0.00604,0.00495,0.0046,0.00248,0.0214,0.00742,0.00107,0.0687,0.00532,0.00452,0.0683,0.0462,0.00364,0.00176,0.00925,0.00203,0.000549,0.00274,0.0043,0,0.000995,0.000967,0.00342,0.00124,0.00225,0.00534,0.00305,0.00146,0.000895,0.00192,0.00401,0.000632,0.000337,0.00245,0.000529,0.0025,0.000846,0.00074,0.00162,0.000275,0.00198,0.000621,0.00247,0.00322,0.00151,0.00155,0.013,0.00101,0.00288,0.00854,0,0.000964,0.00193,0.000674,0.000329,0.000852,0.000413,0.00297,0.000329,0.00253,0.453,0.0698,0.000656,0.000919,0.000429
21,Egg_ID1142_File39_R3_T37_5dwell30,1,0.00784,6.46,0.123,0.297,0.000887,0.00387,0.000101,0.00129,0.0215,0.0103,7.22,0.214,27.2,2.37,0.0858,0.0113,0.113,0.0251,0.000768,0.00014,0.0247,0.00138,0.000183,0.0594,0.00104,0.00015,0.0277,0.845,0.0313,0.00153,0.00146,9.68,0.424,0.0107,0.191,9.07,0.394,0.0102,1.86,0.389,0.0139,0.00179,0.00965,0.0103,0.000152,1.44,0.00495,0.00165,0.0411,0.0514,0.0192,0.000648,0.000127,0.0588,0.0127,0.000343,0.031,1.29,0.05,0.00222,0.144,10.6,0.575,0.0163,1.19,0.124,0.000875,0.0196,0.00599,0.00416,1.19,0.0408,0.0816,0.00177,0.000992,0.0213,0.00217,0.000373,0.00629,0.0135,0.000746,0.000142,0.0429,0.0259,0.00129,0.000122,0.165,0.117,0.000326,0.0192,0.015,1.25,0.0178,0.00161,0.0171,0.00212,0.00556,0.00309,0.0251,0.000348,0.0383,0.00439,0.0037,0.000983,0.000205,0.00535,0.00535,0.000752,5.22E-05,0.00146,0.0124,3.62E-05,0.0132,0.00346,0.0341,0.00266,0.000871,0.00902,0.0116,0.00609,0.00418,0.0428,0.00243,0.00277,0.00146,0.00056,0.000134,0.00232,0.00107,0.000294,0.000112,0.000492,0.00284,7.59E-05,0.000781,0.00328,0.00534,0.00511,0.00063,0.00127,0.000994,0.00987,0.00111,0.000574,0.000234,0.00196,0.00188,0.00221,0.00107,0.000201,0.00167,0.000751,0.00324,9.09E-05,0.00386,0.00078,8.27E-05,0.000762,0.0002,0.00137,0.000668,0.000153,0.000254,0.000312,0.00367,0.000294,0.00131,0.0017,0.000265,0.000416,0.000456,0.000231,0.000945,0.000385,0.000228,0.000212,0.000474,0.000453,9.66E-05,0.000841,0.000172,0.000498,0.000567,0.000251,0.00174,0.000167,0.00156,0.000222,8.44E-05,0.000161,0.000813,6.01E-05,0.000153,0.000116,0.000297,9.53E-05,0.000478,0.000356,0.000715,7.74E-05,0.000267,0.000124,0.000579,0.000599,0.00012,0.00059,9.16E-05,0.000439,0.000176,0.000158,0.000756,0.000134,0.000336,0.000128,0.000193,0.000633,0.000161,0.00016,0.000196,0.000105,0.00019,0.000117,0.000107,0.000102,0.000466,0.000573,9.05E-05,0.000121,0.000134,0.000144,0.000105,0.000184,0.00194,0.000279,7.39E-05,0.000112,4.33E-05
22,Egg_ID1143_File41_T37_5dwell30,-1,0.000717,1.53,0.027,0.478,0.00613,0.0391,0.000205,0.000293,0.00104,0.00044,0.351,0.0093,2.82,0.83,0.0223,0.000862,0.276,0.125,0.00305,0.00025,0.0526,0.00814,0.000146,0.265,0.0093,0.000138,0.0419,0.0865,0.0424,0.000244,8.97E-05,0.28,0.0262,0.000211,0.269,0.22,0.00679,0.000225,0.61,0.62,0.0213,0.000836,0.137,0.0479,0.0002,0.267,0.023,0.00521,0.168,0.0373,0.0975,0.00603,8.77E-05,0.043,0.0289,0.000211,0.0339,0.113,0.00921,0.000218,0.097,0.141,0.00512,0.000122,0.0762,0.181,0.000277,0.134,0.0679,0.0201,0.903,0.0217,0.0802,0.0179,0.00617,0.0935,0.0339,0.00369,0.0222,0.0466,0.00584,0.000293,0.0223,0.0461,0.00515,8.70E-05,0.0409,0.13,0.000189,0.0559,0.0236,0.0882,0.0269,0.00198,0.0361,0.0274,0.00826,0.0139,0.0133,0.00633,0.0651,0.00685,0.0265,0.0331,0.0237,0.0112,0.0172,0.00437,0.000208,0.015,0.0223,8.29E-05,0.0273,0.0194,0.0826,0.0207,0.00144,0.0135,0.0186,0.0323,0.0133,0.0148,0.00893,0.005,0.0156,0.00827,0.00251,0.00497,0.0114,0.00742,0.00617,0.00709,0.0146,0.000412,0.00233,0.00483,0.015,0.00354,0.00148,0.00525,0.00874,0.0402,0.00296,0.0231,0.00227,0,0.179,0.0154,0.0101,0.00245,0.0336,0.0104,0.00184,0.00102,0.0134,0.00618,0.00198,0.00154,0.0023,0.00651,0.00119,0.000336,0.000709,0.00193,0.0226,0.00266,0.00132,0.00355,0.00182,0.00494,0.00463,0.00124,0.00359,0.00311,0.00292,0.00148,0.013,0.00546,0.000554,0.056,0.00419,0.00312,0.0417,0.0283,0.00377,0.000754,0.00579,0.0014,0.000343,0.00172,0.00358,0,0.00057,0.0005,0.00195,0.000805,0.00156,0.00307,0.00218,0.000924,0.000589,0.00104,0.00306,0.000595,0.000134,0.00178,0.000369,0.00182,0.000431,0.000327,0.00143,0.000366,0.00128,0.00055,0.00176,0.00417,0.00117,0.00104,0.00884,0.000878,0.00141,0.0112,0,0.000673,0.00133,0.00064,0.000187,0.000452,0.000345,0.00261,0.000415,0.00468,0.718,0.121,0.000764,0.000694,0.000326
23,Egg_ID1144_File39_R3_T37_5dwell30,0,0.00121,1.56,0.0235,0.461,0.00668,0.0762,0.000248,0.000201,0.00155,0.000747,0.434,0.00911,2.51,1.21,0.0304,0.00181,0.307,0.147,0.00383,0.000427,0.0653,0.0183,0.000158,0.25,0.0169,0.000264,0.032,0.0773,0.046,0.000282,8.81E-05,0.343,0.0333,0.000474,0.385,0.276,0.00811,0.000525,0.659,0.648,0.021,0.00121,0.245,0.0589,0.000537,0.212,0.0494,0.0141,0.119,0.0393,0.106,0.0116,0.000219,0.0444,0.0259,0.00025,0.0292,0.128,0.0128,0.000293,0.124,0.165,0.00667,0.00035,0.0862,0.201,0.000423,0.154,0.123,0.0265,0.632,0.0242,0.0806,0.0847,0.0112,0.0993,0.0456,0.00763,0.0212,0.0466,0.00759,0.000326,0.0277,0.0532,0.00843,8.42E-05,0.0635,0.138,0.000307,0.0568,0.0428,0.0956,0.0224,0.0026,0.0461,0.0491,0.00858,0.0136,0.0177,0.00932,0.0402,0.00497,0.0247,0.041,0.0297,0.0104,0.0171,0.00553,0.000284,0.0195,0.0204,0.000134,0.0288,0.0263,0.0875,0.0193,0.00117,0.0139,0.0329,0.0333,0.0157,0.0217,0.0143,0.00412,0.0167,0.0144,0.00324,0.00408,0.011,0.0101,0.00676,0.00651,0.0134,0.000425,0.00257,0.00598,0.016,0.00352,0.00125,0.00608,0.00857,0.0414,0.00331,0.0479,0.00297,0,0.187,0.0146,0.0153,0.00386,0.0394,0.0102,0.00312,0.0016,0.017,0.00652,0.00277,0.00134,0.00235,0.00828,0.000861,0.000483,0.00103,0.00212,0.019,0.00104,0.00108,0.00351,0.000882,0.00489,0.00337,0.00113,0.0043,0.00306,0.00294,0.00185,0.0197,0.00573,0.000906,0.0589,0.00442,0.00295,0.0458,0.0337,0.00311,0.000955,0.00596,0.00126,0.000453,0.00199,0.00342,0,0.000642,0.000709,0.00253,0.000766,0.00152,0.00359,0.00189,0.00128,0.000594,0.0011,0.00274,0.000516,0.000227,0.00172,0.000416,0.00178,0.000806,0.000444,0.00146,0.000241,0.0016,0.000357,0.00218,0.00224,0.000704,0.00102,0.00668,0.000849,0.00154,0.00584,0,0.000505,0.00161,0.000404,0.000201,0.000517,0.000194,0.00172,0.000316,0.00252,0.43,0.051,0.000576,0.00105,0.000473
24,Egg_ID1145_File39_R3_T37_5dwell30,0,0.00211,0.913,0.0181,0.484,0.00171,0.0235,0.000228,0.0015,0.000277,0.000231,0.405,0.00859,2.14,0.651,0.0171,0.00175,0.276,0.0877,0.0042,0.000152,0.0543,0.00598,0,0.218,0.0058,0.000791,0.0542,0.0587,0.0646,0.000448,3.57E-05,0.209,0.0142,5.03E-05,0.0967,0.173,0.0035,1.25E-05,0.295,0.365,0.0133,0.00133,0.117,0.0357,0.00106,0.22,0.0349,0.00699,0.0706,0.0355,0.0753,0.0224,0.000343,0.0422,0.0297,0.000367,0.0472,0.0985,0.00866,0.000262,0.113,0.17,0.00255,7.61E-05,0.0461,0.141,0.000475,0.0504,0.0463,0.0116,0.639,0.0151,0.0484,0.0248,0.0035,0.298,0.033,0.0043,0.227,0.0377,0.00484,0.000398,0.0224,0.0502,0.00572,0.000132,0.0471,0.12,0.000428,0.0389,0.0283,0.0685,0.0243,0.00332,0.0195,0.021,0.00553,0.0138,0.0167,0.00482,0.0426,0.00619,0.0161,0.0211,0.00358,0.00955,0.0181,0.0103,0.000142,0.0156,0.0231,0,0.0398,0.0131,0.0664,0.03,0.000272,0.0114,0.0182,0.0232,0.0306,0.0147,0.011,0.00399,0.0089,0.0124,0.00218,0.00457,0.00676,0.00364,0.00143,0.00684,0.0133,0.000286,0.00466,0.0186,0.0157,0.0155,0.00136,0.0227,0.00741,0.0342,0.00172,0.0418,0.00359,0.00353,0.147,0.0131,0.013,0.00464,0.0242,0.0085,0.00421,0.00029,0.0194,0.00842,0.00148,0.00197,0.00435,0.00603,0.000277,0.000148,0.00104,0.00392,0.0119,0.00136,0.00299,0.00366,0.00081,0.0062,0.00506,0.00382,0.00799,0.00589,0.00439,0.000506,0.0291,0.00479,0.000617,0.036,0.00343,0.00401,0.0698,0.0435,0.00133,0.00288,0.00562,0.00251,0.000664,0.00252,0.00222,0,0.00212,0.000949,0.00365,0.00141,0.00399,0.0041,0.00294,0.000485,0.000895,0.000724,0.00291,0.00124,0,0.00333,0.000139,0.00327,0.000453,0.00133,0.0016,0.0011,0.00267,0.000237,0.000868,0.00369,0.00202,0.0015,0.00332,0.000877,0.000483,0.00246,0,0.00121,0.00184,0.000623,0.00127,0.00065,0.00276,0.0044,0.000433,0.00158,0.205,0.0233,0.000275,0.000856,0.000169
25,Egg_ID1146_File39_R3_T37_5dwell30,0,0.00135,1.58,0.023,0.462,0.00595,0.0881,0.000388,0.000242,0.00127,0.00078,0.455,0.00949,2.57,1.19,0.0293,0.00179,0.327,0.153,0.00311,0.00042,0.0681,0.0199,0.000177,0.346,0.0156,0.000491,0.0347,0.0732,0.0448,0.000213,0.000205,0.347,0.0332,0.000631,0.413,0.28,0.00884,0.000524,0.774,0.73,0.0237,0.00132,0.266,0.0627,0.000482,0.212,0.052,0.0155,0.13,0.0403,0.121,0.0121,0.00035,0.0455,0.0262,0.000288,0.0303,0.136,0.013,0.000338,0.142,0.172,0.00674,0.000305,0.0771,0.209,0.000342,0.164,0.121,0.0272,0.629,0.0206,0.0939,0.0763,0.012,0.111,0.0478,0.00845,0.0228,0.0467,0.00874,0.000399,0.0267,0.0523,0.00882,0.000241,0.0643,0.151,0.000263,0.0554,0.0324,0.0991,0.0243,0.00274,0.0463,0.0442,0.00926,0.0141,0.0149,0.00842,0.0389,0.00428,0.0258,0.0429,0.035,0.0109,0.0186,0.00524,0.000224,0.0189,0.0213,7.96E-05,0.0305,0.027,0.0928,0.0213,0.00119,0.0136,0.024,0.0353,0.0173,0.0189,0.0141,0.00436,0.0165,0.012,0.00333,0.00424,0.0112,0.00962,0.00693,0.00507,0.0153,0.000622,0.00234,0.00567,0.017,0.00351,0.00137,0.00683,0.00794,0.043,0.00321,0.0484,0.00232,0,0.2,0.0154,0.0117,0.00333,0.0369,0.00983,0.0023,0.00126,0.018,0.00643,0.00285,0.00134,0.00216,0.00797,0.000943,0.000331,0.000834,0.00192,0.0203,0.00129,0.00115,0.00327,0.00122,0.00417,0.00359,0.00119,0.00372,0.00283,0.00259,0.00193,0.0143,0.00418,0.000935,0.0605,0.00467,0.00304,0.0463,0.0309,0.00385,0.001,0.00634,0.00133,0.000617,0.00152,0.00357,0,0.000521,0.000516,0.00261,0.000611,0.00138,0.00392,0.00181,0.000839,0.000598,0.000985,0.0024,0.000553,0.000271,0.00147,0.000268,0.00172,0.000543,0.000529,0.00153,0.000334,0.00171,0.000575,0.0016,0.00225,0.00143,0.00114,0.0104,0.00108,0.00163,0.0109,0,0.000643,0.00156,0.000494,0.000249,0.000534,0.000311,0.00139,0.000542,0.00204,0.804,0.0956,0.00122,0.000898,0.000413
26,Egg_ID1151_File39_R3_T37_5dwell30,0,0.00105,0.915,0.0168,0.434,0.00213,0.0319,0.000433,0.00027,0.000403,4.45E-05,0.347,0.00903,1.91,0.645,0.0156,0.00144,0.226,0.0815,0.00297,0.000404,0.0493,0.00995,0.00021,0.2,0.005,1.27E-05,0.0477,0.0431,0.0422,6.30E-05,0.000124,0.207,0.0129,0.000153,0.0975,0.177,0.00522,0.000244,0.323,0.42,0.0154,0.00149,0.105,0.0419,0.00129,0.195,0.0223,0.0049,0.0749,0.029,0.0811,0.0159,0.000634,0.0402,0.0227,0.000143,0.0409,0.11,0.00414,0.000297,0.0829,0.167,0.00517,0.000159,0.0421,0.141,0.000134,0.0447,0.0423,0.0123,0.647,0.0261,0.0492,0.0171,0.00339,0.228,0.0347,0.00257,0.169,0.0466,0.00567,0.00114,0.0196,0.0444,0.00622,0.000684,0.0405,0.149,9.70E-05,0.0288,0.0201,0.0852,0.0257,0.00173,0.0175,0.0154,0.007,0.0125,0.0149,0.0039,0.049,0.00181,0.0149,0.0238,0.00441,0.00803,0.0128,0.00651,1.97E-05,0.016,0.0264,5.87E-05,0.0372,0.0162,0.0764,0.0248,0.00222,0.0081,0.0121,0.0288,0.0225,0.0162,0.00995,0.00341,0.0109,0.00548,0.00308,0.00463,0.00817,0.00627,0.00109,0.00609,0.0174,0.000475,0.00362,0.00842,0.0145,0.0087,0.00174,0.0245,0.00655,0.0306,0.00528,0.053,0.00274,0,0.131,0.0133,0.00692,0.00404,0.0304,0.00782,0.00231,0.00151,0.0201,0.00669,0.00228,0.00092,0.00315,0.00787,0.000734,0.000968,0.000455,0.0036,0.0189,0.000819,0.00418,0.00373,0.00147,0.00529,0.0055,0.00111,0.00491,0.00484,0.00236,0.00147,0.0226,0.004,0.00029,0.0452,0.00375,0.0024,0.0458,0.0369,0.00209,0.00216,0.00722,0.00107,0.00237,0.00277,0.0034,0,0.00155,0.000918,0.00378,0.001,0.00159,0.00214,0.00148,4.30E-05,0.00129,0.00113,0.00235,0.000321,0,0.00246,0.000636,0.00441,0.000782,0.000576,0.00126,0.000128,0.000959,0.00113,0.000666,0.00534,0.000392,0.000583,0.00396,0.000444,0.00134,0.00339,0,0.00219,0.00142,0.000337,0,0.0012,0.000998,0.0017,0.000658,0.00273,0.341,0.0478,0.00107,0.00219,7.12E-05
27,Egg_ID1152_File39_R3_T37_5dwell30,-1,0.00078,1.3,0.0191,0.395,0.0049,0.039,0.000348,0.000189,0.00109,0.000628,0.351,0.00754,2.13,0.785,0.0187,0.00101,0.264,0.107,0.00283,0.000325,0.0594,0.00763,0.000106,0.283,0.0139,0.000165,0.0319,0.0604,0.0347,0.000234,5.27E-05,0.298,0.0257,0.000349,0.312,0.231,0.00677,0.000488,0.699,0.564,0.0181,0.00145,0.165,0.0414,0.000193,0.183,0.0373,0.00497,0.116,0.0283,0.101,0.0107,0.000188,0.0319,0.0242,0.000279,0.0252,0.102,0.0103,0.00032,0.107,0.136,0.00544,0.000294,0.0523,0.152,0.000389,0.122,0.0868,0.0195,0.615,0.0236,0.0928,0.0256,0.00545,0.108,0.0327,0.00624,0.0257,0.0322,0.00668,0.000279,0.0139,0.0392,0.00669,0.000225,0.0335,0.103,0.000276,0.0376,0.017,0.0747,0.0215,0.00169,0.0298,0.0314,0.00564,0.00889,0.0097,0.00756,0.0411,0.0042,0.0217,0.0323,0.0375,0.00845,0.0135,0.00439,0.000325,0.0103,0.0155,0.000203,0.0358,0.0171,0.0651,0.0236,0.00143,0.00744,0.0136,0.0257,0.0105,0.0102,0.00952,0.00335,0.0109,0.00845,0.00247,0.0036,0.00805,0.00708,0.00436,0.00252,0.011,0.000251,0.00136,0.004,0.0134,0.00205,0.00128,0.0027,0.00501,0.0269,0.00202,0.015,0.00151,0,0.244,0.0144,0.00615,0.00188,0.0268,0.00552,0.00157,0.000659,0.00809,0.00353,0.00178,0.00104,0.00105,0.00606,0.000625,0.000397,0.000425,0.00121,0.0146,0.0013,0.000656,0.00244,0.00147,0.00147,0.00181,0.000884,0.00194,0.00131,0.00167,0.000819,0.00231,0.00227,0.000621,0.0696,0.00458,0.00204,0.0508,0.0363,0.00336,0.00096,0.00472,0.00136,0.000265,0.00111,0.00441,0,0.000536,0.000317,0.00134,0.00049,0.00103,0.00212,0.000867,0.000987,0.000365,0.000348,0.00124,0.000625,0.000384,0.000771,0.000356,0.000915,0.000393,0.000416,0.00176,0.0001,0.000854,0.000246,0.00107,0.00183,0.00131,0.000956,0.0121,0.000948,0.000976,0.0146,0,0.000634,0.00131,0.000666,0.000281,0.000217,0.000473,0.00103,0.000482,0.00117,1.17,0.143,0.00105,0.000956,0.000126
29,Egg_ID1153_File40_T37_5dwell30,0,0.00102,1.32,0.0224,0.478,0.00483,0.0347,0.000193,0.000511,0.000834,0.000426,0.389,0.0123,2.7,0.779,0.0218,0.000942,0.285,0.11,0.0028,0.000278,0.0547,0.00769,0.000142,0.256,0.00867,0.000165,0.0467,0.0708,0.0488,0.000191,8.97E-05,0.266,0.0217,0.000318,0.253,0.221,0.00678,0.000204,0.552,0.561,0.0194,0.000703,0.191,0.0462,0.000592,0.261,0.0279,0.00599,0.147,0.0346,0.0981,0.0068,0.000135,0.0398,0.0307,0.000318,0.0339,0.113,0.00847,0.000197,0.113,0.147,0.00577,0.000318,0.0617,0.175,0.000275,0.111,0.0692,0.0197,0.801,0.0226,0.0778,0.017,0.00503,0.221,0.0357,0.00425,0.127,0.0444,0.00687,0.000361,0.021,0.0448,0.00531,0.00011,0.0376,0.137,0.000279,0.0442,0.0221,0.0891,0.0281,0.00243,0.0326,0.0241,0.00797,0.0135,0.012,0.00535,0.0624,0.0057,0.0257,0.0292,0.0186,0.00995,0.0165,0.00761,0.00027,0.0153,0.0235,9.77E-05,0.0358,0.015,0.0845,0.0316,0.00104,0.0104,0.0137,0.0316,0.0172,0.0123,0.00773,0.00457,0.0143,0.0078,0.00222,0.00429,0.011,0.00623,0.00436,0.00495,0.0138,0.00061,0.00223,0.00482,0.0155,0.00464,0.00119,0.00632,0.00852,0.0425,0.00295,0.0162,0.00219,0,0.242,0.0175,0.00731,0.00225,0.039,0.00998,0.00205,0.000826,0.0167,0.00569,0.00177,0.00164,0.00224,0.00608,0.000975,0.000239,0.000795,0.00185,0.0234,0.00261,0.000999,0.00334,0.00216,0.00512,0.00364,0.00127,0.00396,0.00289,0.00282,0.0013,0.0123,0.00467,0.00061,0.0689,0.00451,0.00266,0.0685,0.0458,0.00401,0.00107,0.00491,0.00218,0.000519,0.00202,0.00458,0,0.000802,0.00058,0.00221,0.000735,0.00115,0.00309,0.00207,0.000955,0.000587,0.00117,0.00268,0.000782,0.0002,0.00168,0.000584,0.00203,0.000698,0.000405,0.00174,0.000109,0.00143,0.000553,0.00171,0.00363,0.00146,0.000973,0.0119,0.000957,0.00168,0.0124,0,0.000776,0.00169,0.000704,0.000177,0.000452,0.000417,0.00224,0.000452,0.00385,0.799,0.135,0.000518,0.000622,0.000338
30,Egg_ID1154_File40_T37_5dwell30,0,0.000755,1.97,0.033,0.542,0.00897,0.0586,0.000265,0.000303,0.000956,0.000619,0.49,0.0113,3.26,1.22,0.0324,0.00136,0.337,0.179,0.00408,0.000258,0.0649,0.0106,0.000247,0.617,0.0128,0.000304,0.0499,0.0988,0.049,0.000207,7.90E-05,0.404,0.0347,0.000398,0.329,0.313,0.0103,0.000299,0.756,0.865,0.0298,0.00123,0.184,0.07,0.000246,0.277,0.0399,0.00873,0.156,0.0511,0.131,0.00971,0.000235,0.0614,0.0311,0.000311,0.0369,0.197,0.013,0.000231,0.126,0.2,0.00726,0.00037,0.117,0.27,0.000434,0.141,0.118,0.0342,0.819,0.0214,0.0965,0.024,0.00884,0.123,0.0542,0.00737,0.0275,0.0741,0.00975,0.000236,0.0285,0.075,0.00837,0.000213,0.0594,0.182,0.000378,0.0717,0.0332,0.127,0.0325,0.00257,0.0492,0.0503,0.0117,0.0212,0.0232,0.0127,0.0676,0.00622,0.0409,0.0587,0.039,0.0129,0.0319,0.00798,0.000442,0.0231,0.0347,0.000179,0.0336,0.032,0.121,0.0227,0.000722,0.0193,0.0295,0.046,0.0188,0.0233,0.018,0.00584,0.0254,0.0186,0.00517,0.00541,0.0199,0.0135,0.00893,0.00936,0.0255,0.000919,0.00282,0.00754,0.0253,0.00449,0.00173,0.00737,0.0156,0.0565,0.00428,0.0326,0.00322,0,0.2,0.0204,0.0181,0.00493,0.0462,0.017,0.00377,0.00179,0.0144,0.0102,0.00409,0.00145,0.00305,0.0128,0.001,0.000314,0.00118,0.00349,0.0314,0.00291,0.00184,0.00664,0.00206,0.00648,0.00723,0.00205,0.00377,0.00472,0.00503,0.00289,0.0149,0.00787,0.00142,0.0582,0.00432,0.00486,0.0427,0.0315,0.00357,0.00144,0.00947,0.00192,0.000457,0.00265,0.00401,0,0.000893,0.000944,0.0029,0.00111,0.00301,0.00508,0.00327,0.00151,0.000748,0.00138,0.00447,0.000776,0.000439,0.00158,0.00047,0.00279,0.000611,0.000631,0.00138,0.000393,0.00187,0.000596,0.00281,0.00652,0.00159,0.00157,0.0108,0.000873,0.0028,0.0128,0,0.000638,0.00217,0.000906,0.000267,0.000893,0.000342,0.00255,0.000528,0.00497,0.864,0.142,0.000847,0.000873,0.000221
31,Egg_ID1155_File40_T37_5dwell30,0,0.00105,1.72,0.0299,0.526,0.00738,0.0471,0.000233,0.000717,0.00118,0.00044,0.494,0.0153,2.93,1.04,0.0286,0.00114,0.338,0.149,0.00414,0.000285,0.0609,0.0102,0.000111,0.378,0.011,0.000287,0.0503,0.0775,0.077,0.000382,8.15E-05,0.33,0.0277,0.000384,0.284,0.284,0.00933,0.000356,0.635,0.794,0.0273,0.00105,0.207,0.0626,0.000711,0.286,0.0412,0.00733,0.152,0.0416,0.123,0.0103,0.000235,0.0492,0.0386,0.000525,0.0346,0.152,0.0109,0.000253,0.128,0.189,0.00683,0.000274,0.0821,0.242,0.000214,0.122,0.0987,0.0292,0.81,0.0196,0.0934,0.0224,0.0073,0.225,0.0457,0.00526,0.122,0.0588,0.0088,0.000303,0.0242,0.0631,0.00661,0.000256,0.0472,0.176,0.00023,0.0535,0.0251,0.111,0.0302,0.00244,0.0403,0.0359,0.00943,0.0166,0.0161,0.00982,0.065,0.00555,0.0316,0.0447,0.0264,0.0121,0.0255,0.0111,0.000345,0.0184,0.0323,0.000111,0.0409,0.0232,0.111,0.0312,0.00141,0.0134,0.0205,0.0414,0.0198,0.0177,0.0121,0.00546,0.0189,0.0131,0.00337,0.00466,0.015,0.00972,0.00532,0.0065,0.021,0.000697,0.00262,0.00657,0.0216,0.00531,0.00135,0.0081,0.0121,0.0535,0.00338,0.0225,0.00261,0,0.249,0.02,0.0127,0.00386,0.0441,0.0137,0.00296,0.00109,0.0173,0.0083,0.00234,0.00158,0.0026,0.0094,0.00114,0.000467,0.00101,0.00248,0.029,0.00294,0.00169,0.00441,0.00253,0.00586,0.00525,0.00155,0.00373,0.00375,0.00394,0.00211,0.0136,0.00605,0.0008,0.07,0.00529,0.00378,0.0655,0.0428,0.00457,0.00122,0.00818,0.00207,0.000734,0.00216,0.00493,0,0.000715,0.000863,0.00249,0.000987,0.00239,0.00377,0.00244,0.00144,0.000638,0.00136,0.00328,0.000751,0.000258,0.00174,0.000545,0.00213,0.000622,0.000663,0.0018,0.000208,0.00155,0.00067,0.00206,0.00404,0.00154,0.00125,0.012,0.00115,0.00235,0.0141,0,0.000944,0.00204,0.000559,0.000184,0.000657,0.000457,0.00264,0.000427,0.00362,0.917,0.151,0.000737,0.000862,0.000217
32,Egg_ID1156_File40_T37_5dwell30,1,0.00116,1.92,0.0329,0.605,0.00735,0.0587,0.000311,0.000899,0.00116,0.00046,0.594,0.0176,3.2,1.51,0.0424,0.00143,0.376,0.179,0.0044,0.000258,0.069,0.0118,0.000199,0.55,0.0126,0.000247,0.0592,0.0876,0.109,0.000424,0.000126,0.389,0.0334,0.000356,0.305,0.34,0.0107,0.000361,0.628,0.884,0.0312,0.00108,0.242,0.082,0.000952,0.32,0.0565,0.00922,0.162,0.0509,0.139,0.0122,0.000263,0.0614,0.0456,0.000469,0.0392,0.188,0.0135,0.00027,0.146,0.218,0.00794,0.000306,0.107,0.285,0.000417,0.135,0.121,0.0331,0.83,0.0215,0.0917,0.0841,0.00958,0.279,0.0624,0.00703,0.158,0.0768,0.0106,0.000426,0.0274,0.0819,0.00894,0.000244,0.0575,0.209,0.000253,0.0603,0.0346,0.135,0.0334,0.0028,0.0495,0.0477,0.0132,0.0203,0.0212,0.0113,0.0656,0.00621,0.0398,0.0572,0.0324,0.0131,0.0358,0.0163,0.000409,0.0225,0.0394,0.000125,0.0398,0.0297,0.136,0.0339,0.000729,0.0184,0.0307,0.0521,0.023,0.0227,0.0172,0.00565,0.0233,0.0184,0.00461,0.00548,0.0179,0.0128,0.00664,0.00899,0.0269,0.00118,0.00336,0.00911,0.0266,0.00835,0.00185,0.0102,0.0159,0.0696,0.00427,0.0296,0.00387,0,0.243,0.0221,0.0167,0.00538,0.0519,0.0174,0.00389,0.00158,0.0193,0.0111,0.00318,0.00168,0.00416,0.014,0.00125,0.000453,0.00117,0.00349,0.0333,0.00239,0.00254,0.0061,0.00203,0.00858,0.007,0.0023,0.00503,0.00527,0.00583,0.003,0.0174,0.00849,0.00112,0.0708,0.00501,0.00574,0.0784,0.0508,0.00421,0.0021,0.0121,0.00216,0.000625,0.00275,0.00522,0,0.000917,0.000914,0.00313,0.00124,0.0029,0.00523,0.00303,0.00146,0.000656,0.00198,0.00485,0.000705,0.000307,0.00211,0.000637,0.00334,0.000993,0.000851,0.00159,0.000415,0.00236,0.00072,0.00257,0.00428,0.00157,0.00163,0.0125,0.000981,0.00279,0.00998,0,0.000787,0.00265,0.000617,0.000217,0.000827,0.00069,0.00331,0.000441,0.00371,0.579,0.096,0.000641,0.00105,0.000351
33,Egg_ID1161_File40_T37_5dwell30,0,0.00107,1.8,0.032,0.576,0.00806,0.043,0.000169,0.000971,0.00124,0.000586,0.557,0.0192,3.22,1.3,0.0375,0.00153,0.358,0.162,0.00436,0.000396,0.0649,0.00932,0.00025,0.363,0.0115,0.000215,0.055,0.09,0.114,0.000518,0.000163,0.355,0.0299,0.000348,0.303,0.313,0.0105,0.000379,0.796,0.828,0.0309,0.000982,0.249,0.0696,0.0008,0.328,0.0539,0.00707,0.157,0.0528,0.14,0.0116,0.00031,0.0594,0.0453,0.000534,0.0403,0.172,0.0126,0.000301,0.149,0.199,0.0076,0.000367,0.11,0.255,0.000438,0.134,0.117,0.0309,0.836,0.0252,0.103,0.0563,0.00702,0.267,0.0563,0.00642,0.164,0.0678,0.0112,0.00036,0.0289,0.0724,0.00833,0.000294,0.0734,0.18,0.000342,0.0622,0.0387,0.116,0.0318,0.00277,0.0475,0.0448,0.0105,0.0183,0.0242,0.0104,0.0657,0.00651,0.0344,0.0479,0.0242,0.0131,0.0297,0.0172,0.000417,0.023,0.0344,0.000152,0.04,0.0295,0.111,0.0341,0.000415,0.0165,0.0325,0.0428,0.0208,0.0243,0.0163,0.00621,0.0198,0.0175,0.00416,0.00532,0.0162,0.011,0.00686,0.00854,0.0227,0.000947,0.00307,0.00833,0.0232,0.00772,0.00152,0.0107,0.0141,0.0576,0.00329,0.0476,0.00434,0,0.225,0.0204,0.0174,0.00501,0.0489,0.0132,0.00375,0.00155,0.0154,0.00974,0.00271,0.00154,0.00355,0.012,0.0011,0.000333,0.00102,0.00313,0.03,0.00215,0.00231,0.00628,0.00157,0.0074,0.00602,0.00215,0.00442,0.00489,0.00539,0.00288,0.0204,0.00815,0.0011,0.0659,0.00505,0.00442,0.0703,0.0504,0.00361,0.0018,0.00915,0.00248,0.000737,0.00319,0.00522,0,0.000762,0.00117,0.00276,0.00105,0.00336,0.00469,0.00325,0.00164,0.000752,0.00181,0.00414,0.00073,0.000393,0.00221,0.000693,0.00245,0.000721,0.000739,0.00183,0.000325,0.00181,0.000769,0.00228,0.00371,0.0015,0.00152,0.00905,0.000876,0.00237,0.00778,0,0.000777,0.0021,0.000602,0.000268,0.000835,0.000536,0.00313,0.000458,0.00348,0.431,0.072,0.000529,0.000841,0.000378
34,Egg_ID1162_File40_T37_5dwell30,0,0.00117,1.45,0.0237,0.49,0.00513,0.0392,0.000255,0.000485,0.000746,0.000509,0.445,0.0132,2.94,0.914,0.0247,0.00123,0.319,0.122,0.00361,0.000442,0.0589,0.00841,0.000151,0.35,0.0103,0.000321,0.0513,0.0792,0.0708,0.00035,0.000148,0.305,0.0262,0.000323,0.281,0.263,0.00789,0.000439,0.704,0.689,0.0237,0.00114,0.207,0.0528,0.00084,0.295,0.0389,0.00623,0.153,0.0423,0.121,0.0103,0.000233,0.0471,0.0352,0.000501,0.0363,0.143,0.00999,0.000301,0.136,0.17,0.00618,0.000297,0.0826,0.202,0.00028,0.123,0.0941,0.0225,0.836,0.0187,0.0947,0.0198,0.00614,0.256,0.0442,0.00519,0.148,0.0536,0.00787,0.000384,0.0248,0.0572,0.00725,0.000134,0.0553,0.154,0.000161,0.0562,0.0256,0.0979,0.0285,0.00273,0.0403,0.0325,0.00871,0.0154,0.0167,0.00746,0.0661,0.00589,0.0321,0.0391,0.0202,0.011,0.0216,0.0119,0.000294,0.0196,0.028,0.000101,0.0388,0.0212,0.0945,0.0313,0.00118,0.0136,0.0185,0.0343,0.0164,0.0171,0.0105,0.00505,0.0182,0.0109,0.00239,0.00463,0.0135,0.00839,0.00393,0.00684,0.0169,0.000952,0.00294,0.00706,0.0178,0.00552,0.00155,0.00743,0.00943,0.0467,0.00307,0.0333,0.00275,0,0.246,0.0196,0.0106,0.00296,0.0443,0.0127,0.00298,0.00125,0.012,0.00721,0.00188,0.00163,0.00257,0.00826,0.00104,0.00039,0.000914,0.00243,0.0242,0.00307,0.00175,0.00386,0.00237,0.00561,0.00446,0.00118,0.00349,0.00365,0.00363,0.00188,0.0135,0.00561,0.000795,0.0691,0.00519,0.00336,0.0643,0.0438,0.00453,0.00139,0.00728,0.00217,0.000338,0.00201,0.00497,0,0.000522,0.000788,0.00237,0.000799,0.00188,0.00289,0.00259,0.00119,0.000706,0.00112,0.00311,0.000743,3.70E-06,0.00173,0.000717,0.00209,0.000582,0.000695,0.00152,0.000226,0.00151,0.000549,0.0014,0.0029,0.00155,0.00111,0.0114,0.00109,0.0017,0.0132,0,0.000799,0.00166,0.000516,0.000311,0.000604,0.00038,0.00263,0.000497,0.00264,0.936,0.151,0.000828,0.000842,0.000227
35,Egg_ID1163_File41_T37_5dwell30,-1,0.000981,1.43,0.0242,0.55,0.00599,0.0651,0.000202,0.000558,0.00085,0.000459,0.489,0.0143,3.13,1.11,0.0301,0.0012,0.338,0.124,0.00344,0.000429,0.0642,0.0146,0.000162,0.44,0.0123,0.00024,0.0566,0.0819,0.0885,0.000483,0.000121,0.304,0.0303,0.000332,0.295,0.264,0.00827,0.000339,0.617,0.661,0.023,0.000828,0.218,0.055,0.000702,0.318,0.0546,0.0107,0.165,0.0421,0.121,0.0118,0.000236,0.0468,0.0391,0.000377,0.0394,0.137,0.0113,0.000128,0.156,0.163,0.00626,0.000283,0.0946,0.183,0.000243,0.135,0.107,0.0208,0.879,0.0237,0.0855,0.0775,0.00938,0.267,0.0524,0.00685,0.158,0.0536,0.00882,0.00039,0.024,0.0543,0.00761,0.000179,0.0557,0.134,0.000326,0.0642,0.0305,0.0863,0.0307,0.00271,0.0439,0.0395,0.00761,0.0169,0.0188,0.00897,0.0646,0.00637,0.0322,0.0479,0.0273,0.0124,0.019,0.0137,0.000334,0.0186,0.0257,9.02E-05,0.0341,0.026,0.0774,0.0294,0.000826,0.0161,0.0243,0.0282,0.0179,0.0175,0.0139,0.00544,0.0186,0.0144,0.00363,0.00537,0.0135,0.00952,0.00611,0.00948,0.0152,0.000981,0.00263,0.00703,0.0146,0.00678,0.00137,0.008,0.0123,0.0391,0.00322,0.0319,0.00351,0,0.206,0.0178,0.0143,0.00439,0.043,0.0126,0.00349,0.00151,0.0127,0.00663,0.00222,0.00152,0.00294,0.00661,0.0011,0.000346,0.00102,0.00239,0.0225,0.00165,0.00184,0.00514,0.00138,0.00566,0.00592,0.00177,0.00402,0.00411,0.00477,0.00244,0.0127,0.00582,0.000843,0.0618,0.00433,0.00342,0.0659,0.0448,0.00344,0.00135,0.00536,0.00161,0.000676,0.00224,0.00421,0,0.000742,0.000744,0.00312,0.00102,0.00271,0.00394,0.00238,0.00146,0.000582,0.00158,0.00341,0.000791,0.000262,0.00185,0.000526,0.00197,0.000761,0.000616,0.00149,0.000337,0.00172,0.000455,0.00207,0.00342,0.00112,0.00116,0.00832,0.000753,0.00208,0.00664,0,0.000645,0.00136,0.000622,0.000255,0.000749,0.000589,0.0025,0.00042,0.0031,0.342,0.0574,0.000441,0.000626,0.00029
36,Egg_ID1164_File41_T37_5dwell30,1,0.00101,1.32,0.0234,0.476,0.00499,0.0613,0.000303,0.000658,0.000803,0.000383,0.443,0.0136,2.85,0.904,0.0247,0.00111,0.301,0.112,0.00314,0.000273,0.0597,0.0155,0.00014,0.384,0.0108,0.000234,0.0536,0.0705,0.074,0.00039,9.93E-05,0.284,0.0266,0.000224,0.258,0.244,0.00793,0.000263,0.547,0.595,0.0212,0.000824,0.191,0.051,0.000966,0.294,0.0372,0.0107,0.154,0.0404,0.109,0.00961,0.000309,0.0464,0.0359,0.000347,0.0385,0.126,0.00934,0.000204,0.135,0.155,0.00558,0.000333,0.079,0.186,0.000237,0.118,0.0878,0.0203,0.88,0.0227,0.0756,0.0394,0.00943,0.265,0.044,0.00555,0.16,0.0543,0.00778,0.00039,0.0229,0.0515,0.0063,0.000184,0.051,0.137,0.000261,0.0537,0.0258,0.0892,0.0289,0.00265,0.038,0.0337,0.00771,0.016,0.0143,0.00715,0.0647,0.00615,0.029,0.0394,0.0228,0.0117,0.0194,0.0123,0.00027,0.0171,0.0266,0.000118,0.0293,0.021,0.0798,0.0249,0.000561,0.014,0.0204,0.0308,0.0164,0.0156,0.0114,0.00541,0.017,0.0118,0.00257,0.00523,0.0115,0.00925,0.00466,0.00663,0.0159,0.000821,0.00263,0.00743,0.0154,0.00721,0.0015,0.00818,0.0102,0.0416,0.0034,0.028,0.00306,0,0.162,0.0149,0.0124,0.00409,0.037,0.0123,0.00242,0.00111,0.0124,0.00623,0.0017,0.00174,0.00307,0.00703,0.00124,0.000289,0.00103,0.0024,0.0241,0.00196,0.00163,0.00406,0.00141,0.00765,0.00504,0.00156,0.00379,0.00427,0.00414,0.00215,0.0159,0.00535,0.000751,0.0476,0.00384,0.00324,0.0493,0.0318,0.00341,0.00139,0.00642,0.00159,0.000399,0.00256,0.00395,0,0.00067,0.00081,0.00248,0.00108,0.00197,0.00332,0.0026,0.00129,0.000482,0.0013,0.00308,0.000678,0.000222,0.0018,0.000549,0.00226,0.000719,0.000627,0.00138,0.000313,0.00164,0.000572,0.00176,0.00241,0.00109,0.00127,0.00634,0.000907,0.00212,0.0081,0,0.00071,0.00182,0.000561,0.000157,0.00062,0.000464,0.00292,0.000427,0.00247,0.455,0.0764,0.000642,0.000764,0.000172
37,Egg_ID1165_File41_T37_5dwell30,0,0.00123,1.72,0.0294,0.545,0.00775,0.0483,0.000287,0.000867,0.00114,0.000512,0.553,0.016,3.35,1.03,0.0286,0.0013,0.354,0.158,0.00434,0.000338,0.0668,0.0091,0.000149,0.378,0.0124,0.000243,0.0623,0.0953,0.0999,0.000511,6.46E-05,0.36,0.0325,0.000434,0.33,0.312,0.00968,0.00043,0.93,0.793,0.0277,0.00115,0.234,0.0612,0.000531,0.332,0.0455,0.00652,0.176,0.0535,0.134,0.0112,0.000288,0.0586,0.0425,0.000451,0.0437,0.164,0.0126,0.000263,0.192,0.196,0.00683,0.000319,0.107,0.23,0.000346,0.148,0.131,0.0281,0.869,0.0214,0.117,0.0286,0.00755,0.228,0.0571,0.0073,0.123,0.0693,0.0105,0.000411,0.0291,0.07,0.00805,0.000206,0.0834,0.164,0.000293,0.0651,0.046,0.11,0.0354,0.00324,0.0476,0.0604,0.00954,0.0208,0.0231,0.0136,0.0731,0.00628,0.0416,0.0594,0.0308,0.0137,0.0263,0.015,0.00039,0.0256,0.0321,0.000118,0.0426,0.0384,0.095,0.0342,0.00126,0.0178,0.0416,0.0365,0.0224,0.0267,0.022,0.00602,0.025,0.0208,0.00624,0.00615,0.0202,0.0136,0.00867,0.00984,0.0204,0.00133,0.00336,0.0102,0.0202,0.00901,0.00173,0.0125,0.0174,0.0492,0.00394,0.0517,0.00514,0,0.248,0.0229,0.0201,0.00709,0.0516,0.0177,0.00541,0.00232,0.0189,0.00971,0.00408,0.00179,0.00333,0.00969,0.00115,0.000473,0.0013,0.00385,0.0289,0.00304,0.0023,0.00646,0.00252,0.00849,0.00754,0.00265,0.00555,0.0062,0.00656,0.00369,0.0258,0.00951,0.00137,0.0707,0.00577,0.00491,0.0685,0.0486,0.00364,0.00214,0.00793,0.00211,0.000662,0.00343,0.00508,0,0.000741,0.00122,0.00334,0.00142,0.00381,0.0054,0.00366,0.00218,0.000715,0.00201,0.00535,0.00074,0.000579,0.00249,0.000769,0.00278,0.0011,0.001,0.00174,0.000353,0.00219,0.000844,0.00295,0.00562,0.00164,0.00181,0.0098,0.00104,0.00331,0.0109,0,0.00102,0.00238,0.000717,0.000404,0.000974,0.000635,0.00356,0.000489,0.00473,0.682,0.115,0.00079,0.000932,0.000391
38,Egg_ID1166_File41_T37_5dwell30,-1,0.00114,1.58,0.0277,0.559,0.0066,0.0679,0.000273,0.000709,0.00109,0.000539,0.542,0.0173,3.22,1.3,0.0372,0.00147,0.337,0.152,0.00399,0.000251,0.0625,0.0166,0.000205,0.388,0.0115,0.000288,0.0581,0.0953,0.104,0.00055,9.35E-05,0.323,0.0305,0.000298,0.269,0.291,0.00897,0.000282,0.619,0.738,0.0252,0.000961,0.223,0.0677,0.000746,0.333,0.0562,0.0128,0.16,0.0459,0.124,0.012,0.000248,0.0517,0.0439,0.000425,0.0426,0.152,0.011,0.000203,0.191,0.187,0.0067,0.000283,0.0897,0.234,0.000301,0.127,0.106,0.0264,0.902,0.0232,0.088,0.0832,0.0103,0.247,0.0543,0.0059,0.147,0.0637,0.00937,0.000428,0.0255,0.0649,0.00797,0.000203,0.0558,0.175,0.000379,0.0586,0.0335,0.107,0.0307,0.00292,0.0444,0.0405,0.0104,0.0169,0.0191,0.00897,0.0684,0.00676,0.0315,0.0453,0.0209,0.0132,0.027,0.0186,0.000515,0.0188,0.0327,9.09E-05,0.0339,0.0253,0.108,0.0291,0.00102,0.0148,0.0284,0.0421,0.0193,0.0202,0.0137,0.00546,0.0187,0.0151,0.00364,0.00507,0.0138,0.0103,0.00619,0.00717,0.0203,0.00112,0.00327,0.00766,0.0204,0.00823,0.00146,0.0102,0.0118,0.0574,0.00356,0.0335,0.00387,0,0.195,0.0184,0.0142,0.00455,0.0434,0.0126,0.00334,0.00141,0.0129,0.0082,0.00209,0.00184,0.00337,0.01,0.00123,0.000234,0.00109,0.00308,0.0306,0.00198,0.00199,0.00536,0.00147,0.00872,0.00559,0.00193,0.00471,0.00474,0.00466,0.00275,0.0158,0.00628,0.000914,0.0585,0.00454,0.0039,0.0641,0.0455,0.00352,0.00205,0.00881,0.00202,0.000564,0.00262,0.00432,0,0.000765,0.00103,0.00327,0.00105,0.00207,0.00402,0.00281,0.00138,0.000772,0.0015,0.00373,0.000565,0.000387,0.00201,0.000635,0.00259,0.000825,0.000813,0.00187,0.000256,0.00166,0.000626,0.0025,0.00303,0.00124,0.00125,0.00917,0.000713,0.00257,0.00746,0,0.000969,0.00225,0.00051,0.000353,0.000831,0.000721,0.00303,0.000405,0.0027,0.374,0.0633,0.000565,0.000757,0.000437
