1.000000000000000000e+00,-1.479422560340433845e+00,-7.251479837190923927e-01,2.911786146051731916e-01,6.700593438858414019e-02,-5.212377127926245794e-03,1.085970791523289403e-01,-5.077608618428432891e-02,-6.478595008288552670e-02,2.042977242065981483e-02,-1.337486485299910211e-02,1.740996591801743237e-02,-3.492274176981131212e-02,-1.025400470837630612e-02,-4.079759655054674555e-02,-1.415203526215615820e-02,-8.571021962998925242e-03,4.836568914996015878e-03,5.304769256710447148e-03,-7.135752171338505430e-03,-1.335253680879447576e-02,-1.395400837668234369e-02,1.699955622318019772e-03,3.743366209335591537e-03,-1.343765880400540728e-02,1.452630627027088565e-03,1.634095940679599832e-02,-4.107681149131185011e-03,-4.502773686224083478e-03,-1.053626934229214603e-03,1.245565750311599697e-02,8.886501395975418896e-03,3.428252819983599372e-04,9.278150386660722086e-04,-2.446676922183479378e-03,-2.707348312872906448e-03,-1.344151110271782400e-03,1.490515166959838081e-03,-2.950294432100995616e-03,-1.356337125293341234e-03,1.040050665497181930e-03,-6.248203243582858878e-04,6.184836915680828233e-04,1.733909065502032025e-03,-6.584565575060730711e-04,-6.246024227587353888e-04,1.114527777606251664e-04,-4.005321310027269970e-04,-7.789292952673994340e-04,-1.864713661639281822e-04,-4.933007284041164391e-04,2.376411546721511148e-04,-1.346424441857690034e-05,-6.818180274540748987e-05,1.283684269778470285e-04,1.697046868166466466e-04
0.000000000000000000e+00,-1.455681454751581727e+00,-5.237663418136577764e-01,5.391033336922800706e-02,-8.601289231755954515e-03,2.834679523919228852e-02,1.439793639521072359e-02,5.416630184028518175e-02,2.689341813177869439e-02,3.098198112596001544e-02,-4.128657116079085393e-02,7.480152204090132276e-03,-3.516830936107948752e-02,3.390910747131435643e-02,-2.808610815719106771e-02,1.428815185966423630e-02,6.072174580307918533e-04,-1.524626118203752795e-02,-1.615143647435954332e-03,-1.168647645096625685e-02,-9.695160898757002391e-03,3.850198593685523907e-03,-1.025185877307480467e-02,-5.228500137205192161e-03,-6.419865484072245256e-03,3.090478136425620602e-03,-5.202038802752285978e-05,-7.034703664836336272e-05,1.216478524320700793e-03,1.695167624660284464e-04,1.078705523031007942e-03,-2.941079304964973394e-04,2.233499533943401547e-03,-8.563851873781024894e-04,2.873739587672892708e-03,5.976391096759927496e-04,-5.914015062601585271e-03,1.309223131403681973e-03,4.548608452021062065e-03,-8.757379525580514471e-04,2.496779229037374322e-03,1.787701304694782039e-03,-3.461861466223898568e-03,-2.568797559958709877e-03,1.511175190395168616e-03,-4.726242802458521932e-05,-2.139003977521923647e-03,-1.536464062562899495e-03,1.656909720565231860e-03,2.598416237910478629e-04,-3.576602946871212095e-04,2.868273100515952617e-04,8.505239588465003013e-04,2.023723797082166984e-04,-6.121425884974945593e-05,-8.860989830213294701e-05
1.000000000000000000e+00,-1.413068846069650109e+00,-2.317905152210119057e-01,-3.648358487403367129e-02,-1.099740839783584917e-01,-1.290446129196550981e-02,1.660724050171037691e-02,1.052551550429452615e-01,-1.519906774203179378e-02,3.400191441337924170e-02,-6.068187081949603240e-02,3.791273699977659555e-03,-4.238185894884054922e-02,-4.438735154596817195e-03,2.571111937509387019e-03,2.060683344674076739e-02,2.196256187073598182e-02,-1.106594147445184992e-03,-8.982011744672229944e-03,-2.557790391601222693e-03,-6.947761465747996374e-04,-2.868478821423902248e-03,3.908969027913482275e-03,6.759608207440655214e-03,9.629444049867262254e-03,1.127621074777582395e-02,-2.883886986747059063e-03,3.083280341308088871e-03,-6.973168331880647171e-03,-2.411870553125567470e-03,5.715387856591599459e-03,3.372292192385360505e-03,-7.255542876039440883e-03,3.844541736517416430e-04,4.225538382810898469e-03,3.304164229239952926e-04,4.633305039164506596e-03,-2.762305543414494448e-03,1.125851550093162623e-03,1.023301242993674342e-03,3.472306963806604061e-04,-3.383012676777510030e-04,1.562468901816796169e-03,-1.588007953791537290e-03,-4.372440025777986415e-04,1.166193759999931958e-03,1.150229535484789982e-03,-1.638115935538088505e-03,-1.220349433052638367e-03,-6.013045018536265687e-04,1.724426505727268751e-04,-5.393447204585281006e-04,6.509753987635529199e-04,-8.345169686458255411e-04,-8.530772771988406411e-04,-1.221562485869960677e-04
1.000000000000000000e+00,-1.480940706631079351e+00,-9.781044481368308396e-01,-1.870008919362858846e-02,-7.492126275684755921e-02,1.107796747113850080e-02,3.479972109727204332e-02,1.225632103054037463e-02,-2.683877101108217769e-02,4.450508483691054812e-02,9.081701820634622072e-03,-2.688445793787204441e-02,-4.130559229777869962e-02,3.269321359663875104e-02,-9.017762028282456585e-03,1.742211007425915545e-02,1.787938232357648080e-02,-1.907597971734818418e-02,1.621299738373925894e-02,-6.737234237135620099e-03,-5.572351168030194486e-03,-6.099673998180357715e-03,-7.245407855584932479e-03,8.419715067890279694e-03,6.153575996009363631e-04,6.031084377941673541e-03,-7.092522703753725410e-04,-4.983023041646690056e-03,3.050842661282256608e-03,-8.555268369015229385e-03,-1.031361263402273687e-02,-1.978610624588857635e-03,-5.068203810351415602e-03,-3.762043209883424947e-03,-7.051667704758353850e-04,2.099316821883133108e-03,1.211682016042158437e-03,-1.747644904433842726e-03,-1.486085461745230863e-03,-2.937142213187988755e-03,1.105395294441588634e-04,-7.793435002585857993e-04,-1.252842386225128807e-03,1.860977167683729519e-03,-1.718028993014679895e-04,-2.125307810972318270e-03,-5.339652320031270652e-05,2.375105302391533005e-03,-8.964101831806361781e-04,1.409958997821117183e-03,7.605318668155203491e-04,6.040072676465820271e-04,-1.745453982399828641e-04,-1.186344365921417282e-04,1.961074387152815220e-04,-5.078862804798175761e-04
1.000000000000000000e+00,-1.443134636053208908e+00,-6.333211117366552845e-01,6.986105936479905174e-03,-5.924961310891890126e-02,5.700807548681769560e-02,3.277073078206458700e-04,2.147149144318843961e-02,-2.386605420768214691e-02,4.221142630128212753e-02,-1.997012400065274577e-03,2.032557488911369142e-02,-8.820811485027661714e-03,-4.181078982499977607e-03,-2.353203489915775375e-03,9.508914042565896159e-04,-2.301272292403075403e-02,3.323118990283803649e-03,-9.854680350936187438e-03,-6.206384701070991744e-03,4.032370843637268082e-03,-1.687089668328702182e-03,-8.543778112191539398e-04,8.911133411952850206e-03,-7.961048922793256821e-03,7.844112776992781186e-04,-7.226184783497801439e-03,1.244568466367367357e-02,-3.830139451417012911e-03,-1.587796814232814028e-03,-3.728098579378539505e-03,7.807488677760164629e-04,5.436760919488855398e-03,1.653986282509102785e-03,3.466031630216697898e-03,-1.552609421597893249e-03,5.636978144006883195e-04,-2.449181821768880735e-03,-1.893675360740578731e-03,-3.962329806313447870e-04,-1.781894442291314480e-03,6.838726601061769416e-04,-1.443647168049669825e-03,-1.358698582890117013e-03,-5.800530790824319797e-04,-6.421485689645599739e-04,6.513763267727629884e-04,1.720583669033122227e-03,1.364648512368500644e-04,6.668334050680318819e-04,2.158128996619655172e-04,-9.659315609538395367e-04,3.451990669497523008e-04,-3.268328856904673010e-04,5.259812974239758739e-04,1.590553637600922773e-03
1.000000000000000000e+00,-1.402636124699509601e+00,-3.417448554225346324e-01,-3.097988350539681440e-02,-3.004443940963029067e-02,-1.233525729024754700e-02,-4.888375169397189343e-03,6.139242285882929445e-02,4.895568793311638051e-02,2.879012415116511195e-02,-2.670137912531832247e-02,1.763776569892642684e-02,-5.489627247303886792e-02,-4.754305577563557733e-02,3.068131608371535077e-02,1.462411295545444504e-03,-1.913746288423248633e-03,-3.486065112750993868e-03,-1.825231656966210675e-02,-1.455207239569225380e-03,3.891401325260477467e-03,7.089177178323207221e-03,-2.237324930559758760e-03,1.060000029188806064e-02,-8.793719930889407413e-03,-3.568502128776679296e-03,-3.957960904618880622e-03,1.046705698181867386e-02,-1.786577298700005453e-04,-7.311549294402920098e-03,-1.594744249349605136e-03,-1.754484129484273295e-03,1.445249512004963613e-03,8.388256904745287554e-04,-2.556137486973773364e-03,-3.539052455840412288e-03,-8.758135386663192575e-04,3.006473430065178740e-03,1.464769553240296337e-03,2.839511291843463750e-03,-3.841544790888700789e-04,2.301669689338581987e-03,-1.634818799669697769e-03,3.583380650589627035e-03,3.545286259110723794e-04,-4.616523116311449114e-05,3.861005790207889502e-04,-5.346544330969120332e-04,-6.168368555560778616e-04,-5.067967690306455922e-04,-1.061923806002294411e-03,-8.603342743497103824e-05,-1.083688611505555796e-03,4.375474756226103512e-04,1.115581460667592110e-04,-5.454179927468035720e-04
1.000000000000000000e+00,-1.445622728124585699e+00,-3.718807408991096075e-01,3.606871506923410575e-02,-1.954099026038776665e-01,1.155263748846788452e-01,2.398943135278496300e-02,5.304278475568693918e-02,1.326353575247361284e-02,7.253650635456729279e-02,-4.443560672799555696e-03,4.509964952572904223e-02,2.819981286214593222e-02,-5.498718630798759242e-03,-1.365592609118460379e-02,-5.252329496971734624e-03,-1.988345601877344535e-02,-2.550243838107741495e-02,-1.267615928905940076e-02,-1.250265186646584877e-02,-5.147389766682968458e-03,2.755722088688956906e-02,4.253030153822084936e-03,-8.424257779449771319e-03,1.286756365835451180e-02,6.148294907826547771e-03,-4.477483995345699942e-03,3.313460035052594350e-03,8.944903275757559724e-03,9.443575056738063092e-03,5.518853501218848323e-03,2.873741154800297983e-03,-1.285641731890999106e-03,-1.052724470192326290e-04,-3.464985011894759336e-03,5.080829938059772469e-03,-1.173761395897250474e-03,1.390141802797776075e-03,-2.910932464633932647e-03,2.293662392504344587e-04,-1.445239810180500234e-03,-2.738087789782151079e-04,1.228513920251878694e-03,1.059160158353708147e-03,-3.898645432456682505e-04,-1.784494572951001064e-03,1.886811210447757702e-04,5.190794116255862452e-04,3.503898880428237884e-04,-6.758633456890127513e-04,-1.232688950615474480e-04,6.352743019204500291e-04,-5.665965529219671985e-05,5.256782336487366336e-05,-6.608706656612273720e-05,-4.873601421340599429e-05
1.000000000000000000e+00,-1.444129354872644599e+00,-4.946773501076575097e-01,4.364611749134262308e-01,1.476765107595625626e-01,-1.537706275401537759e-01,1.673828997413715769e-01,-7.959363534414502783e-04,-8.819624820425105149e-02,-3.484569249648637040e-02,-3.385254660187178577e-02,1.520681498686645566e-02,-3.039687499890639244e-02,-3.780327415425606408e-02,-3.314850535847397965e-03,-2.593523704951793130e-02,-2.626750850901512363e-02,1.489365223501903923e-02,2.953055162095106871e-03,-8.323142083264607402e-03,-1.443057701257450046e-02,-1.083375191219544502e-02,-3.431907698297543587e-03,-1.056554295038557648e-02,2.017094302883822715e-02,-8.159715151737996844e-03,-1.051938549713757678e-02,1.541382173583214204e-03,2.540495900676709249e-03,2.357123844125971410e-03,-3.395347989006767490e-03,-5.874665471642662694e-03,-1.440321541140417248e-03,-4.746423414221364397e-04,4.377562664573873244e-04,1.822364150720840684e-03,4.089499755637259165e-04,-2.968284784870594477e-04,1.932202976404785852e-03,-2.396740192927128226e-04,-2.061778840643134969e-04,7.084147063723004794e-04,-2.342182730569157686e-04,9.202332159258013106e-05,6.087952971666222299e-04,2.283097174849023272e-04,3.125940864609000943e-04,3.940148157482531118e-04,3.800340012063196720e-04,3.073415284200654461e-04,9.764258959530668406e-05,-1.574059532393628255e-04,1.667685786184869453e-04,-4.289753770238240177e-05,3.986484808680669728e-05,-1.291178078135503903e-04
1.000000000000000000e+00,-1.448717089895587229e+00,-5.355543412315263430e-01,6.870351383160885894e-02,7.838063400127799618e-02,1.544902274511856383e-02,-5.824719764882361345e-03,2.495209794996582769e-02,1.780213366769666655e-02,4.879580957285137993e-02,-6.150592977122826092e-03,2.768817912300628251e-02,-2.166654783900114414e-02,1.250539204122433877e-02,-1.107473204272809049e-02,-4.401832171768160773e-02,2.983610983497369043e-02,1.634411504490605391e-02,4.871346877014705139e-03,-9.398210898422446405e-03,2.114441515885611550e-02,-1.827361819266404720e-03,3.167361925480849556e-03,-5.941321466140114631e-03,-1.121112033451635709e-02,-6.403407453041709031e-04,-4.615509558779488236e-03,7.681873782383795641e-04,-5.183646844054870355e-03,-1.654602959309620048e-03,-5.338475503817463087e-03,-2.487257313226388065e-03,-1.297520994193814871e-03,4.082492549285176436e-03,1.316909367852582601e-03,7.082936510607091077e-03,6.372955552377356338e-04,1.883708128407906484e-03,1.725728013207413619e-03,3.207937235869689238e-04,1.464279220346509456e-03,-1.481139554205826219e-03,3.688754902570436610e-03,-8.016067795420166132e-04,-1.096935113479152778e-03,1.214021463149975860e-03,-6.572402312217637569e-04,5.115484181543081786e-04,-3.598343595785455796e-05,-9.564605804145242911e-04,-5.469986652260002986e-04,1.431187677616937385e-03,-5.004745033586651803e-04,6.772236885731251852e-04,3.987479552140400503e-04,2.888659111141841191e-04
0.000000000000000000e+00,-1.451898216715413970e+00,-5.938694997323018532e-01,2.688242530024345656e-02,1.542643869992610947e-03,3.282638947774063620e-02,-1.427863646681461012e-04,1.918552120087265236e-02,-6.789207917944425560e-03,2.936270830345778793e-02,-2.865944719394714069e-02,3.368015521330081086e-02,-2.026006788428031877e-02,2.659872520893363443e-02,-2.342885392333566782e-02,1.615719085468790908e-02,-1.940459702718302579e-02,1.986924767360090729e-02,2.704640956016740073e-03,-1.040263504859019299e-02,6.781742059431228493e-03,7.573447546394822261e-03,3.164887066108177001e-03,1.655644857436532405e-02,-5.993581985657991419e-03,-1.157357529302478240e-02,2.219689523749900605e-03,-8.879689388051049265e-03,1.691720983192245790e-03,7.085853827355238603e-03,-6.104696405924652999e-03,1.213145351220293409e-03,3.523076710186175044e-03,1.314423542522155349e-03,-1.108526771850389461e-03,1.435314205058770725e-04,1.249606615167467316e-04,-1.407858998027296336e-03,-2.714375637653367382e-03,2.635774284494214227e-03,-1.331100585460156041e-03,-2.423788467006388926e-03,4.566714058769434561e-04,-2.241268248784681315e-04,1.332477978516976528e-03,2.651333026981433656e-03,8.036831126842036797e-04,-1.073745413263410682e-05,1.384599530366608299e-03,4.817329894380365093e-04,1.035088537653160688e-03,-1.201235406027170586e-03,-5.442853596530785156e-04,3.098156691055487053e-04,-5.729185412627544032e-04,-5.937983795577591196e-04
1.000000000000000000e+00,-1.502826256863566412e+00,-9.625121673374046338e-01,5.337392706012146493e-02,-4.036395037905460975e-02,2.528635157749523077e-02,-3.682187844780814706e-02,-3.231716362994826314e-02,-1.775855300270358372e-02,-1.780404884487352818e-02,7.897963359511657455e-02,-3.555424243900493636e-02,1.749745837518105335e-02,2.792250699344841006e-02,-8.762126703385927917e-03,-8.449395601143439016e-03,-1.347196908352477074e-02,-4.627337522946297840e-03,-9.990239043403143643e-04,1.473091701163348720e-02,-4.136723546199186710e-03,-1.240779334047775913e-02,-3.246647628039295991e-03,1.057435188127885139e-04,1.028523542300145699e-03,-3.918943952775678918e-03,-9.581998544016791242e-03,1.023848046983226977e-02,-7.314443150324561075e-04,-6.663011959597480403e-03,1.718161312642639158e-03,3.879469873271569613e-03,5.334519613518123697e-03,1.077154269187264582e-03,3.030835519110439916e-04,2.803907458980806934e-03,2.298847987253592809e-03,3.731401033146480861e-03,7.942705052380767683e-04,-1.570123767002447974e-03,-1.068552160010642496e-03,-9.896449149318811526e-04,-1.842191333619506662e-04,7.754142856542192860e-05,-2.787587263982022664e-03,-2.325394602240579234e-04,-1.897473560790487450e-04,-1.407099322263007709e-03,1.239787225365499707e-03,5.909243573238693280e-04,-3.820363530274865698e-04,-2.478030245574758977e-04,-4.616886003339095660e-04,-1.206590304898814508e-04,-1.424524874313453380e-03,-3.397025187565588084e-04
0.000000000000000000e+00,-1.475895406716950298e+00,-5.416191333599315039e-01,5.274262348181480570e-02,-1.310946990808838641e-01,1.803195410786491426e-02,-2.817700388442474779e-02,2.833737874314047611e-02,-2.861184057835144609e-02,-2.082525856308670240e-03,3.096399046668203009e-02,3.591756052582417008e-02,-1.067219619633486168e-02,1.993487025066384422e-02,1.028158149556468101e-02,-8.300436355620737297e-03,-1.104442280946423861e-02,-3.210797323026941957e-02,-2.930931875758638686e-03,1.948305830018533941e-02,-3.450324150198489336e-03,5.061917422966870275e-04,-3.908491344820560175e-03,-1.654435564172992285e-02,-9.257762978168391013e-03,-1.054734571158614902e-02,3.780613393676653285e-03,-4.208671767517554378e-04,2.366933042440736139e-03,3.518735992348293647e-03,4.711572195905437514e-03,-7.302400677338109769e-03,1.554171050059064340e-03,-1.743288835937100421e-04,-3.940344325478525346e-03,-1.701457541140019266e-03,6.166973372732639097e-03,-4.391399269827453607e-03,3.345378046789887917e-04,3.645031757058794824e-05,2.854429097747901260e-03,1.072327878943806715e-03,-6.195279061237103863e-04,-2.061544623001653094e-03,1.267033888399388272e-04,5.212017667819355800e-04,1.327335788567014817e-04,-3.976156513798961281e-04,-1.911930573034919265e-03,4.564221608764148391e-04,1.553645383356494535e-04,-1.667998345902442178e-04,-5.757063695227306044e-04,9.435072405060371823e-04,4.900603825211712262e-05,-2.708534879772555781e-05
0.000000000000000000e+00,-1.472710582535377677e+00,-5.928290745087499980e-01,4.616897855451196353e-02,-1.578849836948280697e-02,-9.868738201697689963e-03,-1.406196274239059595e-02,3.349309019391992492e-02,-1.356404767284765528e-03,-8.763650711061906837e-03,3.833090287086706599e-02,-3.472259654644997001e-02,2.201837788781238828e-02,2.911128458875437974e-02,-2.135021685665583133e-02,1.306502118970056560e-02,-2.473237421683513286e-04,-1.108846713085247064e-02,7.087735978575362625e-03,9.624980684775928663e-03,-1.046206434645083642e-03,-4.463827361563496229e-03,2.490150317386531989e-03,7.562354461393862434e-04,3.635422735224576665e-03,1.761810585655126330e-03,-3.341028541911107794e-03,-3.172299341093337555e-04,-4.394547263602486577e-03,3.093887574516231381e-04,1.781494861398769374e-03,-6.550034094654961538e-04,-5.796786153031003837e-04,2.642095321927029859e-03,-3.514501673518193210e-03,1.368951585642952731e-03,2.289224166894376650e-03,3.217711332863915953e-03,3.348022165426234320e-03,1.593965596800453813e-03,-2.244834457653390250e-03,-2.332513784752973142e-03,-5.575939039927113074e-04,1.204700480408673518e-03,1.139576392931014115e-03,4.487060313813486336e-04,1.162359130202957318e-03,-1.503455365801737321e-03,-7.979245219616329723e-05,-5.371845289851566885e-04,-1.705261200546561036e-04,-1.180933914814421811e-03,8.197373350981923198e-04,-1.472942786022836479e-04,2.053920717133482250e-03,-1.534062178802591376e-04
0.000000000000000000e+00,-1.458101103577924995e+00,-6.078602931034087220e-01,-1.960003328792872188e-02,-5.403532012573445537e-02,-6.421789438332058120e-02,-7.443365664881860687e-04,1.454205546927195107e-02,-1.443555862760251707e-03,-4.802332852838864068e-03,6.109502457684874016e-02,-2.638187252250997691e-02,8.144880993929789342e-03,-9.861079028175350966e-03,7.502864562192664531e-03,1.139267836988111342e-02,1.105002340083549583e-02,-7.624389355782527217e-03,1.166605440717615599e-02,5.670764238862840111e-03,-2.312010051857371976e-02,-7.775724332040739872e-03,2.978323722323225706e-03,7.828554711351748061e-03,-8.913783385789653471e-03,-6.036023468993132260e-03,1.248445103808711997e-03,1.242337943964028080e-03,1.006805197830752674e-02,7.048617094862588348e-03,-5.134646816196851080e-03,6.894848784509072584e-04,1.723930228422243614e-03,2.027647089293294590e-03,5.551223211583352496e-03,-2.484256925757990023e-03,-1.467589463871182560e-04,-2.114687380218955789e-04,1.580305429807651223e-03,1.976343852020818678e-03,1.382863351976819019e-03,7.002589310365370267e-05,2.203059514619262402e-03,4.202836798953437747e-04,2.324729865978954115e-03,-1.471361506013220714e-03,2.621174839339278188e-03,-6.544731411297104911e-04,4.569256848472553014e-04,-1.227511470105164789e-03,1.175964350185075075e-04,1.785258644851048931e-03,3.136721866556076654e-04,-3.816922753515634265e-04,-3.073523837813713143e-04,2.897473909460907427e-04
0.000000000000000000e+00,-1.439870073582913079e+00,-3.466033260210497624e-01,-2.224497677501215478e-02,1.549927668249854746e-03,-4.384086962731131853e-02,-1.671635539525924072e-02,1.453056221679309978e-01,6.916213908841489788e-02,-1.534242658704276785e-02,-6.551556057559551789e-03,-9.748615091627875831e-03,2.315457036351881159e-02,-7.907595425332878195e-03,-5.315272060331607991e-03,2.598631059143247449e-02,-2.172984686659010581e-02,8.288803502055977490e-03,2.048081419293985503e-02,9.812769295250685711e-03,1.305724980334927029e-03,-6.550243005562093185e-03,1.220412731458628969e-02,-9.866650975678058558e-03,1.065352949112496591e-03,-3.561702871882344024e-03,5.888443729754899453e-04,-7.467323326482163022e-03,-7.128334778214256116e-04,-7.580813641997890227e-03,6.300389564720118747e-03,-5.632001921053928200e-04,2.529169445771300029e-03,-2.689096885380829176e-03,2.313394792863420184e-03,3.531932948219310061e-05,-3.233963645761861808e-03,-2.214972870722862683e-03,-4.546529629937890913e-04,2.724984784086565814e-04,-1.714201999543093742e-03,1.728120800069269389e-03,3.335011254024326452e-03,-9.887328933750620576e-04,-4.220978529371147299e-04,3.709547561725372105e-05,5.225190054555600922e-04,6.373509422382993891e-04,4.844894861701908593e-04,2.092988552785225199e-03,-1.285997194997054623e-03,4.565896819616053798e-04,-8.740184678653161029e-04,-4.655360745564281525e-04,4.362437460638144099e-04,-1.307752438530721147e-04
0.000000000000000000e+00,-1.441904135743804494e+00,-4.704231433720595379e-01,-2.577154431059169859e-02,-1.290850861262622488e-02,-5.575320229798391702e-02,-4.071999877470241364e-02,2.299945025709280999e-02,5.929086976653642760e-02,-2.448141585853160634e-02,1.497114692761860634e-02,6.091212355282237152e-03,-4.379498434984521738e-02,4.291525122456641209e-03,1.279985074365756759e-02,1.076002814418184142e-02,-1.141378731154818298e-03,-1.203317877482680195e-02,8.863336011997546490e-03,7.751941416451588532e-03,1.301321423690462477e-02,2.205293159761932039e-05,-4.092536750821278331e-04,-7.083641874425799026e-03,4.730550297099038112e-03,-1.510198973005139403e-02,5.650306113042400866e-03,-1.882444513855243773e-03,-5.418309262450926502e-04,-2.272142552037484300e-03,-1.778196886081114360e-04,-2.937384135343022295e-03,4.640572592147961450e-04,-2.739133156232823486e-03,-4.945153572051335863e-03,-2.188154933839649477e-04,-1.931673380489489812e-03,-2.050784903014505126e-03,-8.763632087923101674e-04,5.173872519737987173e-04,-1.252781687915320314e-03,-1.349923133198431503e-03,-2.101732968181127537e-04,2.660825725538928758e-03,-1.467354502322453088e-03,1.483786004782449352e-03,-1.201144231214760572e-03,6.988178015785115891e-04,2.137007909368541147e-04,-1.465995364139523758e-03,-2.487160641574850516e-04,5.321993097876106214e-04,2.127613195837600897e-03,-5.812912359892355874e-04,-6.130077173207400731e-04,5.323602246301480925e-04
0.000000000000000000e+00,-1.413304788328260786e+00,-2.140302499291452665e-01,1.308601197593661780e-01,-1.891891186248838563e-01,-5.147377640747712556e-03,7.782067221280544386e-03,-7.477585479521926815e-02,4.504328611025476894e-03,-2.493342354503753563e-02,-9.848143597802764063e-03,8.471071670660445738e-03,-1.300546650450278702e-02,-5.072182913032487889e-03,2.080084403953235891e-02,-2.223805295717055236e-02,4.600528774846530250e-02,-6.652732373506658504e-03,-3.741426814400604633e-04,2.605447195728268980e-02,-1.609322031940257913e-02,1.360049320744912381e-02,-1.801237110951643943e-03,8.260879159222354537e-03,3.215386986913612664e-03,-3.865658310790695378e-03,7.167452454397807947e-03,3.121638306976059520e-03,6.401124998052583510e-04,2.412652018770782610e-03,3.833894672484072352e-03,2.709650513257296552e-03,-2.008752207284367122e-03,-3.117053209585491161e-03,2.899289672560375654e-03,2.916378461164510728e-04,1.259983631621264949e-03,2.097059912485632269e-03,4.484076785570620524e-04,1.840797915083821571e-03,6.333539999229788548e-04,2.028100619715066284e-03,1.261841597388434384e-03,-7.589011969029544214e-05,-1.106304238944467305e-03,1.485996399649389382e-03,-2.290912221617557134e-04,2.128502047750688818e-03,2.289144393915806125e-03,1.657326003510152003e-03,-2.450119843119140495e-05,-7.241770395697043946e-04,4.306018241839694102e-04,1.767605554275218822e-04,4.968050872705079973e-04,-8.314083906812672639e-05
0.000000000000000000e+00,-1.119086726038083457e+00,3.243047765071082722e+00,7.764287867378656394e-01,-1.537519853439122952e-01,1.453090392294132116e-01,-7.324889388358064857e-02,2.180710476988013610e-02,-1.286429264679626525e-02,-4.634155063029776755e-03,7.039386336648556508e-02,1.641038804729083936e-02,-2.891815863797797537e-02,-5.959654936030431976e-03,-7.933180300766375093e-03,2.363233963612289962e-02,1.074095347516359393e-03,6.650686366802105454e-03,8.161738288426323385e-04,-4.779322208200189638e-03,3.900643327835978929e-03,-4.067039439208608442e-03,1.631932702018690142e-03,1.832583429337027343e-03,-3.109359306301076858e-03,-1.171174358501398359e-03,-2.164006100234993919e-03,-1.487855985719505536e-03,6.377291828442778509e-05,-2.676338579013665033e-03,-7.890028145472957350e-04,-5.146913711466775824e-04,-7.857346833737765754e-04,-5.943169585724303143e-04,9.128113793228792312e-04,7.067483159618684211e-04,-3.303529236696145467e-04,-4.126365593468669176e-04,7.900497841080395900e-04,4.205075222736711737e-04,-3.934818543984592047e-04,-6.553613100362330442e-05,6.625717576689467707e-05,1.169764983628997755e-04,5.142220687415204890e-05,-2.207526802087978195e-04,-2.044687431423771113e-04,4.150929049820236213e-05,8.640705234559501951e-06,-1.104822628403861107e-04,1.443699177468730035e-04,1.018392864994645725e-04,5.755110531724340930e-05,1.731078357317285057e-05,-1.299988175876057454e-05,-3.921445412326298179e-05
0.000000000000000000e+00,-1.440165275227477171e+00,-4.679535343376959311e-01,5.144078194433829299e-02,-2.791287002027125971e-02,2.778552991767451602e-02,-5.227189395248930948e-02,-4.558170181843513441e-02,3.766457529316636060e-03,-2.432846721589418740e-02,2.346126593000829458e-03,1.763880286299917069e-02,4.454299696089581567e-02,1.775866694899070827e-02,-2.036989351681436217e-02,5.808343042833363909e-04,3.303940133433747126e-03,9.364178612187204487e-03,1.129013068227153853e-02,3.824395776656050201e-03,-1.837081824262092392e-02,-1.359791409729703675e-03,7.983514141088497371e-03,7.989161000781170099e-03,-2.372005238818920749e-03,-7.203809557008075118e-04,-3.097633411065776280e-03,1.475556374636490713e-03,-1.126084030569576497e-02,3.107381658499836028e-03,-1.147426982890836214e-03,-5.113682034491608824e-03,-6.098710889780567176e-03,-4.035488517970199011e-04,-2.924962647057249929e-03,-1.612299435364875425e-03,8.966623979780728075e-04,8.166028456289501497e-04,-4.541614662031729808e-04,7.271818761166456242e-04,-2.366957302278675009e-03,1.943597424757012799e-03,-1.918878317426734746e-04,-1.271147552306264991e-03,2.715875061321319089e-03,-5.488192809531294456e-04,-2.241084844939710170e-03,1.887879015360418742e-03,-5.948261244701395041e-04,-1.562949867077801161e-03,-1.932162819691096104e-03,-2.265003256137288000e-04,-4.839723518481789497e-04,-6.341095614767886706e-04,-6.218051832231136699e-04,-5.613422007457085966e-05
1.000000000000000000e+00,-1.362030799002807102e+00,1.668467290809617087e-01,-3.472727352918382471e-02,-4.802579965684481561e-02,-3.586755466690327854e-02,-9.650643375960146764e-02,-9.071820308077081785e-02,-2.390198938112851959e-02,-3.679720393953263280e-02,-2.674923073646832614e-02,4.523560707809962111e-02,1.563446894162328488e-02,-1.409511712692569294e-02,-7.146739193192065687e-03,-1.234281991526597379e-02,8.496577458635750854e-03,-1.391608482102462720e-02,-8.942742386762301057e-03,-5.799310069734542154e-03,9.853458227992355298e-04,7.673891270970158163e-03,-1.058485585687245212e-02,-1.170670057692082232e-02,-8.502256976558032059e-03,7.222769932173411789e-03,3.712873071362401446e-03,3.370641878897948519e-03,-5.725428171962683097e-03,-2.073289441459779617e-03,-5.259976535725062810e-03,-4.862690949915264745e-03,1.914035075267886236e-03,-4.856396427331400971e-03,-1.201588722696910171e-04,2.246825192896606711e-03,-2.587943723055031748e-03,-4.568120287101293427e-03,7.252612766709568091e-04,-9.729277813100533885e-04,8.804922939648422405e-04,-2.298636525259775513e-03,2.621000817716232466e-03,1.996448022926984155e-03,1.235986765075388358e-03,-1.451849468428096073e-03,1.124803126719514179e-03,-1.789037034815547196e-03,9.525027855700194442e-04,6.103736445180537196e-04,-9.364218332373393672e-04,-1.410837895617687507e-03,-1.346676828029358993e-04,-7.232017023644654466e-04,-1.627304431125616263e-04,-4.767332307834853440e-05
1.000000000000000000e+00,-1.400009942879343328e+00,-2.977540365834855374e-01,-1.752367272870197432e-02,-3.742821646085827542e-02,-6.399785717015391007e-02,-2.896830550702317320e-02,-4.839622182854969902e-03,4.164128538568592081e-02,-3.162186091355556616e-02,8.528524354162703505e-03,-2.293651343972616038e-02,-3.471205347516453932e-02,-1.592618285156340019e-02,1.839400577381627641e-02,4.504979999002550056e-03,1.701654213054250298e-02,1.752224721179998501e-02,1.178440639143294583e-02,-3.714071005367916827e-03,4.563273745795837916e-03,-2.512293351166778460e-03,5.304308816128274970e-03,-3.185949644592229405e-03,2.881845330733177240e-04,-6.437545971509328309e-04,8.069028158026250730e-03,2.577823253103718893e-03,-4.222992900561131809e-03,1.168308757046923260e-02,4.795055692385715926e-03,-1.583224615422369308e-04,6.880811659001148488e-03,-2.297221190238041364e-03,3.626991425084783761e-03,5.452503525375896470e-03,-2.767817177224256211e-03,2.262359188597382341e-05,3.124953433140589126e-03,7.027930414490678700e-04,-1.887056503273099213e-03,-2.082369587632124531e-03,-2.237117508135471038e-03,-1.052368187200515429e-03,-9.770326428864203883e-04,-2.353924407981150893e-03,-1.003783340148381881e-04,1.268932832739597723e-03,-1.981098751193093553e-03,-4.939305878397271541e-04,8.547024618341338056e-04,-8.466499962268238992e-04,-6.043244130931999967e-04,9.673979565252802413e-06,-1.339776724713583240e-04,-2.995893700504043350e-04
1.000000000000000000e+00,-1.427952265844475210e+00,-4.516414089815730115e-01,-3.199616869506763384e-02,-1.757851211352033649e-01,-3.103147716521815515e-03,-4.059111437679847195e-02,-2.219516260831670348e-02,5.209438315699133765e-03,-2.367188622366746958e-02,9.857557482613077404e-03,1.575738503272958863e-02,-8.897347428722168772e-03,-1.630756321645405668e-02,2.324143932982222424e-02,-1.499339402932018880e-02,4.377440035596999977e-03,1.822917536763362517e-02,1.372071092314731261e-02,-4.504166499366885935e-03,-5.601810023081508529e-03,-4.400036489214218145e-03,4.840274470545310494e-03,-5.412553249545123783e-03,-4.755006448948054937e-03,1.677848345554442192e-02,-1.336988880915202481e-02,-6.017998495084475249e-03,1.277960475299056049e-02,2.956535994448905862e-04,2.390249746816553150e-03,2.411625299272897403e-03,6.280332153041573787e-03,2.191468370342645783e-04,4.108511541185101094e-04,-3.854601328518231316e-03,1.071136937386694184e-03,-1.257452402205068128e-03,-4.148615672587861519e-04,-2.510680383514197773e-03,1.051250483760745105e-03,-1.494869846828265078e-03,-3.150351206967775728e-04,7.825781766495886480e-04,4.784200055908083239e-04,2.537031207790950600e-03,-2.359063199724539209e-03,2.961562886383215247e-04,-1.716524501840320635e-04,-9.229035222679658366e-04,2.122251573063950372e-04,-2.243376191295169588e-04,-3.555095595235847460e-04,-1.017421101403768102e-03,4.106371508164949184e-04,-1.607857155140003029e-04
0.000000000000000000e+00,-1.430393971305539580e+00,-4.679319292310055722e-01,-4.888680657214474617e-02,-1.515031315229909727e-02,-5.769458631170715224e-02,-4.728964789055032508e-02,5.656151037129157622e-02,4.500460861204534408e-04,-2.298428030725116131e-02,3.016303924676464951e-02,-3.735488989353430433e-02,-5.563179509564094606e-03,-1.473930613783837329e-02,3.851796125806947104e-03,2.329331228083431765e-02,1.572486947702033191e-02,1.251216846154339958e-02,8.937874446068016024e-03,-4.978824171132404004e-03,-5.567915733858901269e-03,-6.593756177932241086e-03,7.982155367649911709e-03,-2.803657502887804080e-03,2.582204069889041005e-03,5.375634198291821993e-03,-6.394869382759650438e-04,-6.273790623201006705e-05,-2.812737842980947683e-03,1.251309832462363077e-03,1.209518073534051192e-04,-1.105354135876752573e-03,-4.062882793082011820e-03,-2.655032008750549209e-03,-1.402946049324975278e-03,2.267120327697465590e-04,-8.320067170513869518e-04,-8.252401128717050177e-04,-3.146193550873146397e-03,-3.201201127637000668e-03,5.427684301550339931e-05,2.417870987632032929e-03,1.229488986127037168e-03,1.175375053079354051e-03,2.617942454679338831e-04,-4.294828032641848960e-04,-8.277620333881171482e-04,-1.387235980378423526e-03,1.655265111378430081e-03,-1.436738874091923529e-03,1.434459360203747596e-03,-1.236463939965397546e-03,-5.180777011433076182e-04,2.030483275986614666e-03,-6.055356338958537853e-05,5.192096185312433361e-04
0.000000000000000000e+00,-1.427123302923331893e+00,-2.623821239544258943e-01,3.415170243483940382e-01,-2.998245509329222624e-02,-1.055891092051707142e-01,1.503734682903087594e-01,1.508680146945164634e-02,1.870725530839754958e-02,-4.823984483864295070e-02,-9.021257613110343285e-03,-7.056800840638238065e-04,7.809433686515672435e-02,5.071212986856873245e-02,7.447132876926648715e-02,4.395215946365674253e-03,8.708967987375202183e-03,-1.321795973087038986e-02,-2.391454067969106881e-02,-4.779571526383417229e-02,8.803702464868314037e-03,-4.432085922090425387e-03,6.388646459452309093e-03,3.697838811229150428e-03,-3.190672834269733891e-03,-1.432154881949249461e-03,3.940744820962975049e-03,-5.599153884065048974e-04,-1.214137400882362794e-03,-1.957511167228654422e-03,9.706455785900263821e-04,1.663672315344373815e-03,6.873020284015495451e-04,6.972269757001392629e-05,-3.350250761546583428e-04,-6.505370948370420509e-04,2.149306397505848547e-05,4.794543523194201465e-05,-2.798507500284122605e-04,-1.963538451976636697e-04,2.086840821799271120e-04,-1.305315567778893651e-05,5.407170873799899152e-05,5.185534241555511567e-05,6.785040890371379539e-05,3.014001783549282733e-05,-1.043891010130012739e-04,4.168003410653508823e-05,3.445174305789078454e-06,4.695422152779899855e-05,-4.624880655462221171e-05,1.077428349564789833e-05,-1.110806632274490281e-05,2.321774043441070298e-06,-2.333011869853801362e-05,-3.025590357002943811e-06
1.000000000000000000e+00,-1.432484410924651064e+00,-4.317060317597593011e-01,3.612895690494981327e-02,1.062747651530060976e-02,2.028123250580258705e-02,-8.128861871938225514e-02,-3.740332196543413867e-02,3.846001849354598739e-02,-3.420558824725588448e-02,5.695450134790001548e-03,1.404858997838161726e-02,7.265849049404668296e-03,-3.479502707669226806e-03,-2.064840028649303928e-03,-8.949699400270171371e-03,1.223347821716316798e-03,1.080085848408214718e-03,-7.523627535936406110e-03,8.676454101235671649e-04,-9.740546160027025585e-03,2.235880208563825050e-03,2.731111511660717201e-04,2.173703098066056497e-03,3.086431840849889873e-03,-7.129610697644294531e-03,-2.551767696850920208e-03,7.139435985470373239e-03,-4.900366089823016830e-03,-2.345209233617175527e-03,6.808061813364074243e-04,-1.082328642525083942e-03,-5.667295625656082643e-03,2.901364976481800718e-04,-3.324282072130866402e-03,-1.042099767139580482e-03,-4.384008963972951811e-03,7.977416434069195712e-04,-1.770893214735853611e-03,1.829119058655011764e-03,7.310702022224693526e-04,-3.793072310989564376e-04,3.103103223504161102e-04,-1.020957076847450566e-03,9.914878930319957957e-07,3.116728211628944437e-04,-1.033371674787192862e-03,-1.726640223206042830e-03,-7.734871757164454116e-04,1.046463366463876903e-03,3.426365190514292069e-03,1.110040361766413989e-03,-8.302845536149815837e-04,-1.196211018127146461e-03,3.783564850739191770e-04,1.639523224052714847e-04
0.000000000000000000e+00,-1.422563195946654702e+00,-3.560424643091931185e-01,6.502269306582146580e-02,-3.628843189214783077e-02,5.213127489745581628e-02,-7.778628559631524386e-02,-1.377149029115146096e-03,1.618926283094606830e-02,-3.848522165914047138e-02,4.782570208852930486e-03,-4.127402389129956883e-02,1.557457328249398087e-02,1.014126302355039186e-03,-9.744821645114157271e-03,-8.952606054768099883e-03,1.698611654473710861e-02,1.780068666668146657e-02,-1.414870222993172251e-03,-6.814615573668419621e-03,-5.072937597419570864e-03,4.619296232360305642e-03,5.324443714736631743e-03,-1.756120965803211452e-04,4.860040172989718403e-03,6.829017667056699534e-03,-7.794376154991052540e-03,-5.845122583913624388e-03,1.046665228877175901e-03,-3.604578219637116212e-04,1.786624043897957863e-03,-7.422725642924174645e-03,-1.576988100353761630e-03,5.732847830622554361e-03,-2.632177033627628761e-03,-2.404253618917473988e-03,-5.384243284991348591e-03,1.762607387629418600e-03,-2.759831793060578062e-03,1.410453825914450860e-03,4.214339110977537162e-03,-1.259506554563087806e-03,-1.838124363880152797e-03,-3.697557867633554599e-04,-1.276799445990775463e-03,4.255204089176606156e-04,2.876772311744211271e-03,7.901271514557576094e-04,-1.044848130675846577e-03,9.887597468255136194e-04,-1.048542451837446978e-03,-5.604550148634638261e-04,5.723386846188342064e-04,5.421900642191339282e-04,-4.840140884038646369e-04,1.729708325048222328e-04
1.000000000000000000e+00,-1.402335262970204166e+00,-9.193983482456256906e-02,2.223953541854417279e-02,3.791986165107297246e-02,8.870961366254634384e-03,-7.301279393383108829e-02,6.635196276043329143e-03,5.221307759969132101e-02,-3.460878391985974800e-02,-8.826836275631456258e-03,3.932371993815668432e-02,5.712297525760664380e-02,-2.830804814956935228e-02,-3.009424780077710887e-02,-2.092174225569680586e-03,-1.477386062328829575e-02,4.213966588026248766e-03,1.590049745710304940e-02,-1.756714925407471331e-02,-9.618467483260921200e-03,1.486372678322007805e-02,6.951156203832307805e-03,4.211730461062432491e-03,1.669887325033457721e-03,-2.516494785018587657e-03,1.779714430148342935e-02,4.228496236045628347e-03,6.813885613214132678e-03,-6.747508712210833863e-03,-3.651030031015009558e-03,-5.032890683555882837e-03,-2.189013234362601010e-03,1.407593490177296491e-03,6.964094721086428082e-03,2.106821700351365918e-03,3.838525267771901190e-03,1.577211409055212683e-03,-2.341386301390310700e-04,-3.220692021360423239e-03,1.951933852094457210e-04,2.296952121998573786e-04,-2.369414135984855129e-03,1.986593170054726362e-04,-1.449324069310480630e-03,1.421328400006419612e-03,3.344657628967356833e-04,-5.907925811426202774e-04,-5.518410019104823695e-04,-6.480203024849895497e-04,1.224042151567779487e-04,-8.277329179955254031e-05,1.353044131758724669e-04,-3.539887108755844443e-05,1.456133521785285035e-04,-9.670000123422331430e-05
1.000000000000000000e+00,-1.387538641815950546e+00,1.019548753743629993e-01,-9.934748433538201362e-02,6.796489376615795150e-03,-8.587120066208515923e-02,-8.422290493174555692e-02,2.699543168173117180e-02,-5.410008069064005387e-03,-3.144135129376866150e-02,-1.498824385026914681e-02,4.699663626239713315e-02,4.065262644318263716e-03,-1.696434628091115712e-02,-7.772159132898878373e-03,1.659728248052159613e-02,-1.224724080177667929e-02,-1.910578832047285253e-03,-5.089476432251577309e-03,-2.655053371468037420e-03,1.660019870916497678e-02,-1.207506334187323158e-02,-9.215392540005253388e-03,-9.333990001461765079e-03,2.045800294076320115e-03,1.363487998176472933e-02,7.634237839100467375e-03,-2.617578298041128414e-03,6.498693533980538437e-04,-4.453703948678226082e-03,1.651824307695833093e-03,-2.871698012066342936e-03,2.050541862447495707e-03,2.890091106337453614e-03,-1.436018705602084417e-03,-2.919207587682891986e-03,4.425869851422605840e-03,6.555225325859759776e-03,7.297007315153723750e-04,3.423407128100835767e-03,7.058435448405261546e-04,-1.365570010114796349e-03,9.937545092581255915e-04,-5.805879721357966967e-04,1.641460265386267617e-03,-1.722675339589383424e-03,-6.770694830024547419e-04,1.894722747050222840e-03,1.080742498347849303e-03,6.150796348643511238e-04,1.318223006515311605e-03,1.325501567604188782e-04,3.645666386638900355e-04,2.236923694491580058e-04,-4.911045438662083821e-04,1.348016086429584196e-04
1.000000000000000000e+00,-1.403858729339583222e+00,-3.144330795456086181e-01,5.815933916694381554e-03,1.946701887679071858e-03,-2.098978113346954694e-02,-6.655663760018033781e-02,-7.992586450916362717e-02,3.142314624873154133e-02,-1.791767006857841391e-02,1.887083263494446564e-02,2.065005449699854057e-02,-1.537880965864333108e-02,-3.584436735502380227e-03,1.150666841753822216e-02,1.349207681491994618e-03,-2.740809555854991676e-03,8.738593023172872704e-03,-4.916501620536277949e-03,1.751617691922431694e-03,-1.513321444856957241e-03,6.128581850560417370e-03,-6.321542086165505593e-03,6.479590824059682820e-03,1.468688645170873955e-02,1.720710506485292153e-03,2.563933445956792338e-03,-7.414672902207300378e-04,5.659055262998890536e-03,-5.031085662521259452e-03,-2.100875394396197870e-03,9.886107853737811230e-03,-7.331597581075934575e-04,-3.904965093633711720e-03,-1.574228278499713741e-03,7.183321728035551223e-04,-6.796963422351259051e-04,6.934720244962440535e-05,2.119547553221465003e-03,-7.713075708996237380e-04,-2.239511520997173374e-03,-2.141316682540254663e-03,3.879288133523820306e-04,-1.381539646013101941e-03,2.953613694369703561e-03,1.065533893413804761e-03,-9.078861985740444430e-05,-8.550107057311057308e-04,-1.915215629265624693e-03,1.318427946303425214e-03,-1.189029674616826678e-03,6.305219334308763109e-04,-8.043738641778675489e-05,1.382297190606047218e-03,-1.722031609248353108e-04,6.126987901511381576e-04
1.000000000000000000e+00,-1.385208237131376974e+00,1.454053341133517419e-01,-1.706640429549625970e-01,-1.715669218882440727e-01,-8.097709601173765093e-02,-6.249836611442792511e-02,-7.160113900569760326e-02,-2.593540348975673440e-02,-7.597792680023173102e-03,-4.394101263876230845e-03,8.489819303657240857e-02,2.899467053408461698e-02,8.481645851661533727e-04,6.599713631695343710e-03,8.447704382885824065e-03,-1.258172824192863026e-02,-1.324794746444056016e-02,6.958543420251727708e-03,8.354080893683385814e-03,5.000114508265847760e-03,-1.758262552700103412e-02,-1.471669247618525439e-02,6.997458899315270493e-03,7.685900729209097469e-03,1.752015854907552298e-03,-2.230903650937161604e-03,-9.309044375368627500e-03,-5.391816637093877450e-03,2.186789662066000294e-03,-2.529035808818458179e-03,3.994467123293965125e-03,-8.928850741223419993e-04,1.096526163558516655e-02,2.983653153560608413e-03,8.142793540578524818e-04,-3.482475936881689049e-03,-3.081861727444386821e-03,1.098084762796526937e-03,7.719060499970043041e-04,-9.128727966990224114e-04,2.722801972853237159e-03,-4.485371973892026310e-04,1.007367903468783625e-03,-2.161384143162907879e-03,-1.496560855146287085e-04,-2.433752578536571749e-04,-3.056501298384296968e-04,-3.448484560851179984e-04,-3.405623376692166809e-04,2.561799306836771398e-05,3.625796733123945264e-04,8.409586639684688502e-05,5.654929491959256481e-04,2.199914502387724004e-04,-2.547920728217297078e-04
0.000000000000000000e+00,-1.422403735181969830e+00,-2.783770579129691836e-01,4.058566930043266963e-01,4.423608286390205702e-02,-1.029772405972286115e-01,1.961089663156234120e-01,1.769966900417167116e-02,5.154225499941084317e-03,-8.349989723306945957e-03,-1.966538161844887111e-02,-1.565673114944969579e-02,4.044743215065823433e-02,-9.892208067097575316e-03,-9.085011302999835767e-03,5.359048804156579804e-03,7.666934228053932758e-03,-6.843267930654861435e-03,7.970165555502631283e-03,5.537433080885280356e-02,2.726271543180193088e-02,2.152500083626890728e-02,-6.885130239484513540e-03,5.791807682601059389e-03,-3.546794044406454890e-03,1.162257100451693018e-02,9.824213998925132325e-04,-2.405462994107186465e-03,1.539745904846227158e-03,5.119353845905715039e-05,-5.154422145459224176e-03,-1.073409244377899856e-03,9.100921028543326220e-04,-2.553023544567031952e-04,1.614017680829587620e-04,-2.045086730674663348e-03,-1.431486783101255326e-03,-1.760129799764512462e-05,-1.835495580299494793e-03,4.586286696633744769e-05,-7.265238363297074967e-04,-6.627578592953431436e-04,-8.978383030805030555e-04,-1.070910832895516232e-03,-5.446387103275006619e-04,-4.560494274320621671e-04,-4.294889686814048970e-04,-1.015140089335311814e-03,-3.660222024108898339e-04,-6.592584307573152568e-04,1.905311292863978809e-04,1.782628159870618503e-04,-3.075067693404743359e-04,-3.872046683440847346e-05,-2.175219514627522066e-04,1.312018049746788801e-04
0.000000000000000000e+00,-1.404931550846912236e+00,-1.139836472776915854e-01,-1.118172158588649334e-03,9.557266874104655696e-02,-7.148386437752826672e-02,-7.567989060874104335e-02,-7.138569166609202987e-02,4.864119253038875351e-02,-4.624136321852526793e-02,1.460698632380709070e-03,2.095259484016926549e-02,-3.965667411831802491e-02,7.713677386643443337e-03,-2.218676732076800204e-02,1.676212730495449388e-02,1.377273494614132850e-02,5.784180373497238223e-03,-1.433213337650917144e-02,-7.246266576987502386e-03,2.901476518449076780e-02,8.067706914772288310e-04,3.752259412126750454e-04,1.220927508939697150e-03,3.619875448352938372e-03,-6.461412607168922489e-03,-4.855009145938779698e-03,-7.419438099001782888e-03,5.049292544950317006e-03,4.359617126562046092e-03,-1.290875450785349725e-03,5.487044387813117506e-03,-1.562405024504836257e-04,-2.586351386055742250e-03,-3.437470506429731246e-03,1.269142198827640997e-03,3.391510351974001084e-03,2.064793632673837028e-03,-1.223177700321501082e-03,-2.603904067191781420e-03,1.879744577123644914e-03,4.224966644742672583e-03,-7.845498436022000852e-04,-1.419673455473727947e-03,-4.174003300340509322e-04,-1.251123614791737953e-03,1.797695299177688028e-03,-4.208532435248664547e-04,3.851941939708332634e-04,-5.133388097955878015e-04,-5.903804223392310202e-04,-1.672234772376347540e-04,-4.376695766231734853e-04,-1.120070402182132352e-03,3.164436146207599051e-04,1.094932194372121519e-04
1.000000000000000000e+00,-1.408069820424660001e+00,-4.062539184132916148e-01,4.142152541795882971e-03,8.437561635830463647e-02,1.549135866557515510e-03,-8.093457078711338570e-02,-4.920056090517050534e-02,-1.751250721331317275e-02,-2.926826912802247410e-02,1.127368749499380735e-02,9.236930328501357593e-04,9.650386261724732545e-03,-3.001424089319486201e-03,-1.471719683955421618e-02,3.213503829847489703e-03,-1.022424467662836137e-02,1.118436784441386930e-02,-1.492761697790459183e-02,-1.125013146341757734e-03,1.987764567180164837e-02,-5.656303792483101823e-04,1.203302779314326283e-02,-1.637112783088998406e-03,-1.421598421531757028e-03,5.210055721191956743e-03,-5.768431812855578933e-03,1.129948482385661514e-02,-7.079911403701236866e-03,4.351047891965957072e-03,2.808617848541311232e-03,8.901246036342519083e-04,-1.191748197872424786e-04,-6.090888469282610199e-03,3.983282159846835736e-03,-4.635094250884717708e-03,9.081877754176764361e-04,-3.448920511690390864e-03,-2.685793052115021187e-03,-1.310788364747447700e-04,-2.010823365072385207e-04,-7.288845459807261886e-04,-1.108165464489267510e-03,-1.708604211939952907e-04,2.568926272335728467e-05,1.040550655655066159e-04,3.860433454112757842e-04,4.945883216896669989e-04,6.544910168754482964e-04,1.215298471011746958e-04,-1.026124006730761920e-04,1.929026984201843422e-03,1.045952610445870018e-03,8.912276103126779694e-04,4.656916860850591642e-04,-9.524282618423561293e-04
0.000000000000000000e+00,-1.351948956350578213e+00,3.480037902978077580e-01,-2.502298409467928683e-02,-8.810931011328040213e-03,-8.842372186465973123e-04,-1.108524892518680527e-01,5.063854335277764157e-02,-3.762283775473221348e-02,-1.808375858364710126e-02,-2.131627038318140502e-02,-7.045791833247382063e-02,-5.558026366843716627e-03,-1.925285585560206417e-02,3.791913244163538921e-02,-2.886542737884708817e-02,-3.683106114458812447e-02,-1.543663885724763738e-03,1.621246346902440252e-02,3.627370790415609145e-04,-3.698910886831676369e-03,-4.922947460060934227e-03,3.656904507789878606e-03,-1.575365819215647804e-03,-5.124749333758608916e-03,5.120477997109427158e-03,8.202857645849411308e-03,1.678547960085783513e-03,1.202613730189920627e-03,9.289953430886541174e-04,-9.880416640942697726e-03,9.291967678131989733e-03,-4.381630809229293891e-03,-5.854160274746295122e-04,-4.465262247513699864e-03,3.367088294935628723e-03,4.586361647782371750e-04,-9.829872893812288855e-04,-2.270312886613141002e-03,3.465210108742012608e-03,1.912440845834133263e-03,4.810543753191268574e-05,-1.068449031495328442e-03,-2.377383726185167828e-03,-1.003142149074949920e-03,-6.092952733297658709e-04,-6.342298163517422161e-04,-4.071439944683867096e-04,6.466987084102294786e-04,-2.999399696728278076e-04,-8.257816496035368017e-04,-1.940347050734817153e-04,2.834473813536182111e-04,-2.166982354724732033e-04,2.651834479808180215e-04,-2.092200162622159993e-04
1.000000000000000000e+00,-1.299934547654436834e+00,1.137893812711864960e+00,-1.105536481127162851e-01,6.731849367311296128e-02,-1.838312365009503180e-01,-7.522374530604493403e-02,-4.244142124131629334e-02,-9.964324065818461890e-03,-6.315340613017319214e-03,-5.744853736600595562e-02,-3.409211933911878573e-02,-2.733562483859914519e-04,1.435769766050662768e-02,-7.015253980227707971e-03,4.707203679782100483e-03,-2.167364569161450705e-02,-2.013191516878958323e-02,-4.819469493172451498e-03,-3.505808833177011339e-03,-1.421488924664444237e-02,1.129819934057388689e-02,-4.828803833622957557e-03,-3.693841843425232333e-04,-1.774719945589418174e-02,-5.118845675489093819e-03,-1.520449231506314225e-02,-7.997843373522627031e-03,3.186355811390938469e-03,1.387383914983669406e-03,2.558315310284964630e-03,-2.085370338648715317e-04,-4.016401173252033552e-03,-5.599573475407202371e-03,5.158650118511653483e-03,3.152884711406433344e-07,4.094993392627936570e-04,3.905077607982508810e-03,-9.656454418644601703e-04,1.082921980272336321e-03,-1.544951999521915675e-03,-6.185152644081688992e-04,1.231840109501055247e-03,4.259037967065039832e-04,-1.698135865393370168e-03,-1.138927660015237973e-05,-5.544937462392873556e-04,3.294815847294747585e-05,-1.401496057983132740e-03,-1.530815985751470359e-05,2.317441619975821603e-04,-3.318890475437306507e-04,3.139676569117664227e-04,4.630771297610727076e-04,-2.678206301637625487e-05,1.903392536786373496e-04
1.000000000000000000e+00,-1.352209356452239275e+00,6.431941498103770360e-01,3.573865357761248779e-02,9.957901175797358173e-02,-7.159991158259559896e-02,-1.685377926908661686e-02,-2.429046389432200359e-02,8.793747919847055838e-02,1.111323719129073302e-02,-1.396567162953549733e-02,-8.230607469855212577e-02,-1.133723914925319556e-02,-2.505292697886080111e-02,-1.522022715765111202e-02,-2.479212840222297723e-03,3.941958132715081727e-03,-1.098603063971960100e-02,-2.181308147055196350e-02,-1.178534338066690966e-02,-1.264933514269544687e-02,-1.080228943736968915e-03,-2.169329794932508063e-02,8.090720660870154637e-03,-2.979234192949266682e-03,4.156492540730844128e-03,2.944050749872141950e-03,1.484757651830113500e-03,2.721603990165325556e-03,2.885460980922235647e-03,3.632560877392235210e-03,-3.673595416452405098e-03,-6.242690113531919284e-04,7.553369621415555180e-03,-5.322182016270174398e-03,-1.680627763202257544e-03,1.679602536185686437e-03,-4.447349422243995591e-03,1.623943336090176610e-03,-2.706680562948947811e-03,-3.063299184633717399e-03,-1.391559136786105991e-03,7.946094503701148400e-04,-1.788406222604707434e-03,-1.009981583487688361e-03,3.529630480965884271e-04,7.759103946923851555e-05,8.102083162601156222e-04,1.316788697136615739e-03,-2.859584841421392616e-06,-1.379061078462369633e-04,5.600654446798197664e-04,-3.178234596519342544e-04,5.466454654827543195e-05,6.604905808614319924e-05,-1.365345454592519620e-04
0.000000000000000000e+00,-1.370592053682092359e+00,1.545710263667534334e-01,-2.534842678528390070e-02,2.482287842809182549e-02,-9.342647686202765547e-03,-6.086865234413688791e-02,-4.466341143336305386e-02,-3.454912615090708489e-02,1.746696324080227250e-02,-1.191950223309950173e-02,-7.002180480108768923e-02,9.133479987966205277e-03,1.974257145815611417e-02,1.037329665790745134e-02,-5.789357918151124757e-03,-3.621705740333228118e-02,9.618932991046727499e-03,-1.093148681285413884e-02,1.719122626967439088e-02,1.347541941572248485e-02,1.528618804958230964e-02,3.411212330135460907e-03,7.768242800288240046e-03,4.276646358199925717e-03,-1.722653331806505003e-03,1.054063063762057315e-03,-3.532407891237653551e-03,-1.976153321300388663e-03,-5.984672190220343725e-03,9.830370900215669103e-03,1.853684857978764723e-04,-1.900405812334566994e-03,2.009051130720432721e-03,2.621599384910988564e-03,4.763202407520896603e-03,3.976866740843507976e-05,-2.941847138442859211e-03,3.451574125354067192e-03,-4.279819777137255400e-04,3.677835848941754093e-03,1.306673240410680407e-04,-1.016459466017732372e-03,2.370574267317409386e-03,2.284369653854867888e-03,2.082489395029336638e-04,2.351401034599408387e-04,1.509605711759687014e-03,7.551882550202597454e-04,-9.533689719668755934e-04,6.219372556215325455e-04,2.386343639389558143e-04,-6.988865760186542325e-04,-2.078161537512478619e-04,-1.138228891818629957e-04,2.739758455560518035e-04
0.000000000000000000e+00,-1.345502017815869644e+00,5.193000118104960094e-01,6.592173599447638012e-03,-1.441420155715998352e-01,6.189483836744085615e-02,-8.036258639195192899e-02,7.818712001130240230e-02,-5.206615742378471051e-02,-1.357043733357415904e-02,-8.466154973314497789e-02,-7.196921985306851954e-02,2.504136401562749234e-02,2.362118402351409338e-02,-1.721982617647734720e-02,-4.474485934224246841e-03,1.400640946194237589e-02,1.875446370181120884e-02,-1.089826921436815900e-02,2.869730358024032753e-03,-7.413795058711772140e-04,2.334432324235518209e-03,-1.078420282076805216e-02,-1.668938650359444095e-02,7.106141245236682370e-03,-4.955299556416842104e-03,6.106186840754267847e-03,1.174244487524902245e-03,-5.493781568897113110e-03,7.598571538753053599e-03,-7.500381395352281703e-03,4.078483521937538263e-03,4.574893647449146394e-03,9.583898633073223601e-04,3.778676545222616856e-04,-4.448538590260986067e-03,1.309293106248272769e-03,1.961798729321080799e-03,9.315927732867719307e-04,-2.211478108438144109e-03,-8.486527406158731867e-04,1.136281171431708292e-03,-3.947858928286285295e-05,2.607950741110630268e-03,-2.997467453444594133e-06,8.754355399516671821e-04,-6.969410202163041563e-05,-8.416238819519102413e-05,-8.018603803843754162e-04,5.914894613743137009e-04,2.916564877551781191e-05,8.493904059854199759e-04,-4.488391893093430802e-04,-1.670530295608180552e-04,-9.585637261009819702e-05,2.242756334812917455e-04
1.000000000000000000e+00,-1.334314698268133759e+00,8.817490353928807423e-01,5.693242055049067829e-02,2.300512127687199815e-01,-6.288592702653666988e-02,-4.106437628440264692e-02,4.874536372172055126e-02,1.026403944685141956e-01,1.008213667388870721e-01,1.626487998816800564e-03,3.689014512583006777e-02,3.944857486872722918e-02,2.942848874447370061e-02,-3.085679149132304188e-03,-5.254414368901499238e-02,1.724364695511706666e-02,1.822785811337998899e-02,1.954526108397199383e-02,7.531932116472440063e-03,-1.950694897059675886e-04,-8.906983407573216757e-03,-4.281194967263465823e-03,-5.662620397253862771e-03,1.698586323944315793e-03,-2.901028571537482212e-03,-3.573679311921778949e-03,3.438006750316487722e-03,4.922471143734890621e-03,7.359002453693526012e-04,2.441074679488664228e-03,5.569142340917742837e-03,-2.794367131366816588e-03,2.048161237148567713e-04,4.822962587051534962e-04,-3.256139399205049568e-03,1.408446735342314647e-03,-2.849287761771360662e-03,2.482452514449751309e-05,1.001720236899806627e-03,1.770031446978713192e-04,3.112124701307548025e-04,-1.468064668364639936e-03,1.728818392537302163e-03,8.124171954855853583e-04,-1.652601603837231155e-03,1.053305164009263160e-04,-1.093217737673056326e-04,1.269293715071173503e-05,6.130446310291205389e-04,4.533677248388710921e-04,-9.934520966540781074e-04,3.587371761551737584e-04,6.400816663504330290e-05,-2.689795212491096041e-04,-6.927621082869569351e-05
0.000000000000000000e+00,-1.322315331844758024e+00,7.630442584406087470e-01,-1.634193896230932697e-01,1.319999443897236779e-01,-1.565167001158432880e-01,-9.086345063434198011e-02,3.612665985422530007e-02,-1.004265177512464469e-01,1.237443660697535724e-01,6.665162517131054121e-02,3.051655764385182920e-02,1.556480468392075402e-03,1.438072007784727815e-03,2.695339044143174254e-02,-7.819802543496833305e-03,1.546663326210416002e-02,-7.997970998873815338e-03,-4.837542605471689509e-03,-1.379824655204654185e-03,-9.264339351154221927e-03,5.532104605054662984e-03,-4.415447555332763360e-04,-3.376106620526167371e-04,7.598023240642976656e-03,4.147350928296086002e-03,5.541097498997848286e-03,-6.408492277741381984e-03,-6.326819833599466383e-03,-4.361728365161916267e-04,9.296456648215251908e-04,-3.874223253942090869e-03,2.737100360857877990e-03,-4.634182642736955383e-03,-6.143328139662271965e-04,-1.332820462672248572e-03,-1.517872378815612096e-03,2.097134916549460524e-03,-1.364796851453045374e-03,-7.159097247475147479e-04,-1.333354969583298334e-03,-5.576502304573656768e-04,-2.398570611746599166e-03,-1.279303720068145815e-03,-5.546931377511618057e-04,1.595460178927217160e-03,1.172847066901768929e-03,-1.765049708144368049e-04,8.625203067990307084e-04,-4.776878452401014030e-04,-3.337810187330758085e-04,6.817663512118675223e-04,-7.384464897895199470e-04,-4.848267493305270944e-04,5.716630096661367248e-05,1.155803576422620796e-04
0.000000000000000000e+00,-1.391279408570417653e+00,-1.908867342697529446e-01,-7.783155831105745270e-02,1.026213404182157451e-01,-2.064002855805943670e-02,-5.938573959555656923e-02,1.639362390255053384e-02,-8.612797452369379270e-02,6.393754060384768123e-02,5.164585001193519598e-02,-3.506387080963483532e-02,2.071927364330144669e-02,-2.043524672932184663e-02,1.133008534950750816e-03,-3.169221522269793229e-03,6.357699435298740272e-03,9.666006526056423673e-03,-2.167261260072876269e-02,1.216436883675484152e-04,1.458363755447551410e-02,6.639976490202512821e-03,5.317571446695480188e-03,8.001233319403309313e-03,-1.788610223695902236e-03,-4.632484106901956118e-03,4.286572413955034959e-03,1.953801676754714570e-03,6.851096888696471543e-03,-1.847675926825796515e-04,-7.455223179768574997e-04,-2.120268166633921744e-03,2.480873334539663525e-03,3.941605231678792405e-03,-5.380181087260073889e-04,4.320064807006111221e-04,-2.552436427962420651e-03,7.201246949717539109e-04,2.076561806470473886e-04,-2.202778308114044115e-03,-8.505468536042400107e-05,2.796533515640761778e-03,3.436811974133285440e-03,-7.196377826150176810e-04,8.721710192688053370e-04,-3.562950103096252947e-04,-1.910107503654805226e-03,-4.666302503331034858e-05,-1.754588804284605563e-03,8.895876568581357604e-04,2.695097443717801139e-04,-1.051893776444165832e-03,1.424602735150167377e-03,-2.729526937895365886e-04,-2.508507361011620991e-05,-5.274855227951410087e-04
0.000000000000000000e+00,-1.058143717093640968e+00,8.302039465176958011e-01,-1.017869670593648801e-01,-1.632427917245488358e-01,-2.322545359345610724e-02,1.287365907850138158e-01,-1.042854807451883553e-01,1.090859408167891564e-01,1.047972096867013370e-01,-9.000739040811445157e-03,-4.603122094679971965e-02,4.508486181412096200e-03,-3.255248273190269187e-02,2.358827052872470697e-03,6.012419643094379582e-03,-1.069523810674680164e-02,-1.772706819403814527e-02,1.210801576038888529e-03,2.058167657837325915e-03,-5.544305757620364254e-04,-1.417595778110164809e-02,1.002926899468508173e-02,-2.354884186197329921e-03,8.092238189841137463e-03,-5.547279022894970220e-03,-1.313204904445043272e-03,-2.357534291351200215e-03,-1.048132431047123225e-02,1.425872020773184291e-03,-3.352404701355272704e-03,-1.793735354616247035e-03,4.779306229136065683e-03,5.573542340004585807e-04,2.176683038900508686e-03,1.324759929197948842e-03,1.949683588675437187e-03,2.228549098295176060e-03,-4.177377077277922256e-03,-1.115743821284033606e-03,3.035000976544541349e-03,-7.556369663920580251e-04,9.126938568594925234e-05,-2.296633081213573808e-04,1.613445127757947260e-03,2.984770295677987933e-04,-7.491725738742601674e-04,-7.005086386097559735e-04,-2.221240937383787159e-04,5.444148759100523975e-04,-2.503936140432083289e-04,-9.043161512766371925e-05,2.501503468096768785e-04,1.316079169339899031e-05,6.774447534551356856e-05,-7.111482044052706386e-05
1.000000000000000000e+00,2.575732549472652955e-01,8.180974039859995051e-01,-2.368560791980197366e-01,-1.248591043710763487e-01,-2.896068482071978770e-02,1.094619113241987601e-01,-7.170353361590044161e-02,-1.430283504761340786e-02,1.898327806065797443e-02,-7.031978789854027162e-03,5.039508337184341914e-03,-1.675980647064224602e-02,6.905731184407635018e-03,-6.793292520940656318e-03,-1.055893744217101769e-02,-1.282472868994828305e-02,-7.970107675693598875e-03,2.163666279508125179e-02,-5.848699607596096438e-03,8.817894864575482120e-03,1.119849004965003773e-02,3.663024458020675000e-02,-6.715301757602870104e-03,-3.055982455140070220e-03,8.582786025701921728e-04,8.005903350035983249e-04,2.794577974216214990e-03,-5.366208639299581938e-04,-1.466696528340143742e-03,-3.606890747955769118e-03,1.778517459159769309e-03,-3.451817247349985799e-03,1.428677463013069667e-03,-4.294455963390342301e-03,-6.305378611633415294e-03,-1.589739227571148944e-03,5.617166452028980262e-04,6.716367230223565035e-03,-2.260860210662018165e-03,-1.084374111907746886e-03,1.273444024718209725e-04,6.068281924181884905e-04,-9.238936073368521004e-04,-1.004775331957247350e-03,-1.946598379365434154e-04,1.223768275421543940e-03,3.981137365755849913e-04,4.172610730768777621e-04,1.907000586360920488e-04,7.075141406997729207e-04,-1.762220410627967932e-04,-3.242234545952774668e-05,1.459515595823769217e-04,-2.991633021034697582e-04,-8.181775451623273261e-06
0.000000000000000000e+00,1.834223284671072651e+00,1.610771020484996319e+00,-4.124563641117870438e-01,-1.746737194581491626e-01,-1.171283017225545620e-01,1.355202072244694467e-01,1.232952298622388629e-02,-5.021345938473083942e-02,-2.462114498640337323e-02,-1.778277318956273181e-02,-7.029126106608589919e-04,3.151988592160732267e-02,1.424672829148595707e-02,-3.948691057920625941e-02,9.366090620402072256e-03,1.495524747703567102e-02,1.456506750764585516e-02,1.247610114184806267e-02,-5.537952849151829213e-03,7.628546135462118023e-03,-1.448263572712785337e-02,-1.112869795553905403e-02,9.049897348854533258e-03,8.759098257198690181e-04,-3.014391318440284937e-03,4.429904362915688845e-04,1.505140323422398188e-02,8.946968411748010275e-03,-2.941576586781602474e-03,4.054873012221398010e-03,-1.567923905701191709e-03,2.102150379806835834e-03,-4.141885014203476600e-03,-4.216312430717887409e-03,3.455524072160174286e-03,-1.657883522545049084e-03,-9.204448062565324289e-04,-1.451344478995004496e-03,1.923413344694225105e-03,1.370539131530189780e-03,1.884743628835988465e-04,-2.503825013403294963e-04,-4.862847271897470253e-04,1.744247307123890974e-04,1.009918535359762871e-03,1.029682375172097109e-04,2.903281862649942217e-04,-3.271478915056148448e-04,-4.929446908576920602e-04,-2.601831314866168816e-04,2.253851837312793340e-04,-2.197013229690963616e-04,1.059727154256333753e-04,1.386646661687363977e-04,1.691871936365652290e-05
0.000000000000000000e+00,1.992785500663523557e+00,1.789397770469028925e-01,-2.831477360129012188e-01,-9.805714214643100612e-02,2.006655660502890820e-02,1.857598106482772349e-01,-2.554891631845149225e-02,4.567551465775232522e-02,-1.394785276930890147e-02,8.858417124776071794e-02,-7.133113579263453130e-03,-3.986460822478060662e-02,3.376095132924707837e-02,6.391687748426183612e-05,-1.366522319709925770e-02,-2.411227781399128550e-02,5.075137255920308954e-02,-2.651179052835105424e-02,-2.102849920949372269e-03,-1.039768113745171384e-02,1.376047892679258498e-02,-1.523097640176520641e-02,-1.209524583143418638e-02,-1.374394069719390554e-04,6.421285701956108358e-03,6.359791268652509148e-03,-4.944145795776921405e-03,-1.831612241203323414e-03,-2.441984900285318425e-03,-2.850757291073339680e-03,-2.379739544995089929e-03,-2.640490279379302790e-03,-6.432508718965059989e-04,2.998911634825470341e-03,-1.438586930118340148e-03,7.237912833446233677e-04,-3.377077146444451539e-04,-9.742479896317369353e-04,2.286115124120103540e-03,-8.946973041159480980e-04,1.358608602397995717e-03,6.276586011071789116e-04,-3.415875882886166540e-05,-7.371708772466219065e-04,-6.006939654183577953e-04,-5.544822909666533944e-05,-5.396115683840615584e-04,-1.739424206233472785e-04,-4.171183657933741741e-04,-8.121485690732791721e-05,-1.318461899831770015e-04,1.824153624021301499e-04,-1.562130383635659218e-04,1.675633167719809010e-04,-1.014705907535816079e-04
1.000000000000000000e+00,4.151626186200914503e+01,-4.299422849239061262e-01,1.541287464561659770e-01,-4.408701055338089952e-02,-5.161067914307222726e-02,-5.927200329594648626e-02,-7.666178595292556623e-03,5.358975761279813690e-03,2.200203302634038197e-02,-7.293177138123690083e-03,-3.900008120710867030e-03,1.193532805952435836e-03,4.151010149203558804e-04,-7.264224932029398653e-04,1.929760215965715562e-03,-1.192577944443519705e-03,5.480899443289599486e-04,1.365054663102466639e-04,-3.248386028472455755e-04,4.431530202470251433e-04,-3.609935636591589977e-04,8.099567262110579993e-04,-5.480904588062846233e-04,-8.051683911983076205e-05,2.321240345722541871e-04,3.178603340444888432e-04,3.524308529255490755e-04,2.044223446287084126e-04,-3.915818309532823283e-05,-9.262577953491609806e-05,-1.221544337141140173e-04,-3.394455866726731037e-06,1.532177652996701326e-04,-3.470762011164374775e-05,-3.978561042539385920e-05,2.568518325157084310e-06,6.451282166119437856e-06,-4.366048730633643062e-06,3.204205996604840546e-05,-4.527881257569556868e-05,6.117847521849323507e-05,2.783845628117296716e-05,-1.591447496676362633e-05,-1.682306541410749190e-05,8.055011501854661394e-06,3.043649720797475156e-05,-1.279783378514433415e-05,-4.397165184642009397e-06,-3.479736463712269301e-06,5.174616414276830708e-06,1.389165378315906821e-06,3.270369528600398615e-06,-9.013573464676138826e-07,8.845745839784999657e-07,-4.126341341955502852e-06
0.000000000000000000e+00,1.130469079469278659e+00,5.341535447172718332e-02,-8.378971510387157873e-02,4.344233768691984493e-02,1.859130664236299246e-01,3.099826775272366761e-02,-1.192806997296715424e-02,-5.491522929868066644e-03,9.483448100922496279e-03,-2.263515471773398444e-02,1.057303664064935048e-02,1.364003435604825565e-02,-8.050069035076202334e-03,5.139397033392027053e-02,3.326155189180148887e-03,-1.687666358302198147e-02,2.019714578792700110e-02,4.873942142484270074e-02,-7.347284140400632026e-03,6.353000236977194085e-03,8.902630744741662355e-03,-3.017415443498841846e-02,1.147978094220668960e-02,-2.698182473846153211e-03,-1.191650883821401309e-03,-3.894959751261849960e-03,-4.186104091484664416e-04,-5.836604933695516313e-03,3.244553374487129521e-03,5.014418023385983775e-03,-3.693046867816521511e-03,6.555281704198953749e-04,-3.311104384727424875e-03,-2.545461274318288735e-03,-8.022396756535480310e-04,1.112198576283259617e-03,2.476167981879662250e-03,1.045758880648781043e-03,-3.061707603234364253e-03,3.699408390095084874e-04,7.067993765993100391e-04,1.406643518801345590e-03,-5.691988699223907763e-04,-5.776903241614087279e-05,-4.510943390422017312e-04,1.166893950104945033e-03,-6.514678377587841945e-04,4.710917122630511986e-05,1.455306419992008688e-04,3.039053336719704638e-04,4.253451863038010413e-04,6.493667449463383021e-04,1.091956188608437596e-05,3.816720456734673928e-06,-9.797162047514224102e-05
0.000000000000000000e+00,2.237441954038101866e+00,5.823889615603722314e-01,-1.295799135283229042e-01,1.218450852188547179e-01,1.444293924183130684e-01,-2.076679182348522244e-03,4.522638606533754824e-02,9.671647834531347035e-03,-6.231927797300818722e-02,-1.169894833105608253e-02,-2.777612215725369042e-03,-3.688029684374595496e-02,3.143298019601842991e-02,-6.573472293882584409e-03,-4.778814142385189728e-02,-1.228196683395404130e-02,-3.514300704541357956e-02,-5.992280916487673949e-03,2.140176479303448204e-03,6.208798213674950744e-03,-1.264222986887405566e-02,6.035711599908741634e-03,2.178327781476464137e-02,1.712145305204199747e-02,2.959462822344917365e-03,4.062411676290181121e-03,-2.298833091841472054e-03,2.868775860378435221e-03,2.471328724646026410e-03,-4.802641441779610687e-04,-5.447553055180443492e-03,3.480734493651759312e-03,-3.374079330068089928e-03,3.525004188811139017e-03,-4.601471236463894679e-03,-1.219121573907098154e-03,4.823732266873518031e-04,-2.587761294245727881e-04,2.133869870230067900e-05,6.522920085384951690e-04,-6.250299416382476634e-04,2.016615943857202279e-03,-3.711436611227763774e-05,-7.404099729337495486e-04,-8.981853714211144799e-04,-8.612319936571807963e-04,-4.599732757688643095e-04,-1.219909633278365842e-04,-7.653862394065642956e-04,-3.357524423530277224e-04,-3.547655053965861221e-04,-5.216229974844415222e-04,1.106323318878241966e-04,2.078986219600496594e-04,9.801159176929645511e-05
1.000000000000000000e+00,2.611476897853253654e+00,4.980793056946730690e-01,-2.551400831385616241e-01,9.148487072722109870e-03,5.152547907910348668e-02,7.016379849875491181e-02,1.946798571237166875e-02,-5.137933696690323571e-02,-7.738647176560202456e-02,1.867059806523833215e-02,-2.488835036527795030e-02,-2.385330040780193200e-02,-1.985002853892682551e-02,-8.262075988509504088e-04,-3.140098530332897236e-02,2.600394649231381125e-02,-1.709499670523272410e-02,1.708024415335362284e-02,-1.467961308484829440e-02,1.413703507654567697e-02,1.124485032025371312e-02,7.848327391881704598e-03,-1.949795721541105554e-03,-5.339228820213987557e-03,-2.718337370429128701e-03,-3.300183638479068596e-03,-6.531291368818355897e-03,-1.032256216385293423e-03,-5.134118070799614233e-04,4.886432607001990787e-03,-1.172232133253742724e-03,-5.870276574550433715e-04,6.079983874564748488e-03,2.146610009643423397e-03,2.711765749182671291e-03,2.361634700953620710e-03,-9.847322717842501519e-04,-3.004260371200013786e-03,1.171355292186619960e-03,-3.652618251913991240e-03,7.446833969318864465e-04,-2.662042116557715183e-03,8.008122810091169389e-04,2.086885815990117184e-03,-5.156668756859512882e-04,-6.175710983845518346e-04,-1.500827317030574903e-03,5.676015439449752596e-04,1.629636712283107558e-03,-2.049711546874020203e-04,6.292894570606515862e-04,1.112920843871302633e-04,-1.199502914792641481e-04,-2.763897337032629529e-04,2.051126946391596396e-04
0.000000000000000000e+00,3.480485988492897587e+00,4.577771980776174088e-01,-2.531796695522727236e-01,1.332866531531530507e-01,2.922270734378095910e-02,1.024807784627576462e-01,1.177162262054344821e-01,5.922091341714574159e-03,-6.010871706522883523e-02,4.976103699426132759e-02,4.098429241683717444e-02,4.141652473772697296e-02,-4.120243477583352548e-02,-1.828529813628663320e-02,7.113743742213130862e-03,6.770870015599028159e-03,-1.289414738478953564e-03,-1.978279231109058081e-02,2.525881066227186281e-03,-1.662024095710020605e-02,9.805165614648482519e-03,1.655167346765115677e-03,1.010864421489095742e-02,-2.774528893117980243e-03,-3.758813425992765106e-03,-6.911947849564978145e-03,-7.532102399913982727e-03,-9.288677044824850820e-03,2.457820872210768337e-03,-3.319887412285857896e-03,7.089509361983584515e-03,1.940342910302474523e-03,-2.611179183812171577e-03,-2.968374808832242688e-03,9.204747573864077237e-04,1.673671994807733425e-03,-1.244520146450086694e-03,3.464965857003351503e-03,-1.001656315630466932e-03,3.593006005835243464e-03,-1.636125929719569553e-03,-5.432341017107094857e-04,7.155404601185051151e-04,-9.203696296755445446e-04,-3.022936303871373749e-04,-9.573285445218257615e-04,8.886254265050709360e-04,-4.274922594100420779e-05,5.073731628897662190e-04,1.406598988248384066e-04,6.295060579372693484e-05,2.261609245775650519e-04,8.402348383664004234e-05,-6.065551065387394419e-05,6.617093467434911956e-05
1.000000000000000000e+00,1.841189141789956185e+00,2.021008250302818443e-01,-1.587770591614384164e-01,5.096975570641851250e-02,1.164272597637774215e-01,5.272913100218286353e-02,2.895966600208266933e-02,-1.474662055545035086e-02,-3.327747124422466424e-02,4.416140749412435576e-03,8.788259389158231336e-03,-2.251259055632062571e-03,-1.156362651446804501e-02,1.263430991592701287e-02,7.785490452356609364e-04,9.045944068226978094e-03,-2.075495259876014922e-02,-8.084328758512780363e-03,9.896932990697007715e-03,4.976008702999055316e-03,-4.201319502556699614e-03,-1.478179497442141076e-02,-1.791086193879718597e-02,-1.238240698758950702e-03,-1.292841728731669755e-02,-1.580516789329904732e-03,2.785514016068598060e-03,6.025921622096649640e-04,-5.863042088136692989e-03,1.520929980388412075e-04,6.784172688782664357e-03,-5.020746091362248906e-03,3.207970979263803819e-03,4.161195635195949136e-03,-2.118529076549339855e-03,-3.715479295695942388e-03,1.734173921916546453e-03,-2.729894995580086324e-03,-3.048186943052375378e-03,-5.082562270980536942e-04,-2.205371040888483812e-03,-1.949034785429595726e-05,-1.947596037333983133e-03,1.669865632011910449e-03,4.600977599080868373e-04,1.165683499815230260e-03,1.805503859051402248e-03,1.086739082400820276e-04,-1.746344147224554531e-03,1.402577904799344347e-04,-9.515923323364865833e-04,-2.841588458305122512e-04,-1.673888698607657851e-05,1.369560829887556325e-04,-4.201252735265328378e-04
0.000000000000000000e+00,1.075648383988790702e+00,1.273334302528237594e-01,-9.289371019906809968e-02,1.636080092095938687e-01,1.121193795364506668e-01,6.500610502445501593e-02,-5.733120877487179676e-03,2.621100956933312964e-02,-1.027735613815788235e-03,2.199168450815403020e-02,8.523708912926895170e-03,7.482971809427096249e-03,-3.710324624784263909e-03,1.202003346374547373e-02,1.151155755145920161e-02,-1.511438130282585085e-02,-1.161678001121903107e-02,-1.454086030016168117e-02,1.486787205925981480e-02,7.983259861022684936e-03,-2.728358580828715851e-02,2.597125704461723805e-03,-4.162359014108702078e-03,-1.022911308853268267e-02,1.325176011332267895e-02,4.039430489813558740e-03,2.974149495203312100e-03,4.137350735053410208e-03,1.154458190921961447e-02,-1.029727350508223820e-03,-2.397237457493317514e-03,-7.551554355128364468e-03,-2.370838031936777553e-03,3.017080799970278063e-04,4.122938387388767369e-03,-1.541303219982266071e-03,1.744776898481737327e-03,1.409233454391049280e-03,-9.315522690379867549e-04,-9.187284220470771402e-04,1.319888148461159129e-03,-8.603065541161391758e-04,1.884530774827153539e-03,3.538802536155643066e-04,2.880386790849957107e-03,7.185693648392679116e-04,3.705490470400735160e-04,-2.991868669402513088e-04,1.345810063917714022e-03,-1.302072642851914677e-05,-7.064012004674091402e-05,-1.502501154192784029e-04,-3.192489739928723071e-04,-3.531769903452243063e-04,2.194084904952565095e-04
1.000000000000000000e+00,4.226259222753924183e-01,6.085575538480177959e-01,-1.435449301318042492e-01,6.053139700802661477e-02,7.030742387499935853e-02,3.570252421676097139e-03,-1.374818861016629569e-02,-2.509469450739646584e-02,-3.624675132841972475e-05,-8.378837730850806353e-02,4.878438339942157975e-02,-9.254842659338360922e-03,1.921664735610481914e-02,3.884483510308781723e-02,2.546848501209185434e-02,8.961686703788534353e-03,3.474064492392305720e-02,-2.314529328257636590e-02,3.257587966400663643e-02,-1.814418120886122920e-02,-8.593042522381888135e-03,2.007531593744690465e-02,1.994691388611944099e-03,-2.396979445948640899e-03,-5.418653465545739817e-03,7.080453609584552114e-04,-7.989109005790758378e-04,6.294262266393317248e-03,-1.696444974423534559e-03,6.365202648190657758e-04,-4.391773756508972511e-03,3.396094000664877984e-05,3.673657198737068780e-03,-1.654156399698425775e-03,2.326165398581842708e-03,1.041685548100712913e-03,3.660818270565438363e-04,-1.361755198323122331e-03,-2.311121743701809086e-03,-7.550400683759081336e-04,-2.293756818263748085e-03,-7.731057558698639382e-04,-3.044618109860974613e-04,-4.973346872132472377e-04,-2.195535196306632169e-03,-4.452387969612782025e-04,-1.051547050711552911e-03,7.343773529180935454e-04,1.555199237216496123e-04,-4.667756963551987124e-04,5.335611205160669572e-04,2.914664978784388795e-04,9.164829130395429359e-05,2.667979905829046981e-04,3.237965870712170805e-05
0.000000000000000000e+00,-9.639466959082533537e-02,-2.727226057566308204e-01,-5.925412629812712439e-02,2.058226355645509376e-01,7.674130729416162033e-02,3.097853139657678195e-02,-7.221381630650612615e-02,-4.433794594621501967e-02,4.051762120648621374e-02,2.168913062342826825e-02,-1.892731367932182565e-02,2.595813320967221751e-03,-5.320382516307258468e-03,4.459613774371090980e-03,5.824211033237265689e-02,1.154031341291724203e-02,-1.197608947654048078e-03,1.643229627994466716e-02,-1.604391036586994349e-02,9.362429567383871026e-03,7.960589401101106008e-03,-4.071763041800981892e-03,-7.925740242143614750e-03,8.081341224507380266e-03,-5.131531824361514754e-03,9.262975168907652953e-04,4.708201189773846343e-03,4.709079311535188835e-03,4.329833836264137745e-03,4.042358221087300721e-04,1.464658217684514378e-04,-4.531066119283257143e-03,2.384254071929651185e-03,2.847733187112408762e-03,-4.260745134353702453e-03,1.080046038690877846e-03,-1.297672801369503456e-03,9.287254931773172720e-04,3.412764225592281389e-03,2.108409315298577068e-03,-2.011784029958973204e-03,2.915968427800927614e-04,7.272832432431645521e-04,-1.863129868833253650e-03,-3.845234166040253703e-04,-2.213407393509961296e-03,-4.255929519851039478e-04,3.361873842682671612e-04,5.470848932601300165e-04,-1.230799649833977513e-03,-3.616385123060264408e-04,-9.461609576465050990e-04,-1.641309957556319368e-04,2.161912135027921778e-04,2.802906331977458518e-04
1.000000000000000000e+00,1.007867843522745499e+00,6.356381785626722403e-01,1.204240598171543719e-02,3.530491407189275677e-01,6.329489728362198975e-02,2.658305403092131938e-02,-6.065042891960802790e-02,1.046290321862967942e-02,-2.979969867937884084e-02,-1.943845253923052324e-02,2.091139807727796212e-03,-1.925069351404501763e-02,2.751926601213842277e-02,5.122226802426837339e-03,2.444287652748481504e-02,8.022344213460642220e-03,-1.779752594015594075e-02,1.435169032798604832e-02,1.958496792173509190e-03,-2.332494601658111413e-02,1.253085447249338395e-02,6.573851051486251373e-03,-9.333943835778277243e-03,3.002054921364766260e-03,1.126859341066225803e-02,-9.865453146471708616e-04,5.504122831136885191e-03,-2.696901488568781598e-03,-4.718768061613308994e-03,-2.365034357628126131e-03,3.075124497165637912e-03,1.018370525199419584e-02,3.336164999307188617e-03,-1.798598543001112601e-03,2.973849445030877364e-03,4.749662010847185978e-04,-1.256321706436170542e-03,-1.720677397204600908e-03,2.022328995080300163e-03,-2.178009884705082262e-05,2.931511240784929681e-03,1.252867643309318749e-03,2.937821837092263527e-04,2.756708695917540683e-04,1.142998772559997416e-03,7.558501504421143548e-04,7.737122314105934545e-04,-8.158601017990129703e-04,-6.517148978945019834e-04,7.201925969752279643e-04,6.716428571256287101e-05,2.142570287613740658e-04,1.370707164169654522e-04,-7.611812673410212711e-05,-1.664634645745450886e-04
1.000000000000000000e+00,-5.393944230929419437e-01,-7.086284762706809293e-01,-6.737396586332405034e-03,-3.814150951534550681e-04,2.268056384591619068e-01,2.342232037985977899e-02,-7.721001607574036474e-02,-1.790026846147315179e-02,4.946100716500022310e-02,-3.665774655933069781e-02,-3.433490974413463265e-02,5.703690132864209367e-02,-3.529091627043946799e-02,-1.247498670269662005e-02,-8.894694181851002870e-03,1.906662800049430811e-02,1.232873477840711659e-03,-1.556897305771672360e-02,-5.460532036660527624e-03,1.884130853270128301e-03,-1.583969104139677092e-02,9.312916295807847477e-04,-5.072537571734642495e-03,-8.599096641106533613e-04,-3.018719045278520953e-03,-8.871939727477967967e-04,-1.279730618757271565e-02,4.389001502506257105e-03,-7.619363605002522563e-03,7.456680825979748772e-05,-8.099002236309399460e-04,2.441947240587322068e-03,-7.178719582896677179e-03,-9.076874187665367587e-04,5.527716551952971565e-05,4.202057261269352109e-04,-1.717609762825363573e-03,2.679288172046165230e-03,3.942419646981131821e-03,-2.234377915336567457e-03,1.400067491833656549e-03,-9.130417907947436683e-04,-8.590344462107332409e-04,-9.232083768101668510e-04,-2.335181451656607109e-04,5.310249903892200196e-04,-2.405626917966478720e-04,1.115897091981025524e-04,-1.159224551886608827e-03,7.741009004764192380e-04,3.378996333701348343e-05,1.323663979619525623e-04,2.335859428471171871e-04,-9.380164008825634314e-05,5.412207251158259570e-05
