1.000000000000000000e+00,3.643727868237594536e-01,-1.227994961660237999e-01,-3.967750504503980702e-02,-1.043832491479309982e-01,1.914588790989267819e-01,-2.425955613383346324e-02,-2.939136621579462039e-02,-4.851421580597304467e-02,4.413331509508845035e-02,-2.015403884509328961e-02,-3.919703031498626700e-02,1.787156061603947105e-02,-8.056686950362476618e-03,-1.804924884596594004e-02,-1.416932455523213421e-03,-1.330479970468969111e-02,2.432160812348915097e-02,1.686817156942084159e-02,1.426236873650571155e-02,4.109842709539048879e-03,-1.138288091946583654e-02,-7.682229157921146266e-03,1.525045212982831418e-02,-2.312533015054898163e-03,-3.384119578478435829e-03,1.234795984425000707e-02,4.703012928881397485e-03,-6.140090147117989623e-03,-5.055801798101665877e-04,2.661161753364053428e-03,-5.451525245935677673e-03,-5.849222064561241177e-03,3.970424334944679806e-03,-4.341102844573764660e-04,-4.323672421207015964e-04,-9.504196137658615755e-04,8.036443590702414819e-04,8.092944082472967610e-04,-1.334873650317900751e-03,4.527915679213700452e-03,1.290697229994344254e-03,-6.858703390048457790e-04,1.241474827700952271e-03,1.623445052097383101e-03,-1.395958228115038455e-03,-5.363643508985859750e-05,1.986183391625442451e-03,-2.406492887303375507e-04,-5.696657108701453157e-04,-2.155397090646124156e-03,-1.493122337023362282e-03,4.707405310923274875e-04,1.341321650381105011e-03,1.078549329826077166e-04
0.000000000000000000e+00,7.745535098706498589e-01,-1.535667007236031223e-01,-4.048891438855113656e-02,1.537741962140323250e-02,9.549059599763878858e-02,-3.039417339973490492e-02,-2.382327662735062371e-02,-3.289249030194008744e-02,4.451297650795710964e-02,-3.324828698347401246e-02,-3.992990910338140454e-04,4.993402210958745868e-02,1.500497436280630315e-02,-2.620567310921099319e-02,1.911132256486808420e-03,1.823941351889728918e-02,5.028281364796494991e-03,-3.038447383611460415e-03,-4.568144814811320523e-03,-6.627447644375479043e-03,2.314426089821484088e-03,1.069253068806600565e-02,1.212164896062461854e-02,1.221588903039587913e-02,-2.868196308895103012e-03,9.714972707364382884e-03,-1.512548218538667597e-05,-1.607922267875891518e-03,6.238766432832377334e-03,-7.006908311812509033e-03,-9.297534526051656756e-03,8.415457828415699097e-05,-1.423134223792893449e-03,6.218166589018471165e-04,2.453322596356605993e-03,4.795880056100673347e-03,1.657635322884450264e-03,-1.031061378435661280e-03,-1.374180163260605792e-03,-4.690503871273158710e-04,-1.745436011484165131e-03,-7.483510713956304742e-04,-1.194982522192813328e-03,2.223334444961813856e-04,9.564891470146742345e-04,-1.653168341005754340e-04,-4.673291392567985813e-04,-1.262850189368376706e-03,7.635474864979977568e-04,3.652679079944540826e-03,-9.755824161931228372e-04,-3.938917480140096197e-04,-3.122550355891067463e-04,-5.445803433516366397e-04
1.000000000000000000e+00,-8.100037081947540629e-02,-1.255570863481365318e-01,-1.164025429699805519e-01,-4.361323547159516589e-02,2.832417598051967592e-02,1.455596169354667242e-02,-5.858093061685340497e-02,2.032911459568955206e-02,5.716752205831410888e-02,4.852106056076307787e-03,6.419105193554928632e-03,-2.606288744451560821e-02,5.567482729712732586e-02,-2.811920220987513402e-02,-9.611390951395562196e-03,-7.894675336604419771e-04,-1.490124450667589147e-02,-2.598140212696417595e-02,-1.636336784415142950e-02,-4.210649328494396083e-03,6.942827949819827330e-03,6.851721467322835664e-03,1.332097850350648892e-02,-9.976998229204009881e-04,-3.364413979140449076e-04,-4.689762211480013286e-03,6.911744170875513439e-03,-3.760435922566507470e-03,3.286012354491003439e-03,2.022277714305680798e-04,5.177606005773626764e-03,-5.322683695992543908e-03,2.962256706507394605e-03,3.762110976639352657e-03,1.695576628764506244e-03,-8.493985980003082494e-04,-7.372746590294041846e-04,-4.869152887814688808e-03,2.132185378811068868e-03,-1.668799522851583479e-04,6.202108913416075862e-03,1.517019830240885899e-03,-2.648298140155936221e-03,2.699600429477607148e-04,-1.046000899057758851e-03,-3.630655277300087616e-04,5.532894146651744655e-05,1.089252662651175874e-03,-6.681570770751188090e-04,1.443822955652181617e-04,2.710892624394139702e-04,-1.052648807245483995e-03,-2.154235228134079503e-04,1.107448641862011484e-03
1.000000000000000000e+00,2.473712808627734905e-01,-2.115745910225183823e-01,-1.378222967648794206e-01,4.349031781397376395e-02,-7.031379032980339394e-02,3.654278997801076873e-02,-7.714570678339978393e-02,3.097276308390534832e-03,4.644912895900182859e-02,1.117064878397515740e-02,-3.773009738443321853e-02,9.136946117231573364e-03,4.686305225294614546e-03,2.478618058682543687e-02,-2.782907586660704133e-02,1.877460312384898744e-02,-1.134042608073603442e-03,9.794195066923350873e-03,1.898929499921890932e-02,-7.154921971352868650e-03,-9.174095495104997097e-03,-4.649877560600498491e-03,5.581937961432182054e-04,-7.980064869473724176e-03,-1.475846297636213347e-02,4.834548486363490424e-05,-4.818135896747245336e-03,-3.764215369800659721e-03,3.040411786631779922e-03,8.524762868888067363e-03,6.849712053392706911e-03,-3.166754894607210283e-03,-8.058285776615917509e-03,-1.046556590247706099e-03,-9.701828807336131989e-04,-6.478005990778725777e-03,2.127484491497908577e-03,1.006256990520544787e-03,-3.410196106348267319e-03,3.257152405177206594e-03,-1.670620174573772261e-04,2.013895431444309454e-03,8.372861101169700327e-04,-8.594320908662914137e-04,-3.923146733815573270e-04,1.007656294207242339e-03,-1.145952492741349671e-03,1.128404061762608868e-03,1.427728030319022970e-03,1.202819273210304143e-03,5.472759068360466377e-04,-2.972341891615263481e-04,-9.415070309202092742e-04,-3.713758855584471706e-04
1.000000000000000000e+00,9.236813785656505793e-01,-2.452401679477483887e-01,-6.129335204098863843e-02,2.881385405598727717e-02,1.221389064489498966e-02,-7.138204658414856740e-02,6.258232739683274775e-04,-1.219774338735113255e-02,2.959952272798084538e-02,-2.446744734714315431e-02,-4.464965013569154907e-03,6.478834587467391729e-03,1.061046426339008752e-02,9.963429242081258894e-03,-1.442408936342335539e-03,1.209083063679813365e-02,-1.924571284693234879e-02,2.626853054915155930e-03,-3.429910503213772291e-03,-4.380294744240546649e-03,-8.601655002240633178e-04,9.475156952849499159e-03,-9.414585008287059895e-03,8.674226809130101620e-03,7.794165613518843835e-03,4.065637820475142238e-03,7.498967646000000717e-04,7.610583599394803514e-04,2.057453141472747032e-03,-4.013868623653435723e-04,-2.987520301074075412e-03,2.259013019994734854e-03,2.784164979984142876e-03,3.323811781910241282e-03,-1.376428921930989953e-03,-4.450068494628761943e-05,2.439270307765529968e-03,3.930533308086754836e-03,-1.238070096432746523e-03,5.947948479643555770e-04,2.847019224217298920e-03,-5.186969126470692684e-04,6.901813924426777446e-04,-3.556488586195641084e-03,-1.034144881059086227e-03,-6.686922032746128546e-05,-1.192956915637762016e-03,-2.418759513034476373e-03,3.873955757393802296e-04,-9.932810904665057526e-04,2.643463920025479388e-03,2.184422500899260104e-03,4.485700887683581796e-05,1.085426328405037335e-03
1.000000000000000000e+00,5.025328302299630900e-01,-2.294284939997044692e-01,-1.303551707273055971e-01,-7.135018786315461443e-03,-1.297033663196067894e-02,-4.890651228020534425e-02,1.059478377702206472e-02,-2.634747244462404617e-02,1.980917901521645971e-02,-2.963714228835657299e-02,2.317566357281999195e-02,-1.646824942115798426e-02,2.131713275010917868e-02,1.081748495146086196e-02,-2.026822000613032540e-02,-1.203560039641454575e-02,-2.193141195830149159e-02,-1.026493011496015621e-02,5.395668571774384949e-03,9.160600855887147259e-03,2.316779405839738265e-03,3.584460824642034596e-03,-3.508892194841020055e-03,-1.176210732133898054e-02,1.209561597545437926e-02,-6.440080601802028286e-03,-5.297960510236132854e-03,3.355444850788882882e-03,1.484213716029052959e-03,1.127709680055352659e-02,1.338803322941401223e-03,6.320014062815238138e-04,-2.474537112382702280e-03,2.147680629588334927e-03,1.780181372038875873e-03,7.977515982575816844e-03,-1.136918752478415949e-03,4.716931314887071007e-04,-1.245904475518797884e-03,-2.004814776960261048e-03,-1.756942173412562791e-03,-6.451202403200199638e-04,3.606357237571631777e-03,-2.068484128065221830e-03,-1.438480591970807887e-03,-2.531221825472112271e-04,1.726986975691467089e-03,9.025420699496422626e-05,5.820750790101547958e-04,-3.332322295160641237e-04,-2.512777218004797700e-03,-5.154532094315201129e-04,-6.725271464158203523e-04,5.497625341671754165e-04
1.000000000000000000e+00,-3.640647758958280578e-02,-1.625958936077954164e-01,-9.438860447340277626e-02,-1.009589280657502003e-01,-2.306354300476973554e-02,1.338401478032339720e-01,2.653181658062079284e-01,1.030853460707616132e-02,-8.930291034152040494e-03,3.964918787494317587e-03,-4.287268382218168555e-02,2.672309487903048661e-02,6.328685710818370003e-03,1.840627140656369079e-02,-1.341998849272219236e-03,-5.257677141125769588e-03,-1.768254751898821120e-03,-1.862124548290997744e-02,-2.118624571788704975e-04,-1.719397408590867329e-02,-3.925941911659212163e-03,1.707156998104344611e-02,4.778040397610476553e-03,-6.805668758672249116e-03,9.053892470842043322e-03,-1.338196676652183767e-03,3.733070094486964051e-03,4.509872852666391325e-03,2.728641077037897295e-03,4.045609562767404216e-03,-1.776041159753159824e-03,-5.050224179966414893e-03,7.091025299326976332e-04,-1.169416441678883733e-03,-4.886567249739651349e-03,-2.657516696341398997e-03,-3.068576160295381078e-03,3.793404507203751224e-04,-3.130576654086130242e-03,-9.497705789015324597e-04,-9.291361638658955733e-04,5.853316193325926132e-04,-1.609420176449058350e-03,1.374654105683798845e-03,8.588786067093665422e-04,-2.183753945413896124e-03,-5.339056202229877602e-04,1.551203904103121167e-04,-3.744777492550231636e-04,1.846924489780296132e-04,-1.762735671942166000e-04,5.675495433794693328e-04,9.847459509251902396e-05,-2.730893262226235610e-05
1.000000000000000000e+00,8.810263795194146486e-01,-3.288334686491228287e-01,-6.527769300930408303e-02,-1.093428541993646946e-01,-2.671841697635290568e-03,-4.658926189547674818e-02,6.440736559633678231e-04,3.878276630450758818e-03,2.125836491398479591e-02,-4.891629421439786657e-02,-3.642078294484506901e-02,6.714164248599841130e-03,-1.517854271432825600e-02,-9.265245579939566933e-03,-3.123350848173944011e-02,-3.146104801721939098e-03,2.675696689600448944e-02,1.102252378083600805e-02,-1.141654422432174243e-02,-1.041471102800683958e-03,-1.940610254273604507e-03,-6.225465640891724578e-03,-4.839225424018976131e-03,-9.540138617259797185e-03,3.962489140749936474e-03,-1.120716066938810124e-02,-6.672854294833948686e-03,7.570052584883074122e-03,-4.095647052487605411e-03,-7.484817898017939036e-03,-4.618807286155757023e-03,5.491414928809998548e-03,1.384242615339838049e-03,3.073915268511515520e-03,6.106221982158923853e-04,-7.150820706965552512e-03,2.048937970699573642e-04,1.847413783116962126e-03,1.234007858213359392e-03,-3.021203605178807323e-03,7.536538502777096393e-04,-1.866270935072615657e-05,1.498468865265231622e-03,-9.985982434513537582e-04,8.618159472915733503e-04,6.163142359549832487e-05,-3.734830257403612061e-04,5.166598948195616969e-04,-2.602623217125592334e-03,1.491356794063168243e-04,3.856021715183366654e-06,-1.781591592899406992e-03,-6.538167657114179261e-05,-2.464833297355178390e-04
1.000000000000000000e+00,-7.718234795044609520e-01,-1.796960968969283645e-01,7.520179403749763791e-01,-1.353682070181087826e-01,-1.051660123189778612e-01,-5.166459419153213856e-03,2.622761733759143218e-02,-3.038624784571454865e-02,4.084989380606927900e-02,-1.035389081429466743e-02,-4.190898104942285089e-03,1.134602807818601948e-02,1.651888992956124930e-02,-1.380644555870501333e-02,2.011924947059374070e-03,1.465464542933050431e-02,-1.276703366668157681e-02,-1.930608283102144135e-02,3.025437599069731934e-03,2.840043676548344165e-02,2.054688169582064797e-03,-6.962064550740052100e-03,-1.406109610073313703e-03,4.906691506703989014e-03,-4.052021847268659147e-03,-3.622386104314024875e-03,-8.060857852307101029e-03,-3.637453156411764310e-03,-6.572715819823826688e-03,-4.836671905306097301e-03,4.348327042744032410e-04,2.128081998256162611e-03,-5.864682281819501514e-04,-4.079289976307341227e-03,-2.031654724789359531e-03,-1.433032430733829346e-03,-1.730278448886170663e-03,-3.038121625662386447e-03,-3.932365472153366050e-03,-1.030115202631099982e-04,9.870015164572365062e-04,7.456766837255750929e-04,1.377599733936778507e-03,-3.074307438682431282e-04,1.115502830355600021e-03,7.939870071201824949e-05,-8.977482585240226893e-04,-9.024283267892974861e-04,7.567024036944074855e-04,-3.667892111603865543e-04,-6.240874498971468298e-04,-2.458061902961635901e-04,7.833804322036177006e-04,7.237814096401861937e-04
0.000000000000000000e+00,-7.577019050320414617e-02,1.309046283856085124e-01,7.184361689933592421e-02,1.384922295497910405e-01,2.908391317969818424e-01,-6.723204641358145051e-02,7.832508279677370677e-02,-4.503617633086521438e-02,9.798938379285306380e-03,1.359728644108885720e-01,-4.208078736066778180e-02,-1.941893659002040876e-02,6.703693387071139875e-02,-2.773175162935141366e-02,3.724304309197934079e-03,2.469181218245332723e-02,-1.303877872156865639e-02,1.719139491650339274e-02,2.308030523411049376e-02,-7.982312112060328119e-03,-1.191760987153374189e-02,-6.625557148655451464e-03,2.595770399804089219e-05,-8.718452827583442546e-03,1.197177608776674477e-03,-3.697634625380353830e-03,-1.058860820656346057e-03,1.217043381320742678e-03,-2.550172577903023468e-03,-4.871535648681195318e-03,2.295129372744084649e-03,1.343831878659768400e-03,-1.402654510556353628e-03,2.968644548377560258e-03,7.152691158738934190e-04,-6.111194271732025467e-05,-3.233466675583209979e-03,4.316773933245470797e-04,2.236092539610313751e-03,-3.180678656477146449e-04,-1.191861423291067784e-03,-1.412408960572035087e-03,9.291964851541084820e-04,-9.741227482171133838e-04,7.240819916779078769e-04,-1.561490640064012927e-04,2.162005075095660531e-04,-3.382196770981768519e-04,-4.161997055065496287e-05,2.358565310864596672e-04,3.250648737282817451e-04,-1.025847922192206366e-04,2.846912415589591982e-04,-1.868408338651942268e-04
0.000000000000000000e+00,3.751622578276246345e-01,-1.577981118991259868e-01,-1.223344480425957448e-01,7.998918661775220040e-02,-4.382655890908771640e-02,4.879280395634423562e-02,-3.523318124135900453e-02,2.160960842969272822e-02,6.255624254507591644e-03,2.221499487279766233e-02,1.452745487534032667e-02,1.604280303820677239e-02,2.014884416961148540e-03,1.592391508375814307e-02,7.045082186224163514e-04,2.308815997136066250e-02,-5.660767214850015959e-03,4.009452324656079085e-03,9.952416819758804628e-03,-7.134216833138930973e-04,-1.059904899499975774e-02,5.863823949319234979e-03,-1.752136216069293678e-02,6.838253460786707268e-03,2.301424183478242413e-03,8.265054467373942476e-03,-3.258898048582354809e-03,3.637847499322670059e-03,-4.180715702718844698e-03,-6.293832482059019511e-03,-7.634060214361383483e-03,-1.100962366404930736e-03,5.974002848182951892e-05,-2.832723706440582780e-03,2.127411714833358797e-03,3.583056162146481399e-03,-1.826039379967826738e-03,2.065357079056968036e-04,2.473918527435782846e-03,-1.757706379287326040e-04,1.040395181934963571e-03,3.193145644532187268e-03,2.596452629069068499e-03,3.144949142174913517e-03,1.574965346850156096e-07,-1.191401745628067237e-03,-1.070115626798869490e-03,4.222411184562930610e-03,3.810638054533853651e-04,-3.423350417161412644e-04,-3.470946637296679820e-05,5.501541859982270926e-04,4.306795157504699476e-04,9.027395817515860904e-04
1.000000000000000000e+00,3.238861761592612409e-02,-1.685860522715653953e-01,-1.330633206084765041e-01,-2.961618493601816948e-02,-3.432530876203348374e-02,-2.129653777116461907e-02,-3.171509115120323824e-02,3.060558346598269211e-02,3.408808721362925620e-02,-6.591295077333715439e-03,-1.995835347666632953e-02,4.070677231209482091e-03,-1.139668798591191831e-04,1.988583643117738248e-03,1.116111922360432662e-02,2.676915624555309577e-03,-1.051379377018599572e-03,7.502773551544611973e-03,4.672096185602456729e-03,1.275151272575793769e-02,-4.916461338078034760e-03,-6.386885421413085115e-03,-4.836756692916590640e-03,-5.021130061040857649e-03,1.104961437290861472e-02,2.587608188102090249e-03,-4.974016832243912181e-03,-1.073393470823914972e-03,-3.966687104996823726e-03,-4.516487377600411461e-03,2.918930141986508190e-03,-1.343197975720887734e-03,-1.274804882527914287e-03,-7.172848690924980538e-04,-2.457617261430174432e-03,-3.528683305118159919e-04,-1.206558499431215938e-03,-2.000243021723806421e-03,-4.337874225289536612e-06,-2.114553565749932931e-03,-4.529196674165742419e-03,3.883038210097465961e-05,-3.474234649208730701e-03,3.945244528821731725e-03,-1.427611445337061136e-03,4.027923601147981314e-03,2.125587921699180483e-03,-1.071871022603674206e-03,-7.269904802416046795e-04,2.475456556065860035e-04,8.011813040727683603e-04,8.456067606252907739e-04,-1.140763760798682667e-03,1.459038117776789798e-03
0.000000000000000000e+00,2.248042399084999310e-01,-2.088087364090800979e-01,-8.187323147746325414e-02,1.242628470022352077e-02,-7.823473057678244358e-02,3.744104755799214368e-02,-1.039109162898020286e-02,1.760669893680557804e-03,3.977699817514317865e-03,-1.438653027454274078e-02,9.407276775678426878e-03,7.815677736944999857e-03,2.818482742599242447e-02,-1.292095226103714446e-02,-5.935980451376700329e-03,4.032526653604118563e-03,-7.050056047954802313e-03,-2.157324004448245292e-02,1.712824771126966045e-02,1.618576767615454923e-02,-6.840832553979017856e-03,-3.985683853501861482e-03,-3.172325051966741385e-03,3.330627855455856826e-03,3.154242478735306849e-03,-1.273218006405797773e-03,-1.095532562125368361e-03,3.677962076173655389e-03,3.542746017248024019e-03,9.254254820486979526e-04,5.248865978029603613e-03,2.803241937810801391e-03,-4.021855800600493414e-03,-5.585055967350262621e-03,1.024084409666422722e-03,8.005120076363289290e-04,2.426742489348264128e-03,6.220878474519884321e-03,4.287991198874156404e-03,-1.121074468783149350e-03,1.740215855247062007e-03,2.409158793609696841e-03,-3.011012897565529256e-03,1.083195902051477255e-03,1.036568371534727327e-03,-5.189773746444438333e-04,2.144185142628467905e-03,-1.394427885232574476e-03,7.332942031807652928e-05,-3.087481027708410103e-04,2.236240369374463527e-05,2.458971592451192212e-05,1.756047491836247674e-03,-1.628570146214169435e-03
0.000000000000000000e+00,1.031137749083486099e+00,-1.968892954147663521e-01,1.054812143759691068e-01,-3.519561794376199204e-01,2.890328502577532155e-01,-5.611428998307542437e-02,-6.475894858145406219e-02,4.072069952469652143e-02,-1.013759320543095310e-01,6.295017286924894928e-02,3.972335555107136401e-02,-7.763759070212217228e-02,-5.995514643853104911e-03,1.873312852246757435e-02,1.802629174004001522e-02,-2.632442185575259073e-04,1.284834239659579831e-02,-3.271902511386520079e-02,-8.099927489891670454e-03,3.739544403328164731e-03,-1.175467414130219532e-02,-1.927296323540627233e-03,-5.267475647545269771e-03,6.834136242953264915e-04,-2.101271806245192178e-03,2.120333490399534636e-03,-2.456949096415418123e-03,-1.870088865563365125e-03,7.005981804229682516e-03,1.131994735666119268e-03,-3.481160168142212463e-03,-2.229345411258196099e-03,-2.037693027702709627e-03,-2.016246308709350801e-03,3.210275157082278998e-04,-1.941712426313268276e-03,3.856615048717965295e-04,1.193563925858803819e-03,-1.459568916712683691e-03,-7.429403946553395349e-04,-6.328398124792797676e-04,-1.843935007227861861e-04,-2.549784324186890150e-04,4.412176685808381405e-04,-1.899667902315396186e-04,7.094584199736718021e-05,-7.288602704718535842e-04,-8.523944684606140211e-05,-8.217034578664077010e-05,1.548080488258242286e-04,-3.053798727275649030e-05,1.065931197003638659e-04,-4.053122339269678146e-04,-5.444087894144316735e-05
0.000000000000000000e+00,1.025555314688734732e-01,-9.646909748586011968e-02,-2.532108396337786477e-02,-7.686502767227861022e-02,1.335109770182129896e-01,1.511404732460372782e-02,8.067568191406702949e-02,-1.897939441003041253e-02,-4.386548262136659437e-02,-9.700130908793083706e-03,-3.556670060221599206e-02,3.196127455534789052e-02,1.397477272345871990e-02,1.009635644774320266e-02,2.159676764527035733e-02,-1.388149143329424871e-02,2.945578154747907282e-02,5.593488355000535671e-03,2.745059234575344606e-03,2.729861700388074019e-02,7.293801401390159755e-03,1.665944905307828461e-02,5.361220561597778572e-03,1.509870278031620258e-02,1.010080550957719037e-02,-3.418887237630737798e-03,-6.578701332499647773e-03,3.265852767857361540e-03,-3.579539149418699707e-03,-3.751240454068549340e-04,9.796114737695262378e-03,-5.753610060791995717e-04,3.435021121545639780e-03,-1.118379994791339005e-03,5.796108507422488045e-03,2.471377697424971369e-03,2.081462121889731884e-03,-2.325582068904710580e-03,6.106874076392538979e-04,1.683517162333068905e-03,-3.319638726137192448e-04,4.031191255253825287e-04,1.181718765561473811e-03,-5.897845171569443198e-04,-2.087474688230953317e-03,1.401825149029769851e-03,-9.470031657950017234e-04,9.890124043096270613e-04,1.158284623472004803e-03,-2.612980672665372070e-04,1.480572839418480132e-03,-7.448082644017064904e-04,-4.804849065815131916e-04,-9.535479176671150499e-04
0.000000000000000000e+00,-1.309701417723344141e+00,-5.084072980731898367e-02,-1.690849097773481913e-01,-7.525341503944373012e-02,-5.522278414007383146e-02,1.348995602845594055e-01,-2.380556055929775386e-02,7.029991697267252981e-02,-3.779974675634881903e-02,1.470161244914671870e-03,-1.692057466686953601e-02,-4.122358700812977367e-02,3.368930680715652437e-02,-3.785676253411889014e-02,-2.699262101299709522e-03,-3.802466241988211593e-02,-9.376753338535302046e-03,3.741192774465969262e-02,5.257583361526280835e-03,1.741221782280511843e-04,-6.557596683342101663e-05,-8.385606030219294391e-03,8.487509093946727853e-03,1.135332647121095953e-02,3.635108865492701555e-03,6.723631737965007557e-03,-8.375295885816369523e-03,-4.709901190168214354e-03,-3.491827678369954693e-03,5.617777302102466321e-03,-6.527930792350853696e-03,-2.492579365893090974e-03,-4.052753103135088228e-03,-3.839947480350353916e-03,-4.422416726381041881e-04,6.306571308073534096e-04,1.236519395114431133e-03,-1.422353530147529941e-03,7.707908748198392208e-04,-3.230798063845021720e-03,4.442482983716013038e-04,3.140941424182928758e-04,1.967907491622999765e-03,-6.408620421723222388e-04,1.458444978632441290e-04,-1.269497849301841168e-03,-1.095355003320071328e-03,-1.491628873570007398e-03,-6.819084253357495353e-04,4.720887566005147807e-04,8.391176842862703433e-04,-1.316988615331060304e-04,-7.894942213209760727e-05,1.254655622967659854e-04
0.000000000000000000e+00,-8.733207743440724036e-01,2.691741747901486848e-02,1.086624937185074261e-02,-4.594840850278346378e-02,8.089818258673443785e-02,2.756210550562966377e-01,-6.552328933043280457e-02,4.179335147721424670e-02,6.810512987899729372e-03,2.633262805802342316e-03,1.119233820727259798e-02,1.872963331912216520e-02,-2.742601224427146031e-02,-1.245419712518922202e-02,1.409360664425344210e-02,1.893941134954648872e-02,1.332420871847610037e-02,-5.724811083682301328e-03,4.375217174238261314e-02,1.174704249000170855e-02,-4.402244435987604128e-03,-1.413090740788390141e-03,-1.135025164535070387e-02,-8.912066178288508694e-03,5.520714991674086081e-03,-2.966623586367967465e-03,1.394653351741532640e-02,-3.999892077427721036e-03,2.507002371013632505e-03,1.058865703426157688e-04,3.607778510281188576e-04,6.606027033714456133e-03,3.600079499455705479e-03,2.299159727103674417e-03,6.840802877489338346e-04,2.617103294571218076e-03,1.461777792840223853e-03,5.311283461111953284e-04,-1.931509710566802320e-03,-3.543330932497995079e-04,5.980676652086979990e-04,-1.801428526913214766e-03,-1.312393349957258941e-03,-1.733842528317931699e-03,-8.801095827215397625e-04,-2.759215339618426130e-04,-1.048564511883106308e-03,8.112115026231136712e-05,-1.208644091560461290e-03,2.602180808735445636e-04,-3.670463314004619726e-04,-2.997223195564884630e-04,-4.603962740593093867e-04,2.464825383119657117e-04
0.000000000000000000e+00,-4.253402073430523900e-01,-1.464380869678881536e-01,-2.245741864987911007e-01,-9.322566248039955775e-03,-1.469315719214082938e-01,-1.304554404808435514e-02,7.267155852053094889e-02,1.709944329437631388e-03,-3.763858631395969323e-02,1.704029966140496516e-03,4.638920952910464447e-03,-7.960555793331471064e-03,1.609777891836069660e-02,1.939065312333444063e-02,1.907744543343565082e-03,-2.123371456701575195e-03,-1.937760576550140793e-02,1.529948839346141967e-02,-2.742080119290454462e-02,2.844078732782328450e-02,-1.143333183444500238e-02,-9.673443968006529420e-03,-3.120544083928022353e-03,-6.382897346985527557e-04,-4.129726399684624169e-03,-7.598210386916436597e-03,1.130189099240458579e-02,-1.179569125267348681e-02,3.871533331932092002e-05,-1.896995815345674068e-03,-2.225492976920944235e-03,1.589681456218903057e-03,-3.360336649775567779e-03,4.514190700584357410e-03,8.473560433565020464e-03,4.514232300463962705e-04,-5.715050170598291734e-04,4.516988806039927721e-04,-3.644947048045669383e-03,1.707653276897058833e-03,7.057588465966199709e-04,-2.906754351433259772e-03,-4.766867337637438668e-04,1.396070755644021220e-03,1.973300557328895588e-03,8.967082811625470959e-04,2.099537587361402957e-04,1.054702039430397125e-03,-6.629857829720902079e-04,1.597023171798451699e-04,2.219393085016623576e-04,7.241776736610297397e-04,6.719127290118397057e-04,-5.886472390817898241e-04
1.000000000000000000e+00,-1.083491209432633530e-02,-1.783501910248832256e-01,-5.830048713649314818e-02,-9.852998511497639000e-02,5.312108982130871876e-02,6.739396910356006132e-02,-5.323533365560539909e-02,1.401707621124145527e-04,-2.436610391816032908e-02,-4.231719269482548534e-02,-8.047879910662854991e-03,-2.142256789035012002e-02,-7.281795645500953665e-03,9.145339715973133804e-03,-2.693069535609259393e-02,-5.418034636863094770e-03,-1.021543605559687741e-02,5.363792830161567132e-03,4.371759286930067614e-03,-1.836332595287074737e-02,-6.577409539130237405e-04,3.033681537573260957e-03,-1.130343174571456048e-02,-9.045588554262538883e-03,-4.817491678360198877e-03,-1.042184764953891889e-02,2.227141599295987158e-03,3.363471427149500488e-03,-5.751223853929347124e-03,2.058100135889790946e-03,-4.706932259734158269e-03,2.848705539743236204e-03,4.794257757863888518e-03,1.221475465851911812e-03,-8.874834542848587544e-04,-6.227403619977318026e-04,-2.903732623919542347e-03,-5.494482141775254048e-03,3.171607011736138435e-03,9.482297615231897537e-04,2.932727409583188644e-04,-2.305395521017911120e-03,-7.023832998208380789e-04,1.929487873843393824e-03,1.389726264754796844e-04,1.017539509711785396e-03,-4.810499800845216729e-04,-1.379644631292678038e-03,3.866244382324168435e-03,-6.301520154302637361e-05,1.327629057958868645e-04,2.894815462694512388e-04,8.263142223219765601e-04,-1.036645600479764321e-03
1.000000000000000000e+00,-1.035375665366246922e+00,-1.276151814489523972e-01,6.895797831308495551e-01,-1.246585898914825963e-01,-8.023641167507802874e-02,8.297806820567497216e-03,1.182428139159184648e-02,-2.563978745602425377e-02,-6.368422064910245900e-03,2.664508074135325810e-02,7.934891159616105178e-04,-2.329156652351789102e-03,-1.240528100111256728e-02,2.157242602032540674e-02,-1.171697285434437040e-02,4.988452048375243038e-03,-2.079291214567768192e-02,2.579107048530599605e-02,-9.635356732828549015e-03,-1.668871950160342316e-02,1.100046918698931002e-02,8.048892677515158758e-03,2.767294490427902286e-03,-1.221518546049215302e-02,2.034091246901703100e-03,3.077826338536793303e-03,2.674596975234103981e-03,3.454300005506363153e-03,1.790961427854055772e-03,3.102772750901563320e-03,-4.558082237795974510e-03,-2.160686364743492991e-03,1.154740469092857243e-03,1.027914205841113683e-03,4.022648834201399994e-03,1.270598979110945702e-03,4.185739980388873335e-03,2.742745542426096653e-03,2.938553446055905752e-03,9.901000061631830794e-04,1.771513343062797738e-04,4.921776769764005027e-04,-9.688899770967496607e-04,1.067063849228596121e-03,-2.685711088797400770e-03,3.157222723403189132e-04,1.052682781308019464e-03,6.188635878698468644e-04,-1.097534862480536912e-03,5.970596835344459943e-04,4.018867156545748338e-04,2.040573195884539282e-04,-9.788457284154311600e-04,-7.606447393091932824e-04
0.000000000000000000e+00,-4.187307506156729975e-01,-1.311920513217899598e-01,-1.607560716225707176e-01,8.094538987151736475e-02,-1.730027497516296031e-01,-2.516111007863920321e-02,1.622654858756045204e-02,-7.321111366478609550e-03,-2.717130726234989052e-02,3.439186570080481065e-02,-1.640752179671773866e-03,4.841457609692927620e-03,2.094473109870586755e-02,-3.502085569444539533e-04,-9.997829809249592428e-03,4.971392851203695028e-03,3.833358417236257080e-03,-7.605683264951025764e-03,-1.254162411773022089e-02,-9.314905682289703961e-03,-1.195043329249043801e-02,1.051464236629686766e-03,-1.102325066391336011e-02,-5.058391103118467513e-03,-1.321249513846545383e-02,2.204396722840648928e-02,4.282223769327748140e-03,3.482327506880445508e-03,2.845359325313114550e-03,-8.102248131977235826e-03,6.485298540832535458e-03,3.102515100070175370e-03,4.052737765486029431e-03,-2.982453090001656228e-03,-9.994356855944596169e-06,2.035392240852673814e-04,2.025745926239927441e-03,-3.879889622380622814e-03,-1.439271582108485976e-03,-1.931031148878404116e-03,1.204481890469479705e-03,-8.908445565835292762e-04,1.909725839416435587e-03,6.663307214740905654e-04,-9.390298015636927781e-04,-7.235910614923078731e-04,1.365842459858119661e-04,-1.742607409117219236e-03,-5.609183607162447280e-04,-1.456563258180330759e-03,-9.625641576004295144e-04,-3.650106864695236848e-05,-1.714073660870324379e-03,-1.121652041108282469e-03
0.000000000000000000e+00,-5.369832099097648914e-01,-8.036273068207741566e-02,-4.307057831829143313e-02,-6.322381185027697859e-02,-2.731067943797931084e-03,4.702135791891413896e-02,-5.639183643860942730e-02,5.030771672215909179e-02,7.327491258389696137e-03,2.061025008499986835e-02,-7.361910904671827190e-03,-8.001802495989614530e-03,-2.366497671321509191e-03,3.491110207138890809e-02,-8.616483570856373758e-03,-5.599078220907423818e-03,-3.619943250511815751e-03,1.042313787165754374e-02,-1.029663055789903879e-02,-2.270434146505319589e-03,2.374161767475942240e-03,5.596399068570731723e-03,1.788906702314989328e-02,8.905472297006614829e-03,-1.189666921794783373e-02,-8.755946238431080997e-03,-3.479736964242422220e-03,-2.132161847599654131e-03,-1.005723121923626610e-03,-1.022673434928602840e-02,6.456531579512165414e-03,1.138722882297388142e-03,4.336032670792602968e-03,-5.390672964369293187e-04,-6.771247064018679450e-03,3.339579219495812656e-03,-1.433772511653738516e-04,6.955048423685869508e-03,-7.939317494098918886e-04,-8.745876962751319723e-04,-1.192723669435471681e-04,-4.057328828948731508e-03,7.421767393143436763e-04,9.480896961691192551e-04,-1.323599347163478043e-04,-1.815387016153893014e-03,1.512499070463889980e-03,9.457480081860668948e-04,1.386678727561630863e-03,2.503234161585167136e-04,1.760876531189568221e-04,-6.055029770096639853e-04,-1.731827922888552599e-04,5.794680440573928004e-04
0.000000000000000000e+00,-1.481597866127278174e+00,1.508957623458249409e-01,-1.328482691889215916e-01,5.554981120206499423e-02,7.089474219560258986e-03,-3.179580807276726623e-02,-6.730078289071003694e-02,2.382486374641322457e-02,3.680007237950599919e-02,4.894080121650780379e-02,-3.969619967562792312e-02,2.927241471949065463e-02,-1.768633654053266072e-02,2.310051200617098486e-03,4.498318385321350976e-02,1.177762208996839532e-02,1.864000483017681439e-02,-1.842004833443919298e-02,-1.468567720487490812e-02,-1.820702348178917726e-02,2.170749391861253111e-02,-1.083429502359090427e-02,-2.657761193201439893e-03,4.231213799991957823e-04,4.035764801551194186e-03,-9.337141293247874091e-03,-1.234810883321646284e-02,7.686040861723815454e-03,1.536370269829546737e-03,5.573537014904001580e-03,-9.935515338599376634e-04,2.039018569301705047e-05,-5.801779183923191962e-04,3.004469659325369104e-03,4.833332529560079027e-03,-1.007741749479424201e-03,1.387494322714392285e-03,1.380568782911851004e-03,-2.843983528526538088e-03,-2.596355718110820218e-03,2.558543742017257462e-03,-3.867670739365057812e-04,1.180523517890673434e-03,2.808889131434122444e-03,-4.908255219291640225e-04,-1.819993885610185827e-04,-1.825197233210018545e-04,-9.500418331796006092e-04,6.264265374440364546e-04,-8.053331748062990294e-05,-6.867816701666687104e-04,8.906937772790315217e-04,5.818985458438054488e-04,-1.271699321622437988e-04
1.000000000000000000e+00,-6.059608773247145835e-02,-7.807094905541377139e-02,-9.255530951824635089e-02,5.180572989677038886e-02,9.040215685130059339e-03,5.762716203395470971e-02,-5.006506857148279588e-02,-7.772801284279430914e-03,2.286162223834778840e-03,1.278608137722566339e-02,2.892182131820348820e-02,-1.498780712577596659e-02,-2.825154191400100490e-02,2.329302409670637106e-02,2.720408524105667747e-02,5.274886901184982655e-04,-1.367385392680018318e-02,8.330464718496230492e-03,-1.307172808243330965e-02,5.682579484094350646e-03,6.964674734388055051e-04,2.778589651938142939e-03,2.024114800058866848e-02,5.894405890476825871e-04,9.064098457937437570e-03,1.744795688766144319e-03,6.193416865206749326e-03,4.816719813013666494e-03,-3.616947792551734875e-03,-7.003883863762972416e-03,1.113100153208192991e-03,7.029343440500535750e-03,-6.065099822388259933e-03,3.641712831230123435e-03,1.864545738991640889e-03,-5.117592880322050300e-03,-1.721181636913974048e-03,-1.604341980843859705e-03,5.699402005086811728e-04,2.645565599456306104e-03,-3.335019220944313023e-03,3.643336250024053168e-03,-3.792965672789631111e-04,-3.613736700101827085e-04,-2.240368270257244929e-03,-3.412540919736775386e-03,-3.763256628090335689e-04,-1.450125904160060432e-03,6.705521115257289050e-04,-7.558280565854262872e-04,-7.987935154646138170e-04,-1.716216736806484052e-04,2.380093199256808002e-04,1.356271639003114079e-04
0.000000000000000000e+00,-9.113105302595102541e-01,3.017869195987451375e-03,-1.616121721495154540e-01,1.308048168717827438e-04,-7.143110411254822122e-03,8.763247405329854800e-02,7.692661465157178691e-02,-7.524787527951203037e-02,-6.669877126354042951e-02,-3.702595511953777913e-03,-1.313254918125811646e-02,4.972344191762520862e-03,-2.220825031456491114e-02,5.166073689958586984e-03,9.741104697084697686e-03,-1.012611938598988008e-02,-3.114189075995206068e-03,-2.822831523182769628e-02,-7.483135067501249515e-03,-1.562875397293043631e-02,-6.415332748134001950e-03,-2.745661918739418159e-02,2.139173023101067356e-03,-5.462768859133300750e-03,5.444016767902228439e-04,1.987056777300311421e-03,-6.506955752431131321e-03,2.889797098300085892e-03,-1.817044312494854727e-03,-8.417126083228464520e-03,-3.867370965518942324e-03,-8.395043132566218456e-04,-2.530991745870876577e-03,1.086637316081129042e-03,-2.262207198034776531e-03,2.445000819323668931e-03,6.012762794049364944e-03,-1.212239138889584017e-03,1.685450119996635687e-03,3.070868613909424200e-03,9.753375949608576560e-04,9.162255534690114025e-04,-2.598729308788377932e-04,-3.391518691185686427e-03,7.486510328426251295e-04,1.723532549273906148e-03,1.604175821332373426e-03,8.489847842061806803e-04,9.896034296095765695e-04,3.135576064451989155e-04,1.526516200550784210e-04,-3.224655604508089952e-04,-3.502951621418421140e-05,9.148906523177148357e-04
1.000000000000000000e+00,-2.410920742692774787e-01,-2.222840335549051138e-01,-4.706448015401135110e-02,-9.899219853033326688e-02,-1.582059440100762604e-01,4.483042839182271866e-02,-3.707541538639342465e-02,-1.416161686407945569e-02,-3.853848055309422316e-02,-1.017314219898223502e-04,5.320011108875305830e-03,2.307052919635952520e-02,1.803617953307913233e-02,-2.536447747046806367e-02,1.144990253800090042e-02,2.366369533360004190e-02,-7.898327816500430544e-04,-1.204639164204610383e-02,-1.027090017759834870e-02,-1.808664470255530801e-02,1.392259114755235380e-02,-4.091466180356768782e-03,-2.382882380895985934e-04,1.766137323587282926e-02,-2.233238156093229291e-03,-1.975036911909765908e-03,7.097219613917969509e-03,1.009692775906364734e-03,-2.109229389298324705e-03,4.909429491791305472e-03,4.933575444079615034e-03,-4.274447356036894206e-03,1.714329212873947532e-03,2.781227284773931589e-04,-4.609349406735803727e-05,-1.597103151208453852e-03,-2.800904096532446427e-03,2.863032390127724560e-03,4.870197065490569285e-03,3.492989409749939871e-03,-4.167154475564118637e-03,-1.830500403016929820e-03,1.687940821129157477e-03,-7.448345841350321106e-04,1.280193025504230237e-03,1.939310406447025204e-03,-1.946272326129856386e-03,-5.437765562371718207e-04,-1.459354626581100753e-03,-3.965415953939513015e-04,-1.360374144605172152e-03,2.033803485667051432e-04,-3.201808199224008219e-05,4.520099845647855097e-04
1.000000000000000000e+00,-7.833449351559326201e-01,5.803520892106118351e-02,-7.009343417597252435e-02,2.012736674900134359e-01,4.429805842544666528e-02,1.518839411742314849e-02,-2.741107491085396919e-02,-4.771603597266891456e-02,1.109577337208212527e-02,2.366095782127200509e-02,-5.314124599896720771e-03,-1.672994539526560104e-02,-8.170794912406877802e-03,6.586550575943619923e-02,-7.112283288709195933e-03,-2.018831032767026343e-02,-3.618619781071114039e-03,7.650567856579337453e-03,7.058899137800635909e-03,1.279661327295152431e-02,4.298532349223453848e-03,1.781913663859556463e-02,-1.112198637445590069e-02,7.623400059232948202e-03,-6.375312803442354480e-03,-3.301727401896190767e-03,-1.395469325413728652e-02,-5.467722868374339830e-03,3.238607527449542060e-03,-4.837902809521048113e-03,-3.869022670046956460e-03,-6.513509764068219944e-03,1.357808836758513018e-03,2.458519412524914124e-03,-1.969494127252570479e-03,3.779575713196094600e-04,-1.646146763021146073e-03,3.332153364640013412e-04,9.065934429232686172e-04,-1.042393838141603206e-04,5.856640781583153862e-04,1.340177550752599898e-03,-3.100401596115529793e-03,-1.817256443622946270e-03,2.611429538616659917e-04,1.655201671288724719e-03,-1.724293641892267860e-03,-1.101187915194277566e-03,-1.358730716556923006e-03,-7.202755395217232343e-04,-1.905422138687074343e-03,-3.303262325084704116e-04,2.789989030047814920e-04,-4.791071290226665662e-04
1.000000000000000000e+00,-9.349687823417561772e-01,-5.636089608609386181e-02,-1.435441387900179278e-01,-9.520039237169074242e-02,-5.030559710706728610e-02,-7.342291002570307257e-02,-3.607883120791874343e-02,-5.547874504324675632e-02,2.419517429328814015e-02,7.372651617528143235e-03,2.040118250799608304e-02,-1.581817484151088957e-02,-2.440921811289986643e-02,1.341424902007187434e-02,2.284869525434779503e-02,-1.155532684751575147e-02,7.044502806658237831e-03,-9.426646908958294380e-03,-1.671576198493951990e-05,4.080394713003495863e-03,1.013632344841178257e-02,8.579427190799227693e-03,2.522924397698584741e-03,-1.787574280551491174e-02,-4.499637323530361263e-03,1.773460072726335685e-02,8.626714505884775647e-03,-2.506981044360329786e-03,-9.091773345240024978e-03,1.096991222075607971e-03,4.020308401622224408e-03,-2.300561136818710887e-03,3.462687241478317694e-03,3.341137833882120247e-04,-9.540906780798628700e-04,-2.152152061275714649e-04,-3.519626353839767473e-03,1.034779438229151095e-03,-2.065736103627801093e-05,-3.734167219704676369e-03,-9.415769363631549399e-04,1.333505886372546561e-03,1.641921123819533365e-03,-2.495475624072809959e-03,2.809206316016272617e-05,1.036777733049280793e-03,1.179175132773743550e-04,6.835243449322229992e-04,-1.630970868927439095e-04,2.027245085817786473e-03,1.100751042170863879e-03,3.301892649932354636e-04,1.938479538695526451e-03,-4.220973510318693921e-04
1.000000000000000000e+00,-8.565232963892446261e-01,-5.034659938969585080e-02,-5.688819079733908185e-02,2.900958719790074428e-02,-1.561090596301197356e-02,-8.877398709180163439e-02,-2.404939922594950819e-02,-5.701917623748768704e-02,1.488070356154883728e-02,-1.695215297386735639e-02,1.139042463017521508e-03,-3.580018893861935947e-02,8.515481352084807581e-03,-1.348943898618802477e-02,4.794326097783969953e-03,-2.255530996587472997e-02,3.003574409366200834e-03,-1.124344416267483888e-02,2.132851349129757240e-02,1.302450932346645163e-02,1.972837926851000317e-02,-7.921721280118671155e-04,-1.081559704376370591e-02,9.197193562780274848e-03,-2.067509945220881960e-03,5.146936670657424953e-03,-6.885561887947502964e-03,4.819983496116390063e-03,-8.872295465902120147e-04,4.336501728148081311e-03,-2.071899831570431748e-03,3.890930085936872979e-03,4.585543029643297450e-03,6.725457708696044564e-04,8.443933309172776611e-04,-4.252890528996018486e-03,-1.916738072374892183e-03,-3.712575537130102842e-04,-2.966298279428915890e-05,3.910447903294564202e-03,-1.019950232876564757e-03,-1.261789190112407293e-03,-1.859033399845377464e-03,-1.270544650489273798e-04,2.419115063740995882e-03,-3.513603309268675898e-03,1.984942162065526754e-03,1.407735573379323641e-03,-2.925004951106970237e-04,8.050744052951943480e-04,4.571711793512336030e-04,8.558521273283638264e-04,-1.747749401613295402e-03,-5.379346351867318965e-05
1.000000000000000000e+00,3.779064399907283156e-01,-9.369398527315760117e-02,1.829888704336823024e-03,8.525688580571355590e-02,5.558017943149474310e-02,-1.686444944582280933e-02,-4.226446823727522673e-02,-8.362198859543697183e-02,1.633896933478487176e-02,-2.311473025468655657e-02,8.918345534485359882e-03,3.948462480580629264e-02,-3.212527308075725091e-02,1.086138765829873856e-02,1.582779249226094059e-02,9.049707598120933574e-03,-1.500555036270040041e-02,-4.977766725217506495e-03,-8.086771316746234686e-03,-6.196239925319015074e-03,-7.037357734166790457e-04,-2.347620112126800121e-02,7.473754859744601887e-03,1.650476113845505835e-03,6.360054564740293126e-03,-6.630652452274068791e-03,-5.650284581450519886e-03,-9.857829075234234018e-03,7.322538964130756098e-03,1.943925091465622179e-03,2.678954532374265758e-04,3.293408723570633895e-06,-1.624560541173188447e-03,-4.903140875319796088e-03,-4.080755874284178186e-03,1.461571137811053852e-03,-3.921405092974453860e-03,-3.743914925704919933e-03,1.514060720926133693e-03,-2.195034995536331978e-03,-2.231159713539957942e-04,-2.826936317212821494e-03,-3.956964090943226138e-04,-7.933951548151269885e-04,-2.054892579069938705e-03,-1.613618195907935531e-03,-7.533131956875912692e-04,1.602198159337594541e-03,-1.373859133345087203e-03,-6.100961617809651108e-04,1.251329967068731328e-03,5.421294550545021360e-04,-2.058495270885592145e-04,-1.408783005115478611e-03
0.000000000000000000e+00,-5.199421784825325465e-01,2.224743771331009340e-02,-1.252806127744994329e-02,2.247744043760754179e-02,8.821140119376956468e-02,-6.090734203260637913e-02,4.777886057814709209e-02,-6.461834541549087152e-02,-2.901539464093103385e-02,8.664962052122615263e-03,-1.104991112651906339e-02,3.609340263747224525e-02,6.461675144676625772e-03,5.297149437405388080e-03,1.173157235074570245e-02,-1.173182276972441207e-02,1.293257835836594295e-02,1.961133897914861882e-02,-1.835482793610979102e-02,5.610982526910297981e-03,-2.637946469510999911e-03,7.693177346727206670e-03,-7.276071988238324781e-03,-1.702082707755109671e-03,-1.221613020475786730e-02,-4.145700561864881437e-03,5.444817575501567641e-03,-9.194973786514603828e-03,1.206720069507314502e-02,9.371301812948809248e-03,5.825961299977216838e-04,1.184394948221964734e-02,1.334692028938221997e-03,-3.267436144857843467e-03,-2.488579169867131090e-03,-1.793133398506547346e-03,2.017826213669663034e-03,-5.144605613952852978e-04,3.377985541883989952e-03,-1.549870082873696037e-03,-3.219409995016570556e-04,1.989555662784306660e-03,6.826347632921320793e-05,1.008312723143236622e-03,6.585801513331610089e-05,-3.343606662990507408e-05,-1.823315581891030526e-04,2.565084509585725315e-05,5.318857109462351044e-04,4.855844317017251536e-04,-4.947025919882328156e-04,-2.301879267115128629e-04,3.843107107695158467e-04,1.795704355629565690e-03
0.000000000000000000e+00,-6.375459407257244582e-01,-5.398278531237869077e-02,-2.666204300339971786e-02,4.434033252975368850e-02,-2.198174849787766852e-02,-1.937548430029611274e-02,-4.090557122139446000e-02,1.438663535187965047e-02,4.872008767786507183e-02,3.258844968828449734e-02,-2.073332194268452233e-03,-3.245537665770848595e-02,1.711536179989410142e-02,-2.886881320666455017e-02,-1.331172315282232177e-02,7.565599917230087131e-03,1.450966158742834390e-02,2.073434798182624572e-04,-1.277269255792458195e-02,-1.734161886497329226e-03,1.719568266961775047e-02,1.032177522610838727e-02,4.234488877692258076e-03,3.982171587576206068e-03,-4.273946449744103759e-03,-6.050169415086554744e-03,1.017023139184786151e-02,8.482743265126799909e-03,5.948389793077081544e-03,1.064808747938690136e-03,-6.961633536495855611e-03,2.290480934737234350e-03,-2.078199008087157872e-03,-1.030150485643273285e-03,-3.896002599741852940e-03,3.576350800586988472e-03,2.456913051633209666e-03,-1.873062714668878321e-03,-3.269984368976354763e-03,-6.762396521131727343e-04,-4.358988986275655168e-03,1.451970853352801093e-03,-1.167053429724247650e-03,-1.585227871616401701e-03,1.296369432202581573e-03,1.681324299429672780e-03,3.562805959509292276e-04,1.785802864689184366e-03,1.978448750556431786e-04,-2.498961633564468314e-03,1.188491546036367233e-03,-3.045379590539558953e-04,5.348055189101735786e-04,-7.253511840773382803e-04
1.000000000000000000e+00,-1.217879493629304560e-01,3.292383534428381178e-03,4.442843852576698616e-02,4.866744462824587614e-02,1.874292204150742047e-01,-2.707077479383481616e-02,-1.888659237085809489e-02,-5.965923745318801874e-02,3.388343727608431749e-02,-3.020467025698200456e-02,-4.485440014617742173e-03,-7.299768984574204166e-03,-4.863556188006507713e-02,1.727365750924785004e-02,2.927321691507743170e-02,-3.113691272026876313e-03,-9.074957158015695829e-03,6.588500266457136476e-03,-2.627139876916296645e-03,-9.066200227914659321e-03,-5.963679498750885585e-03,9.065583579628107985e-03,4.881860026400752155e-04,1.041470419011595238e-03,3.248238662920978174e-03,2.160354633436563365e-03,1.264431913251560895e-02,3.762962292073099117e-03,-8.818156730565894844e-03,3.642139556130224304e-03,1.913323036153107611e-03,-1.400986797880875200e-03,-6.807508232366938500e-03,-3.464910653371478747e-03,3.077961195675364735e-04,3.027784529948738916e-03,-6.645638448098012841e-04,1.230763844309092211e-03,1.832623485866575672e-04,-3.614224261260458771e-04,3.200886383602205999e-03,-6.551029015672548425e-04,2.507053089614347707e-04,1.631722409088954282e-03,4.620119439742208581e-03,5.629839515814719043e-04,-3.812676484337300170e-04,-1.017219141913547949e-03,-1.727647618973973058e-04,-9.778975517271296190e-04,5.766374153038608154e-04,-1.469785435125030553e-03,-1.585976349625502603e-03,2.229418770485180044e-04
0.000000000000000000e+00,5.704656289231576638e-01,-1.676168021685113252e-01,7.359802991463247623e-02,2.743562511316668950e-01,-8.394561979491027559e-02,-1.028179364735878898e-01,2.866918369339438097e-02,-9.668456756062270702e-03,-1.036527396706113102e-01,-1.188867224380511442e-02,1.380720983721703439e-02,1.360992974959845166e-03,8.804549186301049296e-03,-2.792034014687808444e-02,-6.618144983444291564e-03,-6.745934010617237429e-03,1.426400676047734524e-02,-5.799503079564186959e-03,1.293142649649671114e-02,-2.799191882964469254e-03,2.061653948653320925e-02,-1.241521258058556239e-02,7.592357138367005452e-03,-1.068487686214901478e-02,-5.937067619757570650e-03,5.890411613480383592e-03,-1.443288593246125871e-03,-3.620847222667541911e-03,-8.103696662032734699e-03,3.188975423740122994e-03,-1.767996822410589043e-03,1.842079528595024244e-03,-4.167712146565060827e-04,3.202603029965939065e-03,-1.617668333458243497e-03,3.972534941290565245e-03,-1.517206922018314889e-03,3.839066008560293886e-03,-2.077958604839146625e-03,8.460157921338637215e-05,5.629939900916266539e-04,4.101656556903421780e-04,-3.145656357090673583e-03,2.188416906654782387e-03,-1.762892013103274386e-03,-4.079783164980444908e-04,-2.609227897961457782e-03,9.028730580223012786e-06,5.041401430020810235e-04,-6.094959811434533118e-04,3.782249595752344598e-04,-1.100839854657307323e-03,-1.105501931572763373e-04,3.128271707395140580e-04
1.000000000000000000e+00,-1.112313294583637369e+00,1.172267014197543589e-01,2.971618723589662669e-03,3.356526820189591892e-02,2.978259718683109666e-02,-2.056979418499337020e-01,-4.688919511721107575e-02,1.696887545450394275e-01,-3.601757285648832935e-02,-4.435045562367969513e-02,-2.918253202774393276e-02,4.866988739696742616e-02,4.314474727979175639e-03,-1.716693450412294197e-04,1.588822861180062829e-02,2.144881613397670722e-03,-9.994142718571722220e-03,2.282808752327155754e-03,-5.207540848069143642e-03,5.428807462808432106e-03,-2.529072847464517229e-02,3.920043139473897501e-03,3.530385841555824626e-03,-1.528364195576041931e-02,-7.340963245470399315e-05,-1.744953785250398168e-03,-7.333109008007047914e-04,8.984561391876443037e-03,1.131531234912782225e-03,3.577640042417088166e-04,-1.386446251853930669e-03,-1.262182027310299786e-03,1.306103778165659162e-03,-5.263579417952602216e-03,6.254884640365095203e-04,1.586844003714654467e-03,-2.299552283115026061e-03,-4.064512294016661221e-04,5.308439726560473110e-04,3.178358598990748546e-03,-6.950665928398395456e-05,-4.972586026024332188e-04,-1.750881038912450224e-03,-2.863941709554309895e-03,1.127995975596743925e-04,-5.330155138859557799e-04,-6.972296484269118301e-04,2.281385476746362634e-04,-3.057599344937647710e-04,1.705806773534345008e-04,-3.545511765299980719e-04,-3.166253630559887809e-05,1.377778650701712098e-04,1.716553506820804836e-04
1.000000000000000000e+00,-3.690844738618572207e-01,9.636572956834445203e-02,2.821479068160567261e-01,4.528974957970561266e-01,1.368795184229634754e-01,8.936649166356516738e-02,-1.820426573931217470e-02,1.859684358923879149e-02,-4.610247187064317465e-02,-7.720779465537586095e-02,-2.107068975999310673e-02,-2.661568519660924628e-02,-2.714501649733355032e-03,-1.168484716972091435e-02,-1.172249410308756276e-02,-1.216640085475077446e-02,-2.100114845628244279e-04,-3.096841197418231939e-02,-2.441637241870000131e-03,1.040053751066017176e-02,-1.635814117285549346e-02,6.753573780179836228e-03,9.525064822405792525e-03,4.608249793628985472e-03,-7.578856074520154071e-03,-2.643939545048612678e-03,6.057237816112621964e-03,3.654199581127670193e-03,4.283127711855038745e-03,-2.266426555677846985e-04,-1.310335428286379163e-03,-1.543421363053491899e-03,-4.034095690637052559e-04,2.621177373885941013e-03,2.860341838927432699e-04,-3.474061249394228435e-03,-1.623708320207880142e-03,1.094239507230270478e-03,6.635476530443755287e-04,-1.753656332401580791e-03,-7.885345101797289983e-04,3.110468561228528299e-04,3.617814594208733012e-03,1.223790302059425640e-03,-7.631641397472491324e-04,1.499596543897706346e-03,9.234270150291722361e-04,1.355969328913849716e-04,-4.308903715415810464e-04,5.458879203976544671e-04,5.255253157365432411e-04,1.019886748468708249e-03,-2.952244199710361556e-04,-1.254641237324027859e-04
0.000000000000000000e+00,7.073828127316763581e-01,-1.227564807877023212e-01,7.270646436789254818e-02,7.610736082317143270e-02,3.404655098675783004e-02,-2.326684387812001306e-02,1.673508444287981900e-01,1.599241685278207092e-01,1.231511407231714178e-01,3.210271472038935675e-02,2.584200799740676152e-02,-1.527887412129916127e-02,-5.011622534497518766e-02,5.551526997829544889e-03,9.838484678977918799e-03,-2.601242929678640806e-02,4.295011863374642233e-04,-1.303905011266308887e-02,7.339546537290219871e-03,-8.151216982043489254e-03,1.115440046290621171e-02,-1.353012348773958637e-02,1.581708440656324772e-04,6.127295376828006783e-03,-1.318892824539977422e-02,3.617716526114818799e-03,-2.598254159365291833e-04,-7.281140958956553236e-03,-1.581134824588837522e-04,8.651919690181147362e-04,-6.650363307509564968e-04,3.404777910191295488e-03,3.655932868180733009e-04,-9.880732016767133384e-06,3.102684695931244140e-03,8.403859911397317277e-04,-4.292588742097165145e-04,-2.821899859070317595e-04,3.147095143870347854e-03,7.558734094390173091e-04,-5.648705842415685128e-04,6.143157955178691717e-06,5.981671357219041276e-04,-7.817356884200415490e-04,-2.870195131092722046e-04,1.046723900344625081e-03,-1.506656947455500654e-04,-1.537238513082224889e-04,3.050856202424436924e-04,-1.804064829324912589e-04,-2.565409301221853810e-05,-9.970648536503345363e-05,-2.694227451482696491e-04,-2.128807937431821380e-04
0.000000000000000000e+00,6.254620041537516384e-01,-1.456456566775236605e-01,9.858001629683654787e-02,2.342110308712904987e-01,-7.968223773014140865e-02,-8.918686614523435932e-03,8.612965137660373918e-05,6.826289721011211120e-02,-3.660097033852772325e-02,4.244371156507355941e-02,4.252717234947642200e-02,8.017762880836316539e-03,-6.718483799938850323e-03,-1.382686556750082132e-02,3.357303151859689083e-02,1.068612280519410686e-02,6.179019183951780896e-03,2.344686975901081466e-02,-1.147065528997200101e-02,1.044538810900688848e-02,1.102634417323939027e-02,3.898343373363266054e-04,-1.049177042183958332e-02,1.649559919041513776e-03,2.125834148451302349e-02,7.207759591252958916e-04,4.171970009593161874e-03,-4.109396731360913206e-03,2.636571157700892589e-03,1.830397353638881083e-03,-1.228045669901456013e-03,-3.878569622457887431e-03,2.366759251847191502e-03,1.386583979572670634e-03,-8.387155091892922396e-03,-3.872714648276680792e-03,4.673756956222947009e-04,-9.983571986276853268e-04,-5.743944076939047757e-04,1.691784601080400076e-03,2.700106820462226664e-03,1.029151284026728528e-04,1.509677865772045919e-03,-4.933189599120294975e-04,8.543381270146179580e-04,7.787930057594062531e-04,2.056410326879761809e-03,5.123674614881081670e-05,1.038424873765614364e-03,9.502885972758704511e-04,-6.256654055765087591e-04,-9.341304536059661864e-04,-5.418308016086901908e-06,-7.520047001206190502e-04
1.000000000000000000e+00,1.040508614403685694e+00,-1.973959294912516482e-01,1.860494572649028788e-01,1.543036356374884455e-01,7.964756467785111260e-02,-1.890851267720195655e-02,-2.997955442151092886e-02,3.659086920242868995e-02,-6.238319905964739148e-02,-1.146061264063398186e-02,-5.208503077910060092e-03,2.292243780883842195e-03,-2.348191634277468215e-02,1.511234336387547172e-02,-1.393576127573354154e-02,4.908393960502055106e-04,3.378312933563088014e-03,1.770542960852391004e-02,1.193913328121292382e-02,-2.078339346695769196e-02,1.506791208834390612e-02,-6.013923622986690025e-04,-1.892796489777758039e-03,2.563697632840820743e-03,-3.750008508039153702e-03,-5.092426397789372346e-03,1.694004761572851046e-03,-7.156210670412119354e-04,-3.555613793892941840e-03,-1.131897262861470419e-03,9.529636384521615253e-03,-4.359942209376137419e-03,3.080489755112885038e-04,-6.307588692912699697e-04,3.730422792942481806e-03,8.294652147913657248e-04,5.453928936629320358e-03,-4.975405977807505556e-03,-1.349617484872202072e-03,-2.500754700807138447e-03,-1.551977634451930836e-03,1.892373983136361339e-05,-1.178494588033901285e-03,-1.093559123092315878e-03,2.492974853271876564e-03,-2.181812304771684873e-03,1.032288284076811682e-03,2.164217385660138012e-04,-9.907133063689033906e-04,9.237719391595050362e-05,-5.404134957557290078e-04,1.212611893975924695e-03,1.325300655417836933e-03,7.581557393108376416e-04
0.000000000000000000e+00,-2.632945142897710200e-01,3.788815576464009405e-02,1.650587570571375451e-02,-2.875149136852369128e-02,1.386820042187293656e-01,7.968223254258327559e-02,4.316831600371572042e-02,-3.269269897995215335e-02,2.323014268890112588e-02,-1.072513446932611691e-02,1.176629699882543040e-01,3.395601686712352435e-02,-1.300482941359281004e-02,-4.999570752150597069e-02,-8.202124225649962130e-03,-2.048167291082822472e-02,5.174295187207686615e-03,2.499897558217767379e-02,-1.550218530198955308e-02,-6.459630373762917811e-04,-7.658324828100374071e-03,-1.826110773255146041e-03,-1.529450970078081486e-02,-1.387127590024938130e-03,-1.261918758749740535e-02,-1.370920348247533973e-03,-7.025364063802907490e-03,1.491422008701806176e-02,4.222511705936343208e-03,-1.627602401295162593e-03,5.709615423012297415e-03,-4.731913670492125280e-03,-3.575910184830158409e-03,1.129553453107811191e-03,1.914266557103313485e-04,5.622335527255792770e-05,-2.722703298023309518e-03,7.669239175317026092e-04,-1.942163778535075823e-03,1.230144361702618016e-03,4.149173355180885711e-04,-8.749840981043360529e-04,-7.196236219974410384e-04,2.545134989441019029e-04,-1.177547980540097827e-03,-6.475606666708279854e-05,-8.122001837116594200e-05,-1.378944148127219911e-04,-1.758677719382510478e-04,2.114230989121131988e-04,5.055420163709772657e-04,1.045801022098020148e-04,5.547420641255528450e-04,3.478639637140981200e-04
0.000000000000000000e+00,1.784804799623083971e-01,2.758158155413336643e-01,-5.490310180222505304e-02,-7.372303584161438161e-02,-9.229815804652792555e-02,-9.041639149194012626e-02,-2.439800637752189208e-02,2.446674244170349982e-03,-2.605074761755628299e-02,3.770722760336229357e-02,3.896766269060328303e-02,5.572515021991289452e-02,1.575160814585172193e-04,2.558995917241589299e-02,-2.535899381600156127e-02,-3.132789509230734376e-02,-2.556470461952686443e-02,-1.389311755788435673e-02,3.858859636054532555e-02,8.204284228620881180e-04,1.681538753745902975e-02,5.380583620460167166e-03,1.009890410186471341e-02,-1.348951692338219179e-04,7.837118080054376879e-03,3.630267668289484904e-03,3.026144074785608838e-03,5.632321532998627034e-03,9.200742695999455587e-03,-3.556516308944889654e-03,-1.633864903293169493e-03,1.304948344106662437e-03,-2.277171109369301519e-03,1.935610075971230977e-04,-3.588106260430919890e-05,-3.777175492881744770e-03,2.084277201738514614e-03,-1.962958986727412775e-03,-1.365653242909831502e-04,6.403397286230904338e-04,1.001175009416206945e-04,-2.801351712950643936e-03,2.229411135713745083e-03,2.247722849152995490e-03,7.251932813343132207e-04,1.344798512944081221e-03,-6.666697506877985405e-04,-1.342495358730562644e-04,-5.980016643186168495e-04,-1.908885691181045100e-04,8.102418209128112083e-04,-8.973345756107354654e-04,8.509220968372197165e-04,4.296054489169689778e-04
1.000000000000000000e+00,2.397972740747858489e-02,1.958323147893551719e-01,-2.845064516199178814e-02,-8.889192386448059591e-02,-1.933755403906485190e-02,-2.995606708762886539e-02,-2.695181245467847056e-02,1.983581438683798374e-03,1.965138352089684619e-03,3.478922150491654819e-02,4.034958641725373135e-02,2.612636258320558819e-02,1.405125781297772479e-03,-8.313366258750044813e-03,-4.025832371604522869e-02,-1.583699431059345034e-02,2.927024175256321206e-02,-2.779411311083784027e-03,-2.338274959668985332e-03,2.977196092922664017e-03,3.483655518704168591e-03,-7.290276042497381747e-04,1.014024269517291299e-02,-1.239942440244023829e-02,6.091938074337626199e-03,-1.589798991163644815e-02,2.063165817542313412e-03,-7.345082995829491090e-03,-3.275312851959929963e-03,-4.554375842258200080e-03,1.224757977489028885e-03,3.749824893286204247e-04,2.198716441143085305e-04,-4.977856340415418631e-04,-2.557950268675984046e-03,4.329360964312138800e-03,-7.636433497770100292e-04,7.934274288644230374e-05,9.277480837542363429e-04,2.190883551216867963e-03,1.153973390196370418e-03,4.066199814887661197e-03,1.890073652607764630e-03,7.234786897036668465e-04,2.030796839636384802e-03,-1.233393436795601045e-04,-7.290774495318326151e-04,-9.978117156888811293e-04,-5.025887283595846609e-04,4.519569504085244982e-04,-4.721315434876933770e-05,2.373405792134830692e-03,-1.382265399512649017e-03,-5.524770393491654219e-04
0.000000000000000000e+00,1.606190328889461338e-01,2.962116090660202317e-01,2.405440683661753606e-02,-1.660426281420091799e-01,3.854779525044725597e-02,4.301358890557885708e-04,-2.155882236680128558e-02,3.417682694753175487e-02,-4.523470208416958266e-02,-1.334361504839312942e-02,2.799257222152733149e-02,8.709885768327307876e-02,1.900388165475900420e-02,-6.810990498516160917e-03,7.999800095047046242e-03,5.369103370733761468e-03,-1.234683733404057238e-02,-8.231541933948406664e-03,4.677809554203130223e-03,-1.742054126565704270e-02,-8.780395334659997497e-03,1.202085561870575893e-02,-3.635402245401864445e-03,1.031626882029237045e-02,-1.055830595621999254e-02,6.743191545884807351e-04,-4.990112627615997040e-03,-1.197619037199930403e-02,-9.954980055688896629e-03,3.416917795065452495e-03,-3.199408365019856728e-03,1.069502162447954347e-03,-1.384612307700795741e-03,5.999998816779102996e-03,4.196384402834174273e-04,-2.580283661968546440e-03,-1.429362118682392033e-03,3.265744099219604108e-04,-8.183385187926885476e-04,-2.844765993418779497e-03,-7.544501398369144428e-04,2.043029502361324874e-03,-5.292687695644442353e-04,-1.338990355598669840e-03,7.730458293072318640e-05,4.779756848027358698e-05,2.714025204045224411e-03,4.202273308217204005e-04,2.008791266890423938e-04,-1.352598620817758741e-03,3.841958064915181438e-04,-4.653737700219895759e-04,-6.897640266107226770e-04,-5.871491039257135469e-04
0.000000000000000000e+00,7.853345123576657150e-01,4.152927355042169144e-01,-6.882640816637224102e-02,6.449336645046797878e-02,1.793626668279373337e-01,1.362788998964678810e-01,-2.609404730784150445e-02,2.561041769209711563e-02,-5.861310955163259034e-03,1.042634100513393884e-02,-3.576042182097172173e-02,2.385525713983256517e-03,-5.010805635885903948e-03,2.155664936026213847e-04,-4.659893582629344444e-02,1.286175622502094829e-02,-1.569183489472913279e-02,-1.179450926840285539e-02,-3.738046993939381224e-02,5.755052427229237315e-03,3.094743170806539198e-02,3.068297033980588954e-03,-1.098940008580269814e-02,-8.031542135221923090e-03,4.911184965175098560e-03,1.101941059374835115e-02,-6.109415147467559849e-03,-5.201808574854882052e-03,-4.200457841398565727e-03,1.718294863726400933e-03,4.565366774012726155e-04,3.072723898119167438e-03,8.141426421078382667e-04,-5.766623183348493741e-03,1.789639328291995788e-03,4.058518751043729052e-04,-1.457806103631911938e-03,1.000236986996364029e-03,-1.372139022648584481e-03,3.357279123916615156e-03,-8.155068670821832020e-04,-3.498982385738747566e-04,1.854983304271427922e-04,6.158508392602407653e-05,-1.895591430157033167e-04,-1.013887739046548235e-04,6.954037995185790915e-04,-6.186847410580415246e-04,-9.159336613964027748e-04,2.523835479537771460e-04,5.036745058495488425e-04,-6.927751058170133211e-04,5.672240341723539274e-04,1.737959392299926072e-04
1.000000000000000000e+00,1.579347101182298374e+00,3.442838702430878195e-01,8.446570447404522231e-02,-1.872416213377709956e-02,-6.724859201715936707e-02,9.236755823292701340e-02,-1.213685956012420901e-02,-7.324221298016085450e-03,3.078335388162091110e-02,-7.912813819742230137e-02,1.549595529916156580e-02,-2.527272788109331467e-02,8.863413726865010389e-02,2.729258168220240546e-02,7.176862242745242482e-02,-1.543748463982780317e-02,-1.736973012153071464e-03,1.184634173836902893e-02,2.507808007545958475e-03,-1.183691041987705583e-02,1.132464250016980423e-02,-6.958940248825701627e-03,-3.305432121866740841e-04,-1.658816183282566664e-02,-6.338984639580213208e-03,-3.356623876227916598e-03,-1.724040681073241025e-03,1.302422602326159997e-03,2.675284088809949407e-03,-4.058787242269658660e-03,-6.166296716899458998e-04,9.016299989480650788e-06,2.854920474674855786e-03,-2.139056325724236936e-03,4.996628199211885623e-04,-5.063174439755470249e-04,1.325379450464478880e-03,1.035959780476847355e-03,-6.885270536023616744e-04,5.211461751652053664e-04,-9.119804758615769830e-04,5.717517235227180918e-04,6.031482626783079984e-04,2.315172220245945503e-04,8.438958075568095060e-04,4.332291131567728333e-04,-5.917000161685998958e-04,2.787589752435935537e-04,-1.542737735215083121e-04,-2.851291974922874574e-04,-7.222924221230750494e-05,1.308915105361240687e-04,-1.851577221036306638e-04,-2.076298944281111929e-04
0.000000000000000000e+00,-1.271440152044577554e-01,2.598212257288232685e-01,-4.771402118351407429e-02,4.186053801136040663e-03,-7.219081526862282383e-02,-6.344437411482807543e-02,3.750201706908767169e-02,-1.831559045056483856e-02,-2.889305872285698965e-03,-4.787501790837256355e-03,1.392721594222889187e-02,-1.189122872496200731e-02,1.978992504375940917e-02,5.360447538213622409e-02,-2.152106402783814446e-02,1.792959657431884499e-02,2.291090080936208570e-02,3.776816722363990787e-03,9.943101049416789433e-03,-4.099545681756492851e-03,7.221502877333233492e-04,-2.199824699854866297e-02,-7.445855337641396968e-03,1.817550322986848446e-02,-3.747528490641627557e-03,-1.091560768744563592e-02,1.697389182006668606e-02,5.382111152443044486e-03,-2.346711608698757220e-03,1.277701317042970446e-03,-4.454286330207532334e-03,-4.472168524125147253e-03,1.766451079289005528e-03,-4.304867996562044240e-03,1.877170586837225569e-03,6.360692106797653659e-04,-3.026928082057343903e-03,-4.475190381590271626e-04,-1.362289753626783409e-03,-2.792926362725779688e-04,3.054450972712579432e-04,1.570758057868128265e-03,1.725169045474913253e-04,-6.638485560568706647e-04,-2.655326491021620886e-03,-8.341879762010485054e-04,1.475799261569134919e-03,-1.644167133855549238e-03,-2.194591460427693227e-04,9.453641913527830896e-04,6.907047163836892330e-04,-1.096634703048158079e-03,-3.796577644762201754e-05,4.246640630065010025e-04
0.000000000000000000e+00,-8.599397160074460089e-01,2.280349139759034471e-01,-2.661369829879852711e-01,-9.187295700510650365e-02,7.485583861491328095e-02,-8.065997185851050966e-02,1.182235777782590508e-01,5.495913941008043029e-03,-2.717266653328505310e-02,-8.362742948916256081e-02,4.336461275434411872e-02,-6.168032718229052996e-02,-3.572194509533782592e-02,-2.074012579324030839e-02,-4.756490608545673425e-03,6.430375756158424050e-02,-1.591749318995543117e-02,1.651711561255871791e-02,1.767116838207304433e-02,1.805788311016133215e-03,1.517441862850471904e-02,5.298469562945968582e-03,1.189823100742763186e-02,-6.126440092943818581e-04,-2.109403841168697776e-03,-1.472556100230390909e-03,-7.898348310059918193e-03,-3.227836244354351843e-03,3.745828311283058449e-03,-2.213465296017434920e-03,1.532097304540250716e-03,2.577071586975293789e-04,2.449208103443236643e-03,-1.257334293881268638e-03,-1.878383197258525232e-04,-1.862111371589654507e-03,1.456363467130211264e-03,6.561225004794171093e-05,-1.468060673035102078e-04,-6.179780475063577187e-04,1.002499515522052142e-03,1.112298332816695923e-03,8.269234629187411246e-04,8.387358365628087842e-04,-2.100162110446236407e-05,9.739145321340756138e-04,-1.041797541071434090e-04,1.392485439705444094e-04,-1.063829714283138464e-04,-3.433466373494057440e-04,-5.237603834491074946e-04,1.956456416377595406e-04,-1.538336163090414828e-04,-1.693500840893462952e-04
1.000000000000000000e+00,3.486144970758422446e-01,3.040951259118648276e-01,4.669050250677363872e-02,-6.745779882767838354e-02,1.220487095169511642e-02,-1.651935046387431952e-02,3.275004943432608534e-02,2.618047823314157557e-02,2.502912326224153439e-02,-1.569789187925175675e-02,5.413427778718791009e-03,-1.360126322227275114e-02,2.854240039066051685e-02,3.225748824764376049e-02,-7.303481000012677915e-03,1.675880168848495333e-02,1.733884705092428660e-02,-2.920505150403714979e-03,-8.693152217941854665e-03,1.703465093777005793e-02,-5.217644929439463342e-03,2.406912294555918594e-04,1.626915757138441831e-03,7.164092947455388827e-03,-3.668067073701678123e-03,8.258003816262349250e-03,3.447986261019986981e-04,8.472370535070402817e-03,-1.109540538327504974e-02,7.200636735836283241e-03,7.706071767507136506e-04,3.843706605253029672e-03,-7.093226233413568206e-03,4.810195423224534160e-03,-7.781444448828707047e-03,1.252397048873604094e-03,4.415689901053296632e-03,-2.725089709618025349e-03,2.463716926725064652e-03,1.524279412104118374e-04,1.586115332882106132e-03,-3.081735793267345851e-03,-7.764755967650528419e-04,5.933870948549790306e-04,-1.000149337333930627e-03,-2.906652350041737370e-04,-7.971322750366869854e-04,8.165030165677336204e-04,-1.156326905817740532e-03,6.604542301806850483e-04,-8.143171216491913202e-04,9.943912142653303730e-04,4.696929315878243128e-04,-3.141725685850824861e-04
0.000000000000000000e+00,-4.006933684164205034e-01,2.154694659180705074e-01,2.571054521099009893e-01,-8.860121013227109654e-02,-4.620883638128389648e-02,9.663039111673319900e-03,-1.107745666818792107e-02,2.411906903307763084e-02,7.073718674147549956e-03,-4.503518555895816983e-02,-1.458363089900944869e-02,-1.483629522368233415e-02,6.159375541427039406e-03,2.462531122309173648e-02,-2.962344641554331623e-02,4.053033550516143245e-03,2.509905501116600074e-02,1.180491906307244709e-02,-5.369630063859265334e-03,-1.091968315051263655e-02,-9.963583441407295946e-03,-1.733801191444854506e-02,9.740851168950410326e-04,5.190267528956206237e-03,1.685435310098344977e-02,1.933438705525756737e-02,-3.308125024329703918e-03,-1.779436520323157299e-03,1.326308091021033420e-02,2.367944494520027928e-04,6.079304018626638210e-03,1.108769420547653676e-03,-7.617218320802275622e-05,6.495607875240646048e-03,1.661454764901257493e-03,1.952805165016821770e-03,-4.769745149961746727e-03,5.692230632517267675e-04,5.727856965612324394e-04,-1.075083670313887194e-03,-3.461263985555357281e-04,8.698261822428156494e-04,-8.611949893345256747e-04,-2.718243413968553300e-04,2.603176624847859666e-03,-3.390461171703917763e-05,-3.801668434935111273e-04,4.264229082880846957e-04,1.358010755517066867e-03,-6.413686360281755641e-04,2.254837136644072834e-04,-2.846919551850737255e-04,2.401258729894597968e-04,1.162313187967827606e-04
1.000000000000000000e+00,1.000555723052879653e+00,2.518408997710632202e-01,-1.941009974775709593e-02,-4.600524621538445297e-02,-1.821543435303739078e-01,2.992658684130686600e-02,-2.066789267000519650e-03,-1.276243179223233125e-02,6.222100780597363164e-03,2.693645559273598680e-02,-3.039895034743191754e-02,1.037150313290674877e-02,-4.368056496338607042e-02,-1.766014865101743145e-02,7.370693493198066798e-03,1.910407206624858967e-02,9.879644439034504858e-04,-3.280374079266935427e-03,-4.299544704416462422e-03,4.064415640564408849e-02,-2.660387693922275278e-03,-1.173151149737545161e-03,-5.069527320656859242e-04,-1.230419041880685162e-02,-1.203630958917482896e-02,-1.798354614251916530e-03,-1.755765984147769848e-03,1.829792588816674245e-03,4.369848617643040840e-03,2.514690692764039691e-03,-2.846602900805953861e-03,-1.029084481748972213e-02,1.803462525367979189e-03,3.930547282560844027e-03,6.482335087638866093e-04,1.157566673618996801e-03,2.089418795947687538e-03,-6.773406472072540608e-04,3.679910556954024345e-03,-1.643770171781264253e-03,-2.161342449869185865e-03,-4.718007585491045268e-04,4.556525787535341048e-04,1.209791298873667668e-04,1.181435240231930046e-03,-2.711893662599391096e-03,-2.283208272692312094e-04,-1.220061456703136179e-03,1.002948731182467905e-03,-6.174677040704547315e-04,1.086691673226877547e-03,-5.967181121010085854e-04,-4.016097558500729978e-04,3.906330267093647396e-04
0.000000000000000000e+00,7.084966160572786498e-01,2.450718455638724314e-01,1.856289883037321592e-02,2.076164401106413496e-02,-6.409912950493294737e-02,2.408585819035630182e-02,3.981094073188755529e-03,-2.970526264069181174e-02,-1.549275839804194037e-04,2.808743456820436343e-02,2.693296463780362610e-03,6.250946228757304178e-03,-7.335196197354788318e-03,-2.004966050702827740e-02,-1.716724380437309808e-02,-8.593608801417927656e-03,7.079549957481339091e-03,7.858766985374800521e-03,-3.654254454896349331e-03,8.414946171230858890e-03,6.988855732831483411e-03,3.824225140412674433e-04,8.957746045508899538e-03,1.129145820821002549e-03,6.089914958471893958e-03,2.617812673026726541e-03,7.051891236650003648e-03,2.771819336590292983e-03,-3.358278809079484097e-03,-2.226323501075408266e-03,-2.341768412955524958e-03,-1.205072713028017013e-03,-1.636831347340391525e-03,-6.174008451977736414e-03,4.231325755375830652e-03,-6.179025316522229749e-03,-8.630662664502803576e-04,2.431754205636943618e-03,6.599566893126177902e-04,-4.330239958196211228e-03,1.746353824360558733e-03,-2.494590636120487537e-03,-2.584753654934721437e-03,-2.878049405243532453e-03,-6.110504016862252155e-04,1.353309788088409007e-03,-4.684697823341692387e-04,1.541420116103983575e-03,2.340997038902740447e-03,-5.160512297902095482e-04,-1.785027916272823034e-03,1.305496508437670395e-03,-9.462869915033632036e-04,3.960892842550135925e-04
1.000000000000000000e+00,7.162955994615503030e-01,2.675548002046362339e-01,4.090163320741543873e-02,-1.753902634916238712e-01,-1.292773082625706393e-01,-7.488487110331887298e-02,-6.224092414902907683e-03,-5.878301500001727360e-03,-2.226127586228198590e-02,-1.893926513803884451e-02,-9.541360066760731784e-02,-3.342637713401135774e-02,-4.104602586996945746e-02,-4.819217280972246109e-02,1.591194755385614418e-02,-2.352002178388679782e-02,-1.270379676900770458e-02,3.993304886029113397e-03,8.607952039330965879e-03,-9.729407469406847406e-03,8.616385604563086067e-03,8.090741613975580698e-03,-1.874377549191580394e-02,8.368915386033863937e-03,-2.638145806536055984e-03,-4.613381781787826916e-03,7.796381406345765860e-03,-1.735976809319047728e-03,4.610366579518749251e-03,-7.400696801608251142e-03,4.044954881831888671e-03,5.374484826263331528e-04,-6.709314294772738413e-03,1.801927236598488890e-03,-2.823163697507364428e-03,2.832724277285614180e-03,-2.330876653648723644e-03,2.865225011596810750e-04,-7.092135501534121804e-04,1.047736984193594094e-03,1.340463561255799936e-03,1.045233637260408518e-03,3.414357679081788440e-04,8.479578363898898955e-05,-2.257155087580434497e-03,-1.396290417929217176e-04,1.656046107257770747e-04,5.164759230329419269e-04,-2.059257511494720270e-04,5.547361555620570605e-04,-6.625236921289711462e-04,2.708204393881142842e-04,2.451977658987695399e-04,-3.102270439769074526e-04
0.000000000000000000e+00,-4.931746248024859725e-01,2.674912015055521119e-01,-1.159539881181947257e-02,4.228587316075205216e-02,6.306584764062680981e-02,-9.036129026902149641e-02,-1.164885653341182206e-03,-2.116649952188220940e-02,5.692430475317680760e-02,-1.431685768988032008e-02,1.719234552174132846e-02,-1.414361208431313445e-02,-2.423793958446449851e-03,-2.256072330730458930e-02,-1.412422558939014673e-02,-1.950579876438579552e-02,-2.003294867112728056e-02,-1.123460497695944783e-02,-1.001484643914231712e-02,-7.770749717992107147e-03,-2.694236871514334511e-02,-7.995616166608180905e-03,-1.234146693675602403e-02,6.119026352397980220e-03,1.512769627632030295e-02,-3.659494859475014711e-03,4.868204584212404255e-03,-6.587737242937953368e-03,-5.905204679983890211e-03,3.343195378322258806e-04,3.102942651072192280e-03,-3.209092811665636806e-03,6.481616917398666522e-03,1.685604022161081832e-04,-9.678547303872890410e-04,-2.245109531271435605e-03,7.433532760625643707e-03,2.148474205937857089e-03,-1.240247716736447197e-03,-5.644742125348067331e-04,-3.642533133839413826e-03,6.328977019565413913e-04,-4.721737121825407449e-04,1.527812617684490715e-03,-5.669393306364614886e-04,-1.118815476414481650e-03,-2.198936454849063655e-03,6.324688657479552757e-04,6.873989137076485850e-04,2.500090197193963475e-04,-4.387123584192803767e-04,-6.616149652451458951e-04,1.874262050769933145e-04,-4.204776549633035829e-04
1.000000000000000000e+00,1.453880250570455557e+00,1.556869069730178190e-01,3.716599426206940952e-03,6.020000275529564619e-03,-1.615748768653046397e-01,5.163951220532591452e-02,-2.452414058024181623e-02,-3.065419182795477149e-02,-1.605491773755336402e-02,6.070687377871621104e-02,-6.534658284369531007e-03,-2.020077882316446624e-02,-4.032006806232968366e-02,-8.710518947514393762e-03,5.782812113307083356e-03,-2.708564115331727785e-03,-2.126367717998652734e-02,8.917129463846507412e-03,-5.083360549575726382e-04,-3.491007786239217359e-03,-2.832162542208322906e-02,-3.321661126631696506e-03,1.736628952813587534e-02,1.069536969504304540e-02,-3.202107003791577339e-03,-1.324524064655675879e-03,-7.591545496236816286e-03,1.069406823316260309e-02,-1.419454452053197074e-03,8.626929330748125263e-03,9.650111779996372674e-04,6.437722675936659832e-03,9.366418500531459648e-03,-8.376815302669982034e-05,2.728462676605078355e-04,2.231921065304261122e-03,-1.611842104925503231e-03,-8.722154943948034946e-04,-2.672380662729026413e-03,4.712654896317169614e-04,1.186052952422293316e-03,1.920526735093631022e-03,-9.880933884844277874e-04,2.768321549525717647e-05,9.564687194244249043e-04,1.910218458191933599e-03,1.054127058759945097e-04,1.223311562900627244e-04,-1.084236074629928680e-03,7.339494534845028952e-04,-1.410371444268733725e-04,8.309613472023321128e-06,2.369405211270381878e-04,-1.087537346927554927e-04
1.000000000000000000e+00,1.272550182961220550e-02,1.215023528667375091e-01,6.081345591736112693e-02,1.145946029093752594e-01,-2.736520922589818494e-01,-4.628789015012575725e-03,5.732440358713271865e-03,-2.707074116015042997e-02,1.758766629557363334e-02,8.562443856566626099e-03,3.094321701575141956e-02,-4.625097360524831752e-02,-7.138967466929059189e-03,-1.234566815217924204e-02,5.530596064003367313e-03,8.016675242798618900e-03,3.886019148271981777e-02,-1.131645352316246536e-02,3.007921613060868769e-03,-2.442179229410481461e-02,-2.518520600889618752e-02,2.872309592900768732e-02,1.017956700325971676e-03,-4.808228213334530925e-03,7.346533738961716180e-03,-4.771031862604021428e-03,-1.042684791775255748e-02,-1.030123287404129638e-02,-1.404822072139090506e-03,1.078990242579897055e-04,-1.129877786856417097e-03,1.204070178591654062e-03,-3.847978980912046196e-03,-3.023324122594897752e-03,3.431974325581598536e-03,-9.145421620897700049e-05,-4.354722533257881020e-05,-9.364067181883352787e-04,5.857352793468617114e-04,2.254156746496321136e-03,-3.252574751650905084e-04,-3.360966067871113197e-03,-1.696982685727990039e-05,-2.549350034172257287e-04,-6.824827371606359072e-04,-5.335891150249463854e-04,8.337641421522840523e-04,-4.824552323608293229e-04,-2.928844457445144698e-04,-1.046376264225963115e-04,7.499020778332476499e-04,-5.078060093369803768e-04,7.136935882249283462e-04,5.674636617912035821e-04
