1.000000000000000000e+00,-4.838902058432877767e-02,-4.243065648739010459e-02,-1.095434394829617082e-03,1.190574233550520953e-03,-5.672443694255664692e-02,-6.462395887037662712e-02,-5.612236175572055119e-02,-1.173339889398040785e-02,-3.241568547991469096e-02,-8.614445973597348316e-02,-4.373136460096552214e-02,-3.881777397113898853e-02,-8.933056028648707347e-02,-2.118719576219801545e-02,-1.196803016892189764e-01,-3.195208717527873998e-02,-1.274732048913177207e-01,7.345949016339797799e-01,-4.507397726093157614e-02,2.074349079609542554e-02,5.036932048156442243e-02,3.761547888620560276e-02,1.928574838651589721e-07,2.253043711414466534e-07,-4.245338149114097903e-01,2.807807250831310247e-02,3.803928337882699507e-03,-7.278020734557604041e-04,-1.631467342768137471e-02,-1.661205829205159371e-02,-9.220099072189187617e-03,-5.242442584473870626e-02,-4.176745369313794587e-01,7.949306460432055063e-03,-4.031588378132049122e-02,9.799938696495792689e-02,-1.842379620760004749e-02,-1.254894298295943476e-02,2.859012762764975499e-03,-7.438796249976787982e-05,-9.052103140999094924e-03,4.934861711433219649e-04,1.671832878938415631e-02,6.305729791034605375e-03,-3.674649854221332876e-03,3.431777805204962607e-03,6.039077276139791055e-03,5.425932376549759753e-03,6.734389589015852228e-05,-1.108948110790849290e-02,3.044743750705641676e-03,3.445967546119671054e-03,-2.928182802680672457e-03,4.087048700594637235e-03,-3.527803067988082757e-04
0.000000000000000000e+00,4.933184989065872994e-01,-7.925095248874726439e-02,-2.233651215565905790e-01,-1.781994052343248945e-03,-3.071794498443648422e-02,-6.472607275271059432e-03,2.404526495943692076e-03,-5.804194617261401040e-02,-1.330032063696819783e-02,-1.812879459343429145e-02,-6.854490838713288466e-03,-4.291481060446606689e-03,-9.461740859650621255e-03,-2.108835946196604451e-03,-1.591320798009861204e-02,-5.914257354003356164e-03,6.977732529959558387e-03,1.987774795028311725e-02,-1.000502018539831681e-03,2.812261106188749412e-05,1.323129298081699822e-05,1.228023425276016879e-05,4.757908246973136343e-11,5.515073622665241522e-11,-1.162741995593154616e-04,-2.897061725968054805e-04,-4.188324550123087055e-04,-1.215823467456368309e-04,-1.756084167652169695e-03,-8.117430126856897080e-04,-6.844480552939988076e-04,-4.186500341195697680e-03,4.674771860544442437e-02,5.920992991397305751e-04,-1.390977370860138444e-03,-1.131247298043080388e-03,-9.112879635420654623e-04,-3.287282974250644229e-04,4.401164403206725547e-05,-6.881257628570225236e-07,2.922410960828819354e-04,-1.933310277948555448e-05,-9.981122986316690905e-04,-4.673958432406900626e-04,3.407236695952319677e-02,-3.071280653500667659e-04,-1.449306053466593858e-01,3.636477501866691373e-03,6.843006703852473616e-02,6.148646516950421193e-01,1.872536170697831209e-02,1.404664405187195861e-02,-4.947134567790395510e-01,-6.851494034781236558e-04,1.017993065269840319e-01
1.000000000000000000e+00,-3.771628885216875976e-02,6.103704425955087665e-01,-1.197659564326068737e-01,-5.284873024611275519e-03,4.119488466812866456e-02,3.991919089147209082e-02,4.525898271116344379e-02,-1.563006541643596481e-01,-1.817013561516604703e-02,-2.585818215833516568e-03,4.153656276192587392e-03,6.971350756945309673e-03,1.691724571587690032e-02,4.210938109487813788e-03,7.943159613515435313e-02,3.541628803707861511e-02,-7.921891057777025180e-02,5.232121687227399287e-03,-3.416812248526847513e-03,-6.104642224552649446e-04,-1.679211130961416306e-04,2.804383658607553613e-05,-4.773765891301421084e-11,-6.231403059105397335e-11,-8.546950288352075931e-05,2.706342936247815097e-04,3.085495870869130229e-04,1.244029151484007641e-04,1.931816319820420626e-03,6.292957185232014687e-03,-2.836469651473677838e-03,-2.063210775894417162e-02,-3.770155350236258779e-02,-3.307728185086193564e-03,1.125529532741465985e-02,-9.378360317264761159e-02,1.018819649731229557e-03,2.223769876961265764e-03,-5.132846112814875867e-04,1.318143329754857209e-05,1.312889321704111510e-03,-5.846828037656023576e-05,-1.355921377070292040e-03,-2.204570673328831861e-04,-3.936104461924697095e-01,-2.805045206259209733e-03,-2.917252547728127476e-01,7.378832054272461624e-03,-6.526885280542885082e-02,-2.880265344136920952e-02,-1.112206209578323578e-03,-4.281843278185646306e-04,1.971560926865764500e-03,-5.311593541909137572e-01,7.645800853247704167e-04
1.000000000000000000e+00,-1.476402167376689688e-02,1.633354336952302643e-01,-3.240673931210653197e-02,-1.897339769882274308e-03,-2.988317174878193927e-02,-5.324957485358561282e-02,-1.126471705774004933e-01,6.654829407128116658e-01,1.144760461510879457e-01,1.095281839324580703e-01,3.129098419660784891e-02,1.222214177948654015e-02,2.457988841844298972e-02,5.029781305746275182e-03,4.315401175459084721e-02,1.734576242265549115e-02,-5.347360993011414376e-02,2.752709566971139193e-02,2.523323890225981098e-03,4.776896014117751983e-04,1.740074116198705697e-04,8.903087170839244673e-06,2.005478697409209767e-10,2.395579845901676442e-10,-2.887056637762452265e-04,-5.221755542225880911e-05,2.548798645642960130e-05,5.771965151011199756e-07,4.275349023849890688e-05,-4.304074273703545686e-03,3.562087855022390802e-03,2.897961968430838933e-02,-1.735010047027726182e-02,1.667730400423825688e-03,-4.545018935243315579e-03,-2.386366215668647983e-01,-4.953618521209065401e-03,-1.248914362242347503e-03,3.052299980173106271e-04,-1.108553709052123239e-05,-8.486293504767283098e-04,4.407128872626295561e-05,7.014083677335553480e-04,-1.529442000017955253e-05,2.823558587000512543e-01,1.455668651428712861e-03,-4.903067982262180324e-01,1.741485296532561955e-02,2.648914217836705887e-01,-5.981205870425226889e-02,6.846383101540469765e-04,1.054362470893098480e-03,5.155105323583171473e-02,5.638144345716552402e-02,3.419758469606162723e-03
1.000000000000000000e+00,-4.582669559634370421e-02,6.898918795864681375e-01,-1.628071739908081572e-01,-4.854481333228927858e-03,3.910687252165384598e-02,3.708823421296314482e-02,4.567949552355877324e-02,-2.038877038906607708e-01,-3.083377871026573083e-02,-2.337467227866253661e-02,-4.985779113039277670e-03,-6.424883007795816666e-04,-4.524033943201996328e-04,-7.096963357169414999e-06,6.203493046052020732e-03,3.536135201533594646e-03,-5.303498299941567483e-03,1.290819967635635805e-03,-2.110925875356620997e-03,-2.967552930578577124e-04,-8.544587450123163487e-05,1.559555799165370530e-05,-2.537972519004511094e-11,-3.320434127156898264e-11,-4.699343696370620785e-05,-2.402521392393490644e-05,-9.428360095595304238e-05,-1.631994390455357270e-05,-2.128736276008233680e-04,2.648803668213163542e-03,-2.127946449363185468e-03,-1.607495451223895505e-02,7.970387608322040962e-03,-1.118783774804868849e-03,3.477854247319341063e-03,3.025007248333027796e-02,4.210037452644470324e-04,3.296877408942640742e-04,-6.512551136266308074e-05,3.050985605957758229e-06,-2.333540500525235702e-05,1.763727092985692417e-06,3.427508203380698901e-04,2.048129663735487999e-04,-5.940686402919594100e-02,-2.024877802902764036e-04,-3.734735627407207575e-02,1.530498583021601194e-03,-2.465282132310995730e-02,-1.014407643127447287e-02,9.827112463745063444e-04,9.627321842938890662e-04,-5.501363861252866333e-03,6.382030979153373584e-01,-2.547744797574569113e-03
1.000000000000000000e+00,-6.878728671060167776e-02,-8.464296689040115562e-02,-7.970490459981811882e-02,5.253024403390482711e-01,4.174476734186500781e-01,6.195915222829762731e-02,3.181515902949108576e-02,8.663493500635138789e-03,1.427770444099514362e-02,3.111094970980432181e-02,1.589214141016149009e-02,2.668494005120649660e-04,2.782243549032440214e-02,-2.529041543076176036e-04,-3.538312866901210593e-03,9.544081192059771998e-03,1.665784980259571446e-02,-8.395424626309044847e-04,-3.745374173999001938e-02,-5.255278659728889953e-03,-1.549354723211287697e-03,2.007996638250794728e-04,-7.866950337852331497e-10,-9.802752566438699975e-10,-3.984831590302163228e-05,-3.623623354950283762e-04,-1.574025467231069753e-03,-9.272997482835546122e-05,-3.110734608368658817e-04,4.353928778853896620e-02,-2.992119950713116941e-02,-4.197723940313108359e-02,-2.279838482913101774e-04,6.303280376996516984e-03,-1.171805475383427969e-01,5.655488562221935855e-03,-3.046372728304232447e-01,-2.190831391529129632e-02,3.489381827371601085e-03,2.679186934184544567e-04,-7.120565195578775104e-03,-3.441357246867215720e-04,4.126685476247834300e-03,2.484255525455680586e-03,-9.631794946902354866e-04,-5.182595772299989061e-04,-8.922708437252820438e-04,-1.879178087306483506e-04,-3.297389924367425204e-05,8.821431656836631330e-03,-8.874019071094170832e-03,-6.243209181250694018e-01,-2.902560807718713304e-03,2.125434247708774330e-03,-2.894860705250384861e-04
1.000000000000000000e+00,-5.595511789980883721e-02,-5.895539831470097275e-02,-3.254653172418277285e-02,2.073547165576518359e-01,1.322863634957706924e-01,-2.028352537215957416e-02,-1.762816361769656975e-02,2.091298974091593092e-04,-9.171789453381198540e-03,-1.941540698915760269e-02,-2.008548947549031530e-02,1.964481538118097517e-02,-4.419511974133478321e-02,1.119742798931293651e-02,8.994342831829824428e-03,-5.561851577614571052e-02,-2.307196310570217360e-02,1.088368110563122347e-02,1.136162596661699359e-01,1.609517057853843483e-02,4.741852279295242709e-03,-6.135253678514680006e-04,2.358740725142648835e-09,2.941444320065226025e-09,1.898285046209470647e-04,1.430050442051999156e-04,3.119867789777162632e-03,-1.454072545183319597e-04,-5.351362827846167618e-03,-1.243449481252966726e-01,7.677569003268049086e-02,-7.210625640769253997e-02,4.260595446788739520e-03,-3.096638374485071593e-02,3.811457562024857526e-01,-8.928229129772801212e-03,8.231481816856233147e-01,6.018621986803545515e-02,-9.586797799054006322e-03,-7.312793527286004947e-04,1.918995717666357667e-02,1.100800146610593977e-03,-9.450409157611524419e-03,-6.631750892835639247e-03,-1.020704376499787175e-03,3.094706174200303073e-03,4.419170358905258854e-03,6.790812202056976422e-03,-7.656744461580611673e-04,-5.055612054433715474e-03,-7.899129495454278909e-04,-1.955321896361039147e-01,-3.044853147870063125e-03,3.665594527908695374e-03,-3.611948796887895431e-04
1.000000000000000000e+00,-4.665670765156756938e-02,4.645232119201604670e-02,-2.720257730735050478e-02,-1.124042477099900422e-04,-4.963476454594201170e-02,-6.461626505406319054e-02,-8.734194127656938478e-02,2.980882926295544966e-01,3.154186181058849653e-02,-6.359147971833373214e-03,-1.483234286864170727e-02,-2.165954098577866846e-02,-5.179358613085067314e-02,-1.310643880931347018e-02,-2.501407485169229172e-01,-1.097827650939619121e-01,2.402001666187601192e-01,1.632134406688031530e-02,7.684768571147242155e-03,1.758623691055959809e-03,5.086369564989382409e-04,-4.206608259822353546e-05,2.886996094758257432e-10,3.546712143604631495e-10,-1.268200085437382627e-04,-1.278213337416420157e-03,-1.643348141197872392e-03,-5.804383088204614601e-04,-8.797110191965660728e-03,-1.942906732145644952e-02,6.657294373020711774e-03,5.169820431117804621e-02,2.901047247801603612e-01,1.178697526928237059e-02,-3.906449528600063059e-02,7.638673811009879522e-01,8.152459567984471009e-03,-7.232871959741138217e-03,1.797981968148679860e-03,-5.342855568595602112e-05,-6.626265624723137043e-03,3.808677063684201471e-04,1.328909675324034360e-02,5.214879158316645773e-03,-2.348035271708417138e-01,1.420824043551263075e-03,-8.606395813197811884e-02,6.607888317589864259e-03,7.180928763672413985e-03,-2.086582710643515234e-02,2.208301689045521782e-03,2.557584710339363184e-03,1.017358287528681446e-04,-2.372325687287657817e-02,5.853205255725415015e-05
1.000000000000000000e+00,-5.950008356441649493e-02,3.967046930340906163e-01,-1.676497299218316639e-01,-3.396602282736410541e-03,-7.648273299502973341e-03,-2.546354282123548720e-03,5.843403501785988247e-03,-1.114889736480775134e-01,-2.666637238297913520e-02,-3.986060664370028733e-02,-1.651091072105179830e-02,-1.321250125177616912e-02,-2.918201809509798211e-02,-7.225704941003664207e-03,-1.248649803167369010e-01,-5.281062850871161285e-02,1.289549966795777713e-01,-7.192708770843990115e-03,-1.998510703462610862e-03,-6.046413632262365639e-05,-3.754343085692741605e-05,5.020839063903628507e-06,-3.970565505648594443e-11,-4.844803592491290783e-11,2.982288674200041158e-05,-5.821302023683934575e-04,-9.250719736963594012e-04,-2.893273786365942765e-04,-4.342157609563087640e-03,-8.546853065476025081e-04,-3.387857235596377237e-03,-2.918737934555471966e-02,5.891945191748727134e-02,9.977013736690283716e-04,-4.754919760191443460e-03,1.368054723912289217e-01,-3.995189873994925596e-03,-2.798923930368230843e-03,6.271765827758011549e-04,-7.683485355732856003e-06,-1.383978159380476599e-03,3.429456358787671256e-05,3.785754612712602558e-04,-3.771707130330810066e-04,7.309612179282535260e-01,4.634037401598443441e-03,3.108884276876698882e-01,-6.612580612473316702e-03,7.727617023180162470e-02,-9.819441996651747176e-03,8.886646398460298392e-04,2.957776677068196282e-03,-4.212601167523218233e-03,-2.746343749973010340e-01,-3.871915106630183820e-04
0.000000000000000000e+00,-4.961116969535422222e-02,-4.464250325898066335e-02,-3.849407889012455234e-03,-2.253617699419945594e-04,-6.363566715330395973e-02,5.967571693588734696e-03,-4.346541458265714558e-02,-8.772071664835715769e-04,-2.376200187979007200e-02,-1.085333180048737439e-01,9.059434206602828485e-03,-1.906415842195091914e-01,6.331287509199907959e-02,-1.019868507021392118e-01,3.428140325434165386e-02,-4.631075644664289781e-01,-2.255031235582412030e-01,-1.074175218751483862e-01,-4.984926583013649104e-01,-2.603840783826907868e-02,-1.609988790431217051e-02,1.903579101506497080e-03,-7.275205783023098189e-09,-9.077191710174548891e-09,-7.520025284625776133e-04,-3.823489997231356748e-03,-3.561154868325488304e-02,3.115075672715586063e-03,7.380828862235777610e-02,2.282253712618845798e-01,-1.375201771577736487e-01,1.293397287796784201e-01,-1.107216025091229067e-03,-7.009264965459270115e-03,4.721863301788973288e-01,9.877849748273912628e-03,-1.195005243637317360e-01,-1.969251380727708445e-01,3.713315904899162218e-02,1.646198673863794384e-03,-7.034733686302488409e-02,-1.968803744889571338e-03,6.306640100990143494e-02,2.951239765843392468e-02,-3.082352565065041208e-03,1.065037559152103974e-04,4.167485897188695151e-03,-2.609401671810676962e-02,-1.103689800121302909e-03,-1.101984762533723787e-02,3.398919552183866152e-03,3.172237713477451659e-03,-3.019189064498128874e-03,3.981584284060045269e-03,-3.898128020699923599e-04
0.000000000000000000e+00,4.691997518919944765e-01,8.428075242157002933e-02,4.474940416657444686e-01,3.655011675588402606e-03,9.195208855709209594e-02,3.172263653926172405e-02,1.902703060031828500e-02,-8.934288221043492836e-03,5.516253625205501561e-03,1.599497558805921052e-02,7.658214403695302874e-03,5.678908884648592968e-03,1.279562612488488980e-02,2.859163976583257473e-03,1.383825486110478072e-02,4.138971688345882000e-03,6.405444375062394058e-03,-4.644419238265747735e-02,1.953440187886445849e-03,-6.937269737738713303e-05,-2.592288876224809268e-05,-1.951409349450089164e-05,-7.538712786930827489e-11,-8.740989515401891940e-11,1.830877833744537020e-04,5.743280774010684452e-04,8.100367375304625729e-04,2.315586778214485540e-04,3.318854358757676766e-03,1.707745582665223675e-03,1.042014894158614516e-03,5.379475048589863785e-03,-8.679078323491748459e-02,-1.113812824516368424e-03,2.306095294238914243e-03,5.887121749136760285e-02,2.657296778439482542e-03,6.691206306254054558e-04,-1.044802254993668219e-04,2.551850561146095601e-06,-1.701603988717754362e-04,1.042286733192912648e-05,5.898096490599694574e-04,2.510046302172184020e-04,4.783841540955497545e-02,6.568037878382815579e-04,-6.353388459552425371e-03,1.757917831670453975e-03,-1.652608010634467814e-02,-4.220649009803337237e-01,-1.009451838193214414e-02,-6.321193329930628081e-03,-4.627905688435411391e-01,6.573034935593871858e-04,-3.371666762951758822e-01
1.000000000000000000e+00,8.331058821498590894e-02,6.230757419181256335e-02,6.058405383589802184e-01,6.091717206049900198e-03,8.464997149385744546e-02,1.590847907047683932e-02,1.447231391414988307e-02,-7.324205599635129349e-02,-1.255969487482386585e-02,-1.278432114846111446e-02,-4.141790061068928788e-03,-2.387824652514035188e-03,-5.245410787150076720e-03,-1.209805877645974987e-03,-2.412278759280719539e-02,-1.103384351529142736e-02,3.126980968498668800e-02,-1.926857177940177399e-02,1.141875841027390186e-03,8.819691828467093972e-05,4.569223970749314209e-05,1.004623419119667141e-05,8.870033032942216949e-11,1.048406834979264330e-10,-1.603791953982468624e-04,1.337697584597142772e-04,1.710404208329874243e-04,3.912310514236362456e-05,5.136150742507120592e-04,-5.383512744489603666e-04,5.797185962749844745e-04,3.112221974146744258e-03,-1.330955109732420184e-02,2.808761884768165096e-04,-1.490935430273673335e-03,7.210829225000207898e-02,1.277217334258254084e-03,-9.043620543665002804e-06,-1.003437183343515197e-05,9.812543790916523843e-07,4.840102695039277965e-04,-3.543197238304545522e-05,-1.856908960158313747e-03,-9.458052079710017228e-04,2.374408094237653588e-01,7.056904262144688030e-04,-2.941906996295874377e-01,9.697937902459987172e-03,-5.289346737917829389e-01,2.823693642409649818e-01,8.466118804472582207e-03,6.154171200153114515e-03,2.561027110980974575e-01,1.281215261654050121e-02,9.532892466812187271e-02
0.000000000000000000e+00,6.877685339076891058e-01,-4.202962708352907945e-02,-1.047453371365198449e-01,-1.187335780078708309e-03,7.365488200260456551e-03,1.170742583660944539e-02,1.033264726289075293e-02,-2.802851816120219622e-02,-2.682279000040379679e-03,4.679405901354000965e-04,9.184388425910869000e-04,8.679166600659199340e-04,2.016391817023227475e-03,4.220307439974269222e-04,7.033281715228327470e-04,1.827896990459472004e-04,1.334046836060539349e-03,-3.310805297832722458e-03,-3.840191604509145962e-05,-2.684728090378320423e-05,-1.073658521267775423e-05,-2.162465394377726807e-06,-1.752672382843042266e-11,-2.070234518850617048e-11,3.191779725162158569e-05,2.695847891949859046e-05,3.376549023214982302e-05,9.881238301489966489e-06,1.387808307583274963e-04,2.620270252917955307e-04,-1.218285828883024170e-04,-1.134160536100269805e-03,-5.745201877217134129e-03,-1.049782747094004471e-04,1.395601419986181306e-04,8.446432502703316719e-03,3.449784594195975013e-05,-1.850346442444864166e-04,6.542403192793467734e-05,-1.762303734501055395e-06,-5.252107964904581365e-04,3.047791349923891239e-05,1.265894989417515196e-03,5.323053753593108605e-04,-1.286430010791540096e-02,3.718330284554778988e-04,3.739939375539647753e-02,-1.251492479079555477e-04,-3.684627953871178873e-03,-3.690490850451335070e-01,-1.019705882974779147e-02,-7.200179288137642346e-03,1.588354130044943024e-01,4.591256632423380314e-03,5.551760104031500109e-01
0.000000000000000000e+00,6.213892617223875092e-01,-8.892980614499418346e-02,-2.991288669808981338e-01,-2.669748452496987362e-03,-3.397922392710080175e-02,-3.773933787647528078e-03,2.607087683336915818e-03,-4.260662205813218334e-02,-9.477898163690977665e-03,-1.273818151314028667e-02,-4.845062878149956204e-03,-3.188829485389484044e-03,-7.068736579551052057e-03,-1.612039053674086449e-03,-1.195416837038438228e-02,-4.174753969534834158e-03,2.185871315933383442e-03,2.341634760759932557e-02,-1.176466980484848837e-03,2.176372565392389386e-05,9.129821247593923324e-06,1.146901862498475671e-05,3.909303685647748759e-11,4.509981643385879208e-11,-1.014467378129901241e-04,-3.221159464545236828e-04,-4.624477404471896182e-04,-1.331717482149300793e-04,-1.918447858442821159e-03,-8.363905238395111632e-04,-7.675077893788329790e-04,-4.616445953987489970e-03,4.850471180958850631e-02,6.222312610941626741e-04,-1.472711985907257555e-03,-1.591953744691605374e-02,-1.423787424051337373e-03,-6.004395645092118657e-04,1.271458427327787192e-04,-3.121619323402955386e-06,-3.248058399048597508e-04,1.754895347678115013e-05,5.799427294643624614e-04,2.220628495881956689e-04,-1.729911226973173191e-02,-2.585773812009325832e-05,-3.798609929123067646e-03,5.347501961515049927e-05,-9.436743041649519378e-04,9.616284063134974969e-02,2.136041797514400421e-03,1.164826606377253630e-03,4.967763246548125844e-01,5.119583007757469396e-04,-4.658089981747713937e-01
0.000000000000000000e+00,-5.184979893131205081e-02,-2.535036498927463813e-02,-2.256571780168650440e-02,6.865788624152707742e-02,8.243643890941418015e-03,-4.349517451729943002e-02,-3.111434081138603897e-02,-7.105402038319401370e-02,-3.431023685138996637e-02,-7.035087347541067737e-02,-3.558706051607034987e-02,-1.803197268740821049e-02,-6.419362835017437818e-02,-8.291849919827941687e-03,3.127861588730215109e-02,-2.579584486047065486e-02,-1.148662074611409706e-01,-1.528879707877909416e-02,1.105458957874089487e-01,1.521965767076736802e-02,4.681736574385080007e-03,-5.844920347851633976e-04,2.475365854031166099e-09,3.076103447659842375e-09,-1.222739881134799270e-04,2.893249517232662597e-03,7.266288621635724754e-03,1.604934538902667634e-03,2.253065217242640472e-02,-1.329369295313470867e-01,1.184656135319754749e-01,9.245083804930599447e-01,-1.769581923571640972e-02,5.974686688546577973e-02,-1.747973953694799409e-01,-3.147958045384385839e-02,6.125520521659474915e-02,-3.756497614756095990e-03,1.171276530876483790e-03,-1.927705350503023621e-04,-4.316139016616884171e-03,6.054734970289446213e-04,1.227202651112097205e-02,4.056839984515623991e-03,1.656862793282122895e-02,3.437776028990598143e-03,1.765917879396856210e-02,5.124270752355067349e-03,1.271671512373190359e-03,-9.704151821807519007e-03,2.683760345786757179e-03,-4.554847640395061521e-03,-2.924241133703549267e-03,-5.575607470384720543e-03,-3.669174012289860409e-04
0.000000000000000000e+00,-5.565109256056818832e-02,-5.607788915918206912e-02,-9.630171445286297288e-03,3.358263157175112989e-03,-9.061054739125513902e-02,3.235727661513163600e-01,3.023808412266085557e-02,1.894548405689377990e-02,4.238917637432904235e-03,-6.612277981779773883e-02,6.532860257609626742e-02,-3.959005761534081791e-01,3.107091332123562699e-01,-1.304827440725452314e-01,2.299840765359085007e-02,-1.958478593147230107e-01,-3.550342461826109380e-02,-9.177589808356359817e-04,-2.685035587792039113e-03,5.967349084642255275e-03,6.981211934673845886e-04,-9.903250750871269077e-05,4.003668511933944726e-10,4.993121685205465853e-10,3.632609195167913103e-05,-2.276146763557336007e-03,-7.020930149065717982e-03,2.713035449853752157e-04,7.965412246023012566e-03,-1.399214557130050440e-02,4.099456970469132593e-03,-4.423604188390858200e-02,2.968867044604588286e-04,6.456193279486503213e-03,-2.088339649733332026e-01,-4.242975192025288424e-03,6.077133735996700231e-02,3.033814035901916117e-01,-7.644513277372211313e-02,-4.406152290501895094e-03,3.849654990501327756e-01,1.254293703233809280e-02,-3.978288460317377373e-01,-2.200255494315500604e-01,-5.838165888713194376e-03,2.117673184006287762e-02,1.051962257010325384e-02,1.968738290980000250e-01,-7.520158636491777564e-04,-8.644128027117071664e-03,2.790608432752732931e-03,1.752542334051218273e-02,-2.365656724829509183e-03,3.353230227929523358e-03,-3.436330850572939257e-04
0.000000000000000000e+00,9.013564161540582598e-02,1.644693547667736844e-01,5.509666009006047860e-01,4.483254344396170321e-03,9.146427146778593475e-02,2.459713776440096422e-02,1.720972358087217297e-02,-3.625561537398422352e-02,-1.926569172267708066e-03,4.617666257616845696e-03,3.175862887265277525e-03,2.876861469088847281e-03,6.656976603709238195e-03,1.520078762428740378e-03,1.340658755236810717e-02,5.336392385589821923e-03,-6.333513805512150721e-03,-1.504167804115428241e-02,1.400988081462233752e-04,-1.376276559309327809e-04,-9.996813942065252911e-05,-5.210856723489918458e-05,-2.881993603372514000e-10,-3.374587708905706597e-10,6.113361714899606626e-04,1.674775924813585125e-04,2.707629475869154762e-04,8.426455143663946583e-05,1.231262456311141978e-03,1.422346878447369213e-03,-1.436152839645100682e-04,-1.849819819471115690e-03,-2.899276750803187960e-02,-7.778414123880974477e-04,2.166126181121317152e-03,1.027883595959830539e-02,9.060379462225206376e-04,3.749960809658779899e-04,-6.012896397111842077e-05,1.437758955348389839e-06,-2.483520878313429710e-04,1.905847724338106771e-05,1.165905046002699329e-03,6.171051464234948106e-04,-1.614597116164743773e-01,-4.754411241656341584e-04,2.440532992474415686e-01,-8.308064775563587731e-03,6.527730493927437205e-01,2.549427471789638688e-01,7.338088896475419495e-03,5.234672363058989232e-03,2.037060248514048488e-01,-1.974090521022564201e-02,6.346384515028402618e-02
0.000000000000000000e+00,-7.195982747788956524e-02,-9.090649152377744402e-02,-8.391936372540997890e-02,5.565809732902503582e-01,4.401801794600234685e-01,5.038636371576083600e-02,2.654530019065079113e-02,8.196613630079627524e-03,1.157441948312194595e-02,2.756745682006855533e-02,7.655699197829652150e-03,1.387068053278084703e-02,8.252377296925078251e-03,6.203778943567915712e-03,9.103340805992392532e-05,-4.847521692548711555e-03,7.853884921107757988e-03,2.762300633861727948e-03,8.878517065661055852e-04,1.550238550218127197e-04,3.524292069196482551e-05,-4.842431994667831499e-06,8.175666582572497296e-12,1.072013527986425750e-11,1.671958522265114212e-05,-2.341563375277916717e-04,-3.495377936060703699e-04,-1.313533452722975294e-04,-2.046390228027288819e-03,5.346771384662716555e-04,-2.823126938821272046e-03,-4.969246841443347024e-02,9.125972341414137403e-04,-2.772167773651378932e-03,5.771893055822387673e-03,2.217603111409964002e-03,-4.229159534558579042e-02,-9.870489884484863474e-03,2.415878190864557441e-03,1.387172407172807508e-04,-1.178711782738465184e-02,-2.619298972575794795e-04,1.320788990743710679e-02,7.040059586357854185e-03,-2.841808670581981357e-03,1.880918514124630325e-04,4.440909780291805498e-04,-1.760989200107769895e-03,-7.399234061072154254e-04,-1.792638183941827265e-02,1.190230239029789298e-02,6.662610492143151708e-01,1.869756233736725917e-04,2.383144546070862808e-03,-2.358049334153828496e-04
1.000000000000000000e+00,9.592245896293026541e-02,2.379978990865904143e-01,1.289107750119595705e-02,-2.248008190567222717e-03,2.806472748020184382e-03,-2.529424839149245832e-02,-7.901834349203419594e-02,5.391602542962794509e-01,9.815632001906957060e-02,1.025854425720074820e-01,3.194847961266823744e-02,1.485202093505645464e-02,3.119860026762400623e-02,6.594279524408571021e-03,5.685852114389425976e-02,2.303609543359230391e-02,-5.717691754344287475e-02,7.891061629568313709e-03,1.813632659913861972e-03,2.075633241721527628e-04,6.478449285129815214e-05,-1.237068379071424005e-05,2.242648629833580104e-11,2.906132253526455960e-11,3.285999335375352684e-05,1.683575261962098153e-04,3.148353647461660135e-04,9.267086246359390199e-05,1.383457101296132552e-03,-1.526471250019705624e-03,2.433142244014296733e-03,1.931512049266726275e-02,-4.800186876068952835e-02,3.458272977025574242e-04,-9.468645784720724958e-04,-1.723588916116848280e-01,-2.890886091959467448e-03,-8.508274180388963230e-04,2.823503908022393163e-04,-1.049586888971245368e-05,-2.166001074147261545e-03,1.325677318905669165e-04,5.496356421849592569e-03,2.384003705566729598e-03,-1.918461535190560951e-01,8.001129045607907045e-04,5.911451869493224986e-01,-1.700141338417504241e-02,-3.686720330681998448e-01,1.490748904487021465e-01,4.760116704389250920e-03,3.448421675450163374e-03,-4.143842400705866069e-02,-2.051714951834930287e-02,8.106661640106637215e-03
1.000000000000000000e+00,-4.193279956821304583e-02,-2.904304647967856715e-02,1.289881200689049767e-01,2.446749999645855041e-03,-3.231712238775353435e-02,-5.340257492583437571e-02,-4.170223392035513066e-02,-7.771433923850384895e-02,-4.246488547688540005e-02,-9.380208370860003420e-02,-4.535771287962243187e-02,-3.912159171092893795e-02,-8.963899365415672893e-02,-2.132179164407384947e-02,-1.889659941356670592e-01,-6.849011561059901998e-02,3.319905066746215577e-02,3.779385388637673260e-01,-1.399090333429826860e-02,9.911310295557653003e-04,1.720284745257079123e-04,1.351417729571822173e-05,7.429184535597751415e-13,1.037656126621307073e-13,-5.688476148681222989e-06,-5.297855985263871977e-03,-7.330466036027466492e-03,-2.130571923231279561e-03,-3.072988479133123563e-02,-2.009546177475826298e-02,-7.306472138277426455e-03,-3.582958770007653448e-02,7.543275005217622287e-01,1.300224964569691478e-02,-3.362034209489319497e-02,-3.981142090801139677e-01,-2.752426782582484063e-02,-1.264972282921813032e-02,2.851034305620127850e-03,-7.509152055011263452e-05,-9.037266464385294504e-03,4.954872039427839605e-04,1.687210400857923689e-02,6.405497268337066556e-03,-4.661160949380334373e-02,3.257853086107775648e-03,2.615069129997402153e-02,4.789439474619615680e-03,-2.229939555660662848e-02,-7.966514404176530673e-02,1.119135272920876705e-03,2.092296802200740297e-03,-4.578747901133205234e-02,4.591663944614215141e-03,-6.618057577020768079e-03
0.000000000000000000e+00,-5.121104538593752864e-02,-4.703259969423160408e-02,-3.661652267770162429e-03,1.120095750077791533e-03,-7.447141026567646871e-02,-8.361895170077510153e-02,-1.409185300520957862e-01,-7.087414760490116927e-02,-3.742795428561093152e-01,4.028933025496937992e-01,3.617690259654557927e-01,7.600399515439201781e-02,5.388683175773113787e-02,-3.991982569686858273e-02,8.083889792841488994e-03,-5.662842738732067061e-02,-1.049333207171105307e-03,5.032772543104937785e-04,-3.889347711621166104e-02,-1.755627834208709978e-03,-8.233161625918705663e-04,1.308048105300189869e-04,-4.882238424431437407e-10,-6.098890565364661490e-10,-6.175807456912413729e-05,-8.354050724046363247e-04,-3.798614948214754615e-03,-5.939910926735096934e-04,-1.175963526182342150e-02,-2.308232193360631665e-02,1.002435652829897390e-02,-1.451824388698593100e-02,7.464404973850660653e-05,2.528808061675656780e-03,-5.998491682163773625e-02,-7.094301280273875628e-04,1.928313955633243967e-02,2.587145554371662187e-03,-3.454797683161016375e-02,-3.120042839896179036e-04,-1.690940841009911169e-02,-6.970992419763796244e-01,-1.129961702052727007e-03,1.321985077980114900e-03,-2.184760824679107989e-03,2.133555881733938120e-03,3.777396531171297624e-03,5.643283750372938938e-03,-8.643698444939008387e-04,-9.470977439491436514e-03,2.515945400376193037e-03,2.876406546115432145e-03,-2.702481289141157698e-03,3.696340435552475379e-03,-3.707903742326971509e-04
0.000000000000000000e+00,-5.101241561166960925e-02,-4.696861978961835993e-02,-4.044688784910975034e-03,-5.932086236208411814e-04,-7.556902558022741967e-02,-3.743912783694071725e-03,-2.545013582472979707e-02,-4.140168969889939515e-02,-4.433355831667788738e-02,2.593076812069780024e-01,-3.371769776722548517e-01,7.041855922951338609e-02,-1.065726914898433852e-01,3.727280719942965281e-01,-1.115745573746171468e-03,-3.319330277000599738e-02,-3.461222896239999486e-02,-2.194263056078729970e-02,-9.869134230056211821e-02,-4.153474702354364306e-02,-1.518849357706139602e-02,1.203549173711329547e-03,-5.082215596231150575e-09,-6.327374577341126326e-09,-3.203681554490858067e-04,1.879243154472962432e-02,6.462102759444646183e-02,-1.151533858133736970e-03,-2.057345511792771364e-02,1.156784573228751417e-01,-5.047315514614923726e-02,4.345067615071564887e-02,-4.448869843433898613e-04,-2.432097593687141800e-03,1.489658968607809331e-01,4.136323258451569951e-03,-1.135447868095178225e-01,6.874612915795306201e-01,-2.401563502459251320e-01,-6.046748605795293496e-03,1.622739575624987385e-02,2.448957519084317760e-02,1.287432022355083916e-01,1.089509773631067852e-01,-2.029444828274479425e-03,7.158223883508961320e-03,3.764462962536253496e-03,-9.427773074542348392e-03,-9.503654725391966814e-04,-9.986568004434709031e-03,2.715600560223414839e-03,3.033915347097670794e-03,-2.801832720875368273e-03,3.778417673731337707e-03,-3.758545807949180829e-04
0.000000000000000000e+00,-4.992064925980585488e-02,-4.515427549156706549e-02,-3.874718072088351433e-03,8.969445138901560111e-04,-6.670958160029788475e-02,6.203385753190137492e-03,-4.921769849939242047e-02,-8.822171416128121724e-03,-5.903614201079167983e-02,-3.839698985839756773e-02,2.939684535773903762e-02,-1.137072221016088708e-01,2.501661416208724939e-02,-4.448183820263168498e-02,-1.994156221327613929e-02,1.474358113594896880e-01,2.267202272837166334e-03,2.386622845828440670e-02,6.435340160907763174e-01,3.492789068419233089e-02,2.653794950648081727e-02,-2.772174774475863728e-03,1.088282536111878179e-08,1.358119700903488115e-08,1.300823405242929271e-03,-4.696086702359340316e-03,4.699018006753532747e-03,1.037338243999971765e-02,2.079507943645597656e-01,5.383089284853442846e-01,-2.850141910646682430e-01,6.702239630456498232e-02,-8.699736475942850683e-04,-5.510689481096142997e-04,2.745226268267165204e-01,7.055984100133175577e-03,-1.025290853952189885e-01,-4.770157766017091988e-02,1.012440593705138739e-02,1.223746876543000668e-05,2.359054855577530363e-02,-3.827120433580444292e-02,-2.248343485358662158e-02,-1.374655167142249841e-02,-3.813907861925454248e-03,6.186158711470439615e-03,6.376913786708704804e-03,4.289553424782879126e-02,-1.061365469263258771e-03,-1.079756023835440164e-02,2.772009344483945033e-03,3.980828908985985931e-03,-2.971340231044342778e-03,3.937699714392193205e-03,-3.867787285492676834e-04
1.000000000000000000e+00,-5.453934084818466699e-02,-5.347893112713686392e-02,-6.527792581516761970e-03,-7.497146322324602444e-03,-9.657775819183524180e-02,1.278082550333783096e-01,8.477818154030805631e-02,-3.831120390455176883e-02,2.061427559861298345e-02,3.381151093833251187e-01,-3.591016430726686748e-01,2.954925118604713116e-02,-2.511297066593950848e-03,1.308165299359427269e-01,4.862359400836570333e-04,9.114429073809375559e-03,1.256659366116270708e-02,4.811517572695102676e-03,4.942060301307445863e-03,1.944649736510937858e-03,7.105109760861517965e-03,-4.121582705247460302e-04,1.772290986775837694e-09,2.203540677923800808e-09,7.368104484442263751e-05,-3.142835370539102079e-03,-1.440989559231210283e-02,-3.161169805800872557e-04,-8.590190140134481428e-03,-1.142333826716957455e-02,1.730403926794282527e-03,-6.924432872963172565e-03,3.188758783256981279e-05,1.180620823860547121e-03,-2.684635139787390837e-02,-4.125668080162644188e-04,2.871226448691578670e-02,-5.082620124350715196e-01,-5.590074280721212263e-01,3.679405426237013742e-03,-7.914602112564549097e-02,3.639598861425284715e-02,-2.289378678523906752e-01,-2.163686937340540406e-01,-3.249781511872394928e-03,-1.093882059252737106e-02,3.099809028409463828e-03,-8.514108122095190995e-03,-7.545810436715180529e-04,-8.325774620841113957e-03,3.013574349761048883e-03,2.563541458993183215e-03,-2.411721946284169429e-03,3.387453778221663665e-03,-3.475843393851434267e-04
0.000000000000000000e+00,-4.983022723594338066e-02,-4.496688826588504662e-02,-3.672793680492962912e-03,3.098698322034815797e-04,-6.724020449083867312e-02,-3.154560009957079695e-03,-5.591867902000303980e-02,-1.290723647947024724e-02,-7.651222694026660331e-02,-1.145974390428536153e-02,2.421198229174711600e-02,-2.102574482294246871e-01,1.008677045377689568e-01,-7.337522513009707426e-02,-6.332602435490350401e-02,5.914869269289574349e-01,1.384649058590977921e-01,1.132878230189377292e-02,-1.269538024570441570e-01,1.107876693074056999e-02,-3.572686561498535866e-03,2.099602104726241677e-04,-7.501534111945946271e-10,-9.437603968078585028e-10,-3.503355126055491121e-04,-9.115659704459146313e-04,-2.933641826296506765e-03,-3.487975244498620064e-03,-6.816948216837813435e-02,-3.367823386836812372e-01,1.955454611693474565e-01,7.197260238538953636e-02,-3.092579591938481118e-04,-2.284112383477354680e-02,5.175815391596326753e-01,1.105824251454492861e-02,-2.523362291183064987e-01,1.994291099975716106e-03,9.879656101670219667e-03,-6.810817701481814953e-04,8.999024004742345317e-02,2.898723650982822954e-03,-8.803730679455031016e-02,-4.878599600694260435e-02,-4.393165645034983850e-03,8.177471500073777919e-03,6.985822895677805400e-03,5.706539414727129778e-02,-1.069911777103126418e-03,-1.083725540958255067e-02,2.838434652560898903e-03,3.343770474259166910e-03,-2.983015208252270348e-03,3.947029802015336424e-03,-3.874499192024304225e-04
1.000000000000000000e+00,-4.842281673065191444e-02,-4.241414142546082872e-02,-2.885787399529394278e-03,1.165046855229143240e-03,-5.669521996755633869e-02,-6.395697442271734701e-02,-5.528823461528257349e-02,-8.550738974136969442e-03,-3.073914781729350509e-02,-8.227831846227671997e-02,-4.155837023829314636e-02,-3.293257456212964757e-02,-7.748843327527094038e-02,-1.847259322562123940e-02,-1.448220966323770370e-02,9.072944758281919347e-03,-1.525850171292719437e-01,-1.494374602564393917e-01,8.524393111073216844e-02,-7.469384226761263679e-02,-1.469318899696170355e-01,8.935466450262931071e-01,-3.587506543781662413e-06,-4.472044144276755057e-06,-2.780677373441446318e-02,-1.627375632878355349e-01,-7.430798586256405491e-02,-9.768809427212815297e-03,-1.632280924746973005e-01,-5.497950014599185115e-02,-1.431565807821902347e-02,-8.099906967016198833e-02,-2.969315919102615887e-04,9.668022772078536595e-03,-5.451518428044142828e-02,3.661478361667104813e-03,-2.451675465384336658e-02,-1.402571695251917175e-02,3.117660954249005297e-03,-4.054677142803218490e-03,-9.480827549463805015e-03,5.153714521568484577e-04,1.728450291834784242e-02,6.548490770637172692e-03,-3.854786371318183903e-03,3.516755297213650273e-03,5.681933327861663288e-03,5.535472582400888415e-03,-1.172442772938754553e-03,-1.157962306955242701e-02,3.056321100352825306e-03,3.463092784572163827e-03,-3.149706013744955641e-03,4.110813151823123138e-03,-3.991630363599773797e-04
1.000000000000000000e+00,-5.988509226778609973e-02,-6.351169245235870064e-02,-1.100594427378946000e-02,-1.604977923430707040e-02,-1.260351434987583563e-01,4.788190646670455464e-01,5.679590898131241933e-02,1.284138347864356711e-02,4.170813316897700566e-03,3.953660314923113789e-02,-1.423121103732990578e-03,-3.153818575961139792e-01,2.662551745811470028e-01,-4.730247921051596721e-02,-1.886284482721887481e-04,4.854354388136972176e-02,4.015659501023011863e-02,2.109266512822652317e-02,8.893662494558818299e-02,1.365092801117159978e-02,3.587405996688414200e-03,-4.870464369362629263e-04,1.874403661282881679e-09,2.337553522101117776e-09,1.511572062536413799e-04,-7.663461439202489799e-04,1.552905971238178681e-03,-4.199721414699305612e-04,-7.373515901723806491e-03,-7.876121399083750585e-02,4.241973121873016811e-02,-3.310938989757143680e-02,2.920339781187455313e-04,2.419084856381739559e-03,-1.122584575681517816e-01,-2.710837345098162515e-03,7.001142660523192174e-02,7.290955474806854429e-03,-1.296468460273715421e-02,7.861171829284843400e-04,-2.861717640066955837e-01,-4.186009724365330822e-03,3.685721397967769986e-01,2.093603983956565107e-01,4.437128974656577053e-03,-2.883736587891275183e-02,-1.573407398330638543e-02,-4.978086128112260700e-01,-4.913616887887971036e-04,-5.697000110270434951e-03,2.553487855640851692e-03,-5.770654932209447500e-04,-1.823987413616954710e-03,2.798843710840403978e-03,-3.051993842400439467e-04
1.000000000000000000e+00,-5.011836218005150112e-02,-4.589752338114071878e-02,-7.334768930467997980e-03,2.351374150010509742e-02,-3.482667023614998553e-02,-2.487197933531890698e-02,-5.006848606185450995e-02,-4.545464584325253042e-03,-2.856718706298138830e-02,-8.376646112786495513e-02,-9.511167331716649867e-03,-5.562988860267128327e-02,-5.036321790530425002e-02,-5.213716638938956788e-02,-7.138483450929028473e-02,5.257762265771075416e-01,6.021947058199141750e-02,-6.262875223020139548e-02,-4.788247257881841912e-01,-6.726156590488767406e-02,-2.067626810921465580e-02,2.592028374065735111e-03,-1.002588688585093691e-08,-1.250278000327219469e-08,-8.350864589411789718e-04,3.211559613899842101e-03,-4.437264365735265649e-03,4.526494619450980683e-04,1.292177463152192722e-02,4.264345476130020907e-01,-2.538435709894551473e-01,5.675453159255128277e-02,-1.473887395410331544e-03,2.964068617690943097e-02,-2.979214694398396590e-01,-7.206869788054557670e-03,3.075767422681053853e-01,-9.629562574188180873e-03,4.089463410088826391e-03,-1.071597183351911974e-04,4.172923001130801439e-03,1.255081096853883109e-03,2.237116234204780934e-03,-4.976523245521844016e-04,-3.296633218676224900e-03,2.092065074448160467e-03,5.573330379742649256e-03,1.174614218940824364e-02,-1.083290042697727289e-03,-1.101887319486417362e-02,4.660845844235817804e-03,5.066521538743457877e-03,-2.992681951426837995e-03,3.954974123650159545e-03,-3.877472085102182326e-04
1.000000000000000000e+00,-5.510209867096569486e-02,-5.538473820682129900e-02,-9.347971233497787136e-03,-1.638784597750351027e-02,-9.101140951542316393e-02,3.712894769243783033e-01,3.380926361301899580e-02,3.594211366023403881e-02,3.618140751560414842e-02,-1.975800296925915300e-01,2.850406665481881041e-01,4.589601591972999328e-01,-3.268314238147606576e-01,2.591834847220272561e-02,-2.789606838780814800e-03,8.931292373808961613e-03,-4.524044847849532404e-03,-2.599302037494218617e-03,-4.154316153435676923e-02,-3.257987153011000780e-02,-2.193020402759188366e-03,5.485085893203842274e-04,-2.069342442369690809e-09,-2.581267422141216371e-09,-1.426569738500445890e-04,3.954174697685889500e-03,1.715336057873683914e-02,-1.626622346014345742e-03,-4.190998106165030879e-02,3.953775376239163780e-02,-1.139733897482445545e-02,3.239720645090309048e-02,-1.582306568289254588e-04,-4.771522808081499548e-03,1.174118561691854939e-01,2.542769201597086959e-03,-7.363897932711274685e-02,4.986078537563293916e-02,-4.705941773495986302e-02,-1.801431486850124056e-03,2.220635261264590210e-01,6.355640820939034707e-03,-2.458432046352487244e-01,-1.445116008060550739e-01,-3.236722521355439326e-03,-9.410653883974513106e-03,-1.042955479945749039e-02,-4.741185523163152782e-01,-1.080543506150572408e-03,-9.549246372121084764e-03,5.745834363123098441e-03,4.259642546451091090e-03,-2.579794776827929945e-03,3.497998505395613373e-03,-3.527943269386151479e-04
1.000000000000000000e+00,-6.296372677735100065e-02,-6.954235760124395649e-02,-1.631244570674205904e-02,-4.755857670839131607e-02,-1.048513012617160456e-01,5.688915206318760909e-01,7.053584953390164280e-02,2.726989247611991823e-02,4.432052406318805204e-02,-5.020086642160300622e-02,1.315996759662908522e-01,2.387804618265903511e-01,-1.398064632283705644e-01,3.408303132471914715e-02,-9.811820924636375889e-04,1.898402223674530709e-02,1.135884974558655502e-02,3.644949858385545995e-03,-1.265171971351043007e-02,-5.211796485142245264e-03,-8.343799838995440881e-04,1.018834405325260399e-04,-4.149307100426708792e-10,-5.177671543992755946e-10,-4.807360357989143561e-05,1.948685912029907239e-03,7.747972322781382024e-03,-1.019333468391144101e-03,-2.226800850179120467e-02,-2.814024143124019620e-02,1.751138509699358761e-02,2.942873005771577590e-03,4.027538788696067949e-05,-1.412157207117409850e-03,2.700593800433169489e-02,6.902315269786923717e-04,-8.030859374995959199e-03,-5.766620979243698014e-02,2.575775725639854047e-02,1.184404757935924105e-03,-1.766930452421516529e-01,-3.369770133420055182e-03,2.154392205447954456e-01,1.268053005625702223e-01,6.450741402034441616e-04,1.576274775880334364e-02,1.972445403670612663e-02,6.534797576652398021e-01,1.402197132237039941e-04,-3.176884797119395275e-03,-1.594667349248770445e-03,4.175552243206898540e-04,-1.365972279750520728e-03,2.400015440662025233e-03,-2.783084175160537455e-04
0.000000000000000000e+00,-5.135676806652969550e-02,-4.727483097978061460e-02,-3.714852815689703540e-03,1.056669117838634564e-03,-7.535413258440722128e-02,-8.084520235331023319e-02,-1.409774516809422229e-01,-7.098200698428576427e-02,-3.749462189480514129e-01,4.027330759805141103e-01,3.621511737482013271e-01,7.065120441753236502e-02,5.669795126264396551e-02,-4.215495114649246006e-02,7.235774926547053863e-03,-4.919732363851165441e-02,-1.219433919207166084e-06,2.503962855700217916e-03,-7.242037433154269828e-04,7.728437873626198187e-04,4.515728218113082603e-04,-1.551531662654686680e-05,7.869959692703321263e-11,9.794591827008628721e-11,1.261010800908454862e-05,-1.131498143643086237e-03,-3.568173663561385964e-03,-2.932195042675728744e-05,-5.116597980227877455e-04,5.085853534172361280e-03,-5.254742395589844482e-03,-1.181350278872124113e-02,3.481263336545169050e-05,2.602835056320749237e-03,-4.808060727273605339e-02,-3.719764644884562604e-04,1.624385838309176308e-02,-2.277855684395461294e-02,5.934612924348012936e-02,2.921286436328538339e-04,1.130029719781512794e-02,6.977135353678518559e-01,2.577798062431658002e-02,1.209810726412919972e-02,-1.816448666562258535e-03,2.452996881701497659e-03,3.586700142742289300e-03,5.680948165734905735e-03,-8.413064936268849171e-04,-9.338108939988180521e-03,2.498156839525892021e-03,2.846608397134712306e-03,-2.675760816701211985e-03,3.672757582938477889e-03,-3.692195124553015583e-04
0.000000000000000000e+00,-4.916792513104948498e-02,-3.277026432938896089e-02,-1.017874691312527051e-02,1.411455369315870031e-03,-5.686195398902908066e-02,-6.485491709929039339e-02,-5.670668312896879476e-02,-1.661079945790625012e-02,-3.449490624579520937e-02,-9.137336968989537289e-02,-4.670072617946788990e-02,-4.358139737950218057e-02,-1.004643861049985543e-01,-2.474834457981441027e-02,-5.115715662912178052e-01,-2.283644588470120640e-01,5.874737671168802633e-01,-2.052885643243695935e-01,1.510293666372635076e-02,1.675462599902610619e-03,2.220813728355902313e-04,-3.015569408481951126e-04,-9.254971608643090522e-10,-1.060280348150571276e-09,2.643852094627078229e-03,-2.065398804596365635e-04,-1.130223949173418733e-04,-2.114873803759839417e-04,-3.963964609143752309e-03,-1.693485367999868901e-02,5.923202239444882132e-03,1.089175067585715188e-02,-3.295125469838988685e-01,5.146429996293604148e-03,-2.163501939779400446e-02,-3.411741425818203832e-01,-1.310653507774776211e-02,-1.101367591499653048e-02,2.609182462145110196e-03,-7.393038764176313588e-05,-8.787495159968903777e-03,4.890113759249356280e-04,1.676675513420760461e-02,6.431133784389719311e-03,-1.257061095288180275e-01,2.742882953319039033e-03,-2.985129564469733016e-02,6.213813505293745536e-03,-5.889402168133867251e-03,-1.124103987153372668e-02,2.996520402737054122e-03,3.767244857209277407e-03,-2.961466202122024251e-03,1.026590746617365817e-02,-4.002256105005209974e-04
1.000000000000000000e+00,-5.435040110496616728e-02,-5.317719551164275249e-02,-6.485091375504993538e-03,-7.311890507752950505e-03,-9.577919537152826401e-02,1.430276968777048352e-01,5.950011677650739877e-02,-3.507399792542879174e-02,1.652891327274240083e-02,3.022351384345191017e-01,-3.512802122498105417e-01,2.437318433611641855e-02,-1.854996089187779806e-02,2.368839277670999333e-01,1.647624110154177540e-03,-9.632787482168583132e-03,2.846992116212446362e-03,7.434296899123208355e-04,-1.151451012721382491e-02,-3.266158563543748467e-03,-1.108289159051622889e-02,7.422395114056877692e-04,-3.201794146685004670e-09,-3.982436654195335906e-09,-1.213581195461270522e-04,5.622872989944124184e-03,1.572704804535916823e-02,-1.698507957643201154e-04,-2.268913900894117125e-03,4.490742118734953117e-03,-8.474588236991206086e-03,-3.008098339915807589e-03,-1.803025904519862368e-05,1.211244410947908507e-03,-1.458312493787734809e-02,1.656498229599630943e-05,1.102584285349589993e-02,-1.267087039090510625e-01,7.750278724986455758e-01,4.682740083064880834e-03,4.747449811142786386e-02,-4.986415615884951663e-02,-1.781594210195443229e-01,-1.143559192453473955e-01,-2.857585508288537288e-03,-8.704481156617814228e-03,1.848262710578366151e-03,-4.908322666315768912e-02,-7.842742071653017923e-04,-8.435243236418608903e-03,1.308343414992735061e-03,2.519633162801542068e-03,-2.447952875536022789e-03,3.418476493555999609e-03,-3.496574238260742422e-04
0.000000000000000000e+00,-5.118732060886621582e-02,-4.700319021048074419e-02,-3.625555497887872347e-03,1.171586546668613657e-03,-7.435374012433643154e-02,-1.166565941505180309e-01,-1.162113790843424532e-01,-1.817631561376290839e-01,5.681293935958867669e-01,1.484200246291617342e-01,2.585799942698429055e-01,-4.456461410650049138e-02,2.774783216852674123e-02,6.647517263981732316e-02,3.146680700524449002e-03,-7.405679453368732611e-04,1.926225541127617527e-02,1.061188382001266792e-02,1.647177291008721130e-03,8.245789939183387641e-04,6.610470163720114957e-04,1.375158937399893408e-03,-5.081175867283095118e-09,-6.335657387467043690e-09,-3.202141548924664955e-05,-1.282266590105646600e-02,4.938351695469886220e-03,-3.355032748076029595e-04,-1.983514561900280929e-02,-5.000686948424187123e-02,-1.019452847755343144e-01,1.091391928240606317e-02,3.130544145985203117e-05,-1.398665098486028251e-03,3.313797892655151889e-03,-6.397300901716550573e-05,-4.918937716096232838e-04,4.725597018689094153e-02,-2.363542798736586580e-03,3.989669494511823705e-02,-2.886043866672160507e-01,1.240919650216213733e-02,-4.534547974688409311e-01,4.319555976882360482e-01,-3.097437372130157178e-03,1.059624877362517516e-02,4.005908054847752940e-03,1.869606971584861395e-03,-8.971079611828910528e-04,-9.599205506737186477e-03,2.457855496591500235e-03,2.914499733713417796e-03,-2.723660821226074700e-03,3.710805069398870944e-03,-3.715723455098968696e-04
1.000000000000000000e+00,-4.896382444276516782e-02,-4.339229450966936713e-02,-3.359632848431983940e-03,-9.812384691668311985e-04,-5.730243366783911024e-02,-7.583751874989888564e-02,1.301914891100659777e-02,-6.914819535161307196e-04,-2.769445957658650537e-02,-7.583560048104667772e-02,-1.957888560978698553e-02,-2.537349845360108505e-02,-6.759930722748831722e-02,-4.843257180513459853e-02,-1.547415419397204193e-02,1.062672024628211545e-02,-1.211960976316966004e-01,-8.890666002331244766e-02,2.226612393553538752e-02,-3.824056442952804558e-01,-3.824343833641045270e-02,4.587516448162578045e-03,-1.858409827893374739e-08,-2.314675279104087563e-08,-1.203685373970798250e-03,1.389608549678861549e-01,7.320379267789848265e-01,1.033581460905402469e-02,3.942303149858478184e-01,-2.182314254633512529e-01,-8.298494934650016419e-02,-9.917441086225566027e-02,-2.948912258719496495e-04,1.599496805192149318e-02,-6.830390718870135713e-02,3.351575252942084245e-03,-1.830475361432723144e-02,-5.155735350996006744e-02,-6.165156304729546913e-03,1.298599255280396803e-05,1.590137138792036692e-02,-7.791969506211640737e-05,1.696259183623509414e-02,2.238236129570048485e-02,-3.490452880421103434e-03,-2.314584970118579305e-02,5.465108448643242987e-03,5.801251688220302252e-03,-1.130210127079311899e-03,-1.127442717982281815e-02,3.342978882657923669e-03,3.369125818252725717e-03,-3.079466310335875374e-03,4.043448039504369228e-03,-3.944195379020156464e-04
1.000000000000000000e+00,-4.933850240555642808e-02,-4.429526542413963347e-02,-4.707895100121432114e-03,-9.002316954034757235e-03,-4.865104343133779680e-02,-4.443771461837452141e-02,-3.342434813437604457e-02,-3.011669941006946214e-03,-3.241381227415824490e-02,-9.331930234555085857e-02,-5.517417389910144474e-04,1.308522823694392972e-03,-1.069252105252820884e-01,1.327529820133744320e-01,-1.893182678575654199e-02,4.863943797471000779e-02,-1.055717441503495890e-01,-8.550049785584333539e-02,-5.213321228738685559e-02,2.249256365256732393e-01,6.074001579673363876e-03,-1.334747878731250802e-03,6.109208349758300856e-09,7.613597302978283875e-09,4.330696867685668305e-04,-9.613650243034023435e-02,-4.379089311246316396e-01,3.300149661656746197e-02,7.608739643090427496e-01,-2.264759813763004281e-01,3.014580046810308445e-03,-1.156158640052657310e-01,-2.559995808984589193e-04,1.732895618063065579e-02,-9.996300218881634669e-02,2.948079560759772969e-03,-1.724220359554316448e-02,3.507947881221788050e-02,-1.081785725910740584e-02,3.640885271006803650e-05,-2.533743678607765226e-02,2.765514428946302256e-03,5.609008166258437102e-03,-1.206414101515180040e-02,-3.873111607773818514e-03,4.185437547252639223e-02,4.833605669601189099e-03,-1.223982944838196418e-02,-1.129772783242215251e-03,-1.119284627881017222e-02,2.287849321386918600e-03,3.369790885807352494e-03,-3.065353801259891597e-03,4.024145866922229121e-03,-3.927818688312872215e-04
0.000000000000000000e+00,-4.868807083340018910e-02,-4.294176073471885069e-02,-3.303723613739936206e-03,-1.034155082725272089e-03,-5.558087872737019208e-02,-5.982143713045724037e-02,-4.015855199146213528e-02,-6.752403823852158073e-03,-2.804376303320110786e-02,-7.721263620671342531e-02,-3.864586151505736145e-02,-1.524485334788171567e-02,-8.799116607860539563e-02,-3.781923312948924643e-02,-1.838113657596768258e-02,1.473966473828680103e-02,-1.484510775910801716e-01,-1.408354760985086607e-01,-1.232696004907543781e-02,8.482993930170236174e-01,7.279917924421196174e-02,-1.844678840586523941e-02,6.823685870301850494e-08,8.506374660487687345e-08,2.769367958697235323e-03,5.333642300659667546e-02,3.808470361222473510e-01,-1.429930346302584268e-02,-1.477321438490650785e-01,-3.486114083078149795e-02,-5.343366764802402746e-02,-8.278318115545049705e-02,-3.303839727620139092e-04,1.539523306571011219e-02,-6.200978261276342968e-02,3.480965740490714246e-03,-2.231060235717785556e-02,-9.015331753763159220e-03,-1.336059782162266930e-03,-1.417384479788253717e-04,-1.237385567080679337e-02,9.334449928279398316e-04,1.132042671127381391e-02,-2.106437327691675944e-03,-3.809335457914867981e-03,4.261379367301498171e-04,5.406784098478891257e-03,-1.228776055000097575e-03,-1.161340025644794736e-03,-1.146007356712112381e-02,2.576858360608542606e-03,3.441967451986811029e-03,-3.125143559463952527e-03,4.085051592210246253e-03,-3.972585750278525337e-04
0.000000000000000000e+00,-4.845207976953003204e-02,-4.246644408756210937e-02,-2.899963691935712479e-03,1.140959567697067941e-03,-5.691757533401106683e-02,-6.318546465798939582e-02,-5.454387677673425833e-02,-9.103835064220845014e-03,-2.960084122966070985e-02,-7.683499200890948899e-02,-4.634178274372462158e-02,-3.378862028150111246e-02,-8.145300450015768856e-02,-1.299665180761950395e-02,-1.864164377412803886e-02,1.054505861822871080e-02,-1.561720226898550834e-01,-1.518426734638279596e-01,4.685397464883072488e-02,-1.826046426611487583e-01,8.923881947241906198e-01,-5.762967835924383275e-02,2.463657604626542929e-07,3.063730070415528015e-07,8.090740781746191129e-03,-1.576907670202516432e-01,-7.927201170933886876e-02,-1.286220434679151599e-02,-1.503936812034069315e-01,-6.148671329755743542e-02,-1.519837571031719750e-02,-8.234758717847315279e-02,-3.186430872223555504e-04,1.505235180677383031e-02,-5.539053694269466255e-02,3.645066617685937312e-03,-2.480319630949883586e-02,-4.181477000048197841e-03,1.377905023505802615e-02,-1.328902277992496342e-04,-8.726795260269289492e-03,1.554009238066453671e-04,1.872065214505960057e-02,8.090208471542861823e-03,-3.835056339913923279e-03,3.571830774085879828e-03,5.660438140976022797e-03,5.313189008117412404e-03,-1.170218154319280874e-03,-1.156308314487348478e-02,3.052044409554989599e-03,3.458581884162451221e-03,-3.146043307385447234e-03,4.107257561836163105e-03,-3.989109546960654083e-04
1.000000000000000000e+00,-5.229408758120084044e-02,-4.885154688278142698e-02,-4.101601182020593768e-03,-5.594990837583462883e-06,-7.967826357444933449e-02,-1.185440955850006334e-01,-8.055718678309604919e-02,-1.858095063895092991e-01,5.797829054776144631e-01,1.931826016830271164e-01,2.049177899455157104e-01,-8.778400368096569290e-03,3.875104972659308700e-02,2.776544362587871420e-02,2.836951918757130587e-03,-1.215518221736077917e-03,1.789788960789022443e-02,9.783493839550818499e-03,-2.465235033627287669e-03,3.733760046232501364e-03,5.688314511661158625e-04,8.515579765479234370e-04,-2.572634145346641404e-09,-3.209620148018188962e-09,-1.671216185497473392e-05,-2.901292104980470604e-02,2.930957528854617310e-03,2.935823452203546041e-04,-2.997932513402818116e-03,-2.549385990487585546e-02,-5.363750174169498036e-02,4.921637596220262804e-03,4.846910178044277370e-06,-4.090154375676713187e-04,7.445703085111263491e-05,2.774468302953105188e-04,-2.196701066756962927e-03,-1.685138683075708063e-02,3.435419214153549814e-03,-2.315729287013938015e-02,2.361661009688227064e-01,-1.061192826577546551e-02,4.743607184400626675e-01,-4.600028533205604564e-01,-6.236619999612914682e-04,-1.073426965835523259e-02,2.878894309208348493e-03,7.336519519600451754e-03,-7.329705715462150840e-04,-8.647263643516143669e-03,2.871670965065563699e-03,2.644711863145479680e-03,-2.526433700424318609e-03,3.535480864823200599e-03,-3.598320926252771110e-04
0.000000000000000000e+00,-4.841517577716951404e-02,-4.240198039068413666e-02,-2.884115870860804506e-03,1.164334023266546400e-03,-5.665398077538969651e-02,-6.384974407391609541e-02,-5.510202541008162730e-02,-8.484767698267635383e-03,-3.065835781403188423e-02,-8.161403060539614007e-02,-4.111654823365764461e-02,-3.524287950548674747e-02,-8.070729618433715447e-02,-1.872467068417611388e-02,-1.869220625785009138e-02,9.717683948239731057e-03,-1.579552713320140633e-01,-1.529358374277228760e-01,8.676708710337607822e-02,-9.226651342441247183e-02,-2.308340842585114572e-01,-2.518555271277015395e-01,-2.956325934324711135e-01,7.610975592633193454e-01,-1.434040256661407997e-01,-1.821285745011629043e-01,-7.931453258630884184e-02,-1.371741576308829931e-02,-1.677934095556578020e-01,-6.045165120982220336e-02,-2.317557788930952462e-02,-8.174862970978821752e-02,-3.259079140780890538e-04,1.510989863032355732e-02,-5.461367660602051144e-02,3.679926711305139386e-03,-2.464295835401552476e-02,-1.404801912896706285e-02,3.113054993515737209e-03,-8.066094281402910846e-05,-9.466775155531540961e-03,5.151924024674596784e-04,1.736097450480032431e-02,6.532764551633503565e-03,-3.861799073536567855e-03,3.522403693920110081e-03,5.689258739618406439e-03,5.542426880432587549e-03,-1.173508850614986840e-03,-1.158650006471142330e-02,3.058034462241378693e-03,3.464973728852938605e-03,-3.151123286423546371e-03,4.112088264224632479e-03,-3.992484793951468400e-04
0.000000000000000000e+00,-5.544639232219349123e-02,-5.542530285095762649e-02,-1.043845298966100676e-02,-3.519152554036573954e-02,-5.356248810427156892e-02,-8.549208096568887416e-02,4.130661298051473418e-01,2.041853907896979542e-03,9.150006291908917289e-02,2.139500272548432169e-01,-1.618842368603146953e-01,1.446920573931940734e-01,-2.354257641980310109e-02,-4.358492136927582528e-01,3.595421100397179731e-05,3.021783649662446573e-05,1.914981674179892096e-04,1.302398805694455781e-04,-2.073367904300352921e-03,3.299244390752416323e-02,1.970359855439740831e-03,-2.540044061440533416e-04,1.094340272058715367e-09,1.363183938060442012e-09,8.590704782316289933e-05,-1.525509057753178695e-02,-8.628696132521983253e-02,2.255462027169681614e-03,4.094977512394179509e-02,-1.385150491378395144e-03,8.355669055480375099e-03,-3.346889226067790383e-03,-1.447988804018751941e-05,5.090197459781247444e-04,-4.039916052734924884e-04,3.448588849627470961e-04,-4.527208887396399865e-03,-6.490556673922956432e-02,-1.994778044905522185e-02,-1.399883991423957457e-03,4.902260736924063389e-01,-1.578455501148325404e-02,1.180854859412085317e-01,4.747430820095246973e-01,-1.698362296307997859e-04,7.981239171378133601e-02,1.458161375669161279e-03,-1.435191388792714066e-02,-6.020778717077752062e-04,-7.088158673009731063e-03,-1.326366000492799728e-02,2.494670137813824635e-03,-2.289013404710853270e-03,3.268039409277847217e-03,-3.395004898807008498e-04
0.000000000000000000e+00,-5.974924952930762284e-02,-6.715370233440701164e-02,-3.516081331664169807e-02,-1.951489207155270855e-01,1.612660528273570648e-01,-1.041618023532140808e-01,2.989143375505302069e-01,5.130381914248802883e-02,-5.903655077989432287e-02,-1.200998064290060008e-01,2.094006977394010371e-01,-1.288318133815223310e-01,6.686995661720540607e-02,4.962841749280032522e-01,2.996781050009464029e-03,-2.601138445362086420e-03,1.914932653168463506e-02,1.043844252235973623e-02,-1.288985489876965686e-03,1.253662342238273664e-02,2.319465419233289732e-03,-1.541031344987823625e-04,6.811875437383300788e-10,8.476234659489476407e-10,4.837738476064665726e-05,-5.254739977823826708e-03,-4.049099524981556938e-03,-2.293773779983702445e-03,-5.829982877112904749e-02,8.354382602893201115e-03,-4.389759863833790111e-03,4.051566722009318153e-03,3.834272600546075277e-05,-3.383491608236756615e-04,-1.225273669950502353e-02,-3.633762160947079357e-04,1.331438608452076809e-02,-1.421834156386583004e-01,-2.823144945920270585e-02,-1.621928848711213849e-03,2.128143879731168031e-01,-6.146170348866865363e-03,4.116039205919339028e-02,1.581592529820055326e-01,1.919892768573193452e-03,-5.996194682369713203e-01,3.834196706508586662e-03,2.786780879080000967e-02,-5.888867540223016814e-04,-3.489660668610952959e-03,-1.335484035742382503e-01,4.397622075583946556e-03,-2.401661119327504288e-03,3.194512323565757133e-03,-3.288963475293434275e-04
1.000000000000000000e+00,-5.733407173044257482e-02,-6.020887768174129628e-02,-2.007702691267190809e-02,-9.819069865576550427e-02,3.263854347753157581e-02,-1.658939409627780137e-01,5.390557074785105041e-01,7.399252502201472681e-02,-5.381885829975697338e-02,-9.254236345124339236e-02,2.121016820435700778e-01,-8.017744840860777100e-02,6.734746462326761385e-02,3.069224895044986856e-01,2.911569412812933712e-03,-1.395819782678284996e-03,1.998495083537148165e-02,1.123378764403773315e-02,2.856444037772564132e-04,-1.596661907206007106e-02,-7.510000151277793589e-05,1.111359043829528165e-04,-4.728657875331022616e-10,-5.898113660507748051e-10,-3.164271519433437148e-05,5.987291617610043457e-03,3.410982065065432112e-02,-3.313053070744337737e-03,-7.738497868193969231e-02,1.881251260992422916e-02,-2.209099246784241004e-03,7.955187258527524757e-03,1.669925808505984101e-05,-7.025926783583574808e-04,-6.563309105014808508e-04,-7.588033053441265081e-05,4.867728531914666812e-03,-1.646050711733055422e-02,4.529963978613943919e-03,2.172245529070965101e-04,-1.104493781639908495e-01,2.661405353698178319e-03,1.762043658783617748e-03,-9.145140802837402327e-02,-4.272513831756364656e-03,6.697786140277508515e-01,8.409548233680658787e-04,-1.203871034255360982e-02,-5.324918710305209931e-04,-6.566997525771405345e-03,-1.522977592179066905e-02,2.475637520500699115e-03,-2.182848446682750503e-03,3.153152123424307878e-03,-3.305597587237095285e-04
0.000000000000000000e+00,-5.342311136872280458e-02,-5.158741375200858598e-02,-7.810712204539719400e-03,-2.218159567432819931e-02,-5.767251350349884842e-02,-1.527961879096305653e-01,5.060175733058058789e-01,4.520517873791680963e-02,1.270152241053442398e-02,5.914300786182486586e-02,-1.288728276931479753e-03,1.032759391845394920e-01,-6.688243558058733738e-03,-3.914446737140428456e-01,-7.052483118027228631e-04,3.400743061264182437e-03,-1.250386018911023387e-03,4.421486883416700630e-05,-1.711132217078784393e-03,-3.203717554726102641e-04,-8.065780202838656937e-04,6.854958750632105544e-05,-2.918614140435003067e-10,-3.636147276429008958e-10,-9.549338415841715597e-06,-2.994448169984928292e-03,-4.946243239970539440e-02,1.317956138355876787e-03,2.303887374188258452e-02,1.357831120533450203e-02,1.285147996890782969e-02,3.779868880653961677e-03,-4.152139185416723536e-05,-4.935430384463547569e-04,2.127578130263975409e-02,6.117163281923322475e-04,-2.055996195460218362e-02,2.554818666135213467e-01,4.506928401553244451e-02,2.930692962224010906e-03,-4.496566360262173045e-01,1.469992387486183244e-02,-9.555751887252744714e-02,-3.270968116435338247e-01,-1.121051740115488722e-03,-3.656525594756321329e-01,4.353569431688051466e-03,1.452449625074121557e-02,-8.180470725014357593e-04,-8.952303108007450202e-03,6.835498493218628013e-03,2.629262212354422940e-03,-2.527043549496178678e-03,3.508823802047121750e-03,-3.565137053381787938e-04
0.000000000000000000e+00,-4.845119140707822292e-02,-4.244579078252997545e-02,-2.450353784977499835e-03,1.172671068974926378e-03,-5.677087746477225971e-02,-6.426303053785251129e-02,-5.564404692883171549e-02,-9.830252420102386299e-03,-3.147245047175285110e-02,-8.377308068555559817e-02,-4.237114232245782486e-02,-3.696329398483182843e-02,-8.485684366310861093e-02,-1.991008380615448201e-02,-6.650457160496267561e-02,-9.839606820429405709e-03,-1.452798195882178678e-01,2.802518363107465160e-01,2.125988518794853094e-02,-3.968353151739548862e-02,-1.029115800499799810e-01,-7.699558219589010266e-02,-3.955224239953723835e-07,-4.620851271815930466e-07,8.701824499403340019e-01,-8.011476392263830459e-02,-3.895436100735783641e-02,-7.417132301404242602e-03,-9.435008942950265376e-02,-3.952097173631352600e-02,-1.624518276220029631e-02,-6.735318975282350573e-02,-2.028549358721920826e-01,1.166021957930157837e-02,-4.774271743304657478e-02,5.075085121765942481e-02,-2.162854478477194142e-02,-1.332632893564966205e-02,2.990812161497412476e-03,-7.763960981370566930e-05,-9.266931890980240061e-03,5.046962554359877987e-04,1.704922377299968386e-02,6.422110733323513863e-03,-3.247820386880268927e-03,3.480902308828356679e-03,5.485183035881286036e-03,5.499505078330453253e-03,-1.004542116595543528e-03,-1.130782931135141181e-02,3.053577735644138948e-03,3.457474519791663582e-03,-3.036896604391707121e-03,4.103243463498544574e-03,-3.929496257480290982e-04
1.000000000000000000e+00,-4.855678266785889985e-02,-4.262420888778629263e-02,-2.913698971860835454e-03,1.176971683148881178e-03,-5.737258864838703371e-02,-6.554228870705121335e-02,-5.763051528574850146e-02,-9.004977756074462533e-03,-3.277741057221671139e-02,-8.858535949221039985e-02,-4.546188519682533430e-02,-4.131259552223023879e-02,-9.590024299760857573e-02,-2.330256283184923075e-02,4.026209275263235021e-01,-4.900113360267930457e-02,2.558059134947563984e-01,3.788587224018728078e-02,-5.324154295007504749e-03,5.418550820886231661e-04,4.501750747002956237e-04,-2.674313969257929337e-03,-3.551010914815379497e-08,-4.419346700539963391e-08,8.174278361100056857e-05,-2.416041568727269120e-03,-4.643151931359488539e-03,-6.735550306130289044e-01,2.209521911652626708e-02,-4.097286579412788912e-03,-2.175495330298783496e-03,-2.969109273710301110e-03,2.402563432091660983e-03,-5.063814179635659496e-01,-5.662234463468882040e-02,2.980837993279164717e-03,-1.999473487572386160e-02,-1.212131412744813300e-02,2.765351206052991603e-03,4.384320585376552930e-04,-8.857767310418375797e-03,4.833510452005181611e-04,1.641549462262311895e-02,6.195246906036685521e-03,-3.697308238545886448e-03,3.386335687958870293e-03,5.529148673624930364e-03,5.391845751494217694e-03,-1.151233238222238364e-03,-1.144792855081487766e-02,3.023653103969582787e-03,3.427290236787070357e-03,-3.123026661383844060e-03,4.087203352380156494e-03,-3.975987591927090080e-04
0.000000000000000000e+00,-4.866526601117271422e-02,-4.279401631270546291e-02,-2.936184126905842708e-03,1.186569706756662474e-03,-5.791744650564922131e-02,-6.681032798170032094e-02,-5.950249013620157595e-02,-9.408240133925797541e-03,-3.423662959815303858e-02,-9.366400259226233260e-02,-4.859086891506036315e-02,-4.268591669911384057e-02,-1.016290892804826568e-01,-2.558980478868643632e-02,5.282642750331685289e-01,-6.521140031435819495e-02,3.503045971954913962e-01,5.389592080778719818e-02,-6.555783696557852119e-03,5.413413044186718903e-04,4.729126087167877653e-05,3.076450771815050019e-04,3.426006092539620996e-08,4.265090897772866162e-08,-1.004815438892457026e-05,-3.259198481823891158e-03,-4.733232988281879487e-03,-9.378280794328173672e-03,-2.190038318100246892e-02,-1.738846891437688391e-02,-7.665627714088216020e-03,-6.575261380859744043e-02,-3.726787828586529752e-03,7.266562906494019591e-01,9.929547485277422786e-03,1.665176799816219747e-03,-1.209266289875874159e-02,-1.013488173280975568e-02,2.452363893955680687e-03,-4.306868580172260215e-03,-8.385745598375550502e-03,4.581243694141160167e-04,1.557853119306142585e-02,5.950568939325650078e-03,-3.562793153516303699e-03,3.276114441345681898e-03,5.401263324623328983e-03,5.271720147807430930e-03,-1.133681849540206944e-03,-1.133979998629909211e-02,2.996850519908105838e-03,3.397927817795725475e-03,-3.101190249923949788e-03,4.067933649514867377e-03,-3.963243411143904053e-04
0.000000000000000000e+00,-6.972205055073112112e-02,-9.180919486944073837e-02,-7.742706970914152442e-02,-4.598207619315727857e-01,4.890280270620208647e-01,6.943341121369635272e-02,-1.729209713237127022e-01,-2.504906459593185183e-02,2.605528489689038288e-02,5.818423389061034429e-02,-8.289646333883358975e-02,3.478170376964200700e-02,-1.291321162843742446e-02,-1.673254837961610786e-01,-6.441569683028164047e-04,-7.755271768101823027e-04,-5.575881241560238372e-03,-2.828946055941694571e-03,2.102103408408565344e-03,-7.084383711443322310e-03,-9.049437032740804228e-04,8.820744300765446340e-05,-3.677629892918355935e-10,-4.578764692323808547e-10,-2.147629421481135685e-05,2.274016761165812903e-03,4.335614264916791416e-03,6.837909510061417669e-04,1.765307010191973641e-02,-1.572805453548940628e-03,6.528690392566252262e-04,-1.410937324588959789e-03,-1.478666818388217689e-05,1.625258533034576306e-04,3.746565841415041686e-03,1.687241059545580674e-04,-5.173123975284805130e-03,4.707175723325573991e-02,7.062476686250514571e-03,4.462528382900344029e-04,-6.421329078234166987e-02,2.348494313513018513e-03,-2.089482448104424891e-02,-5.783453399984300053e-02,-8.937937703633633095e-04,1.140636533906493333e-01,-4.266688256487989519e-04,-2.425038404321440411e-02,-9.317825308724271311e-05,1.330913514051988017e-02,-6.394143228837839699e-01,1.178500659107717743e-02,-2.670061593116563724e-03,2.857110862814195035e-03,-2.918601201871461113e-04
1.000000000000000000e+00,-4.841517577716947934e-02,-4.240198039068412972e-02,-2.884115870860967570e-03,1.164334023266480047e-03,-5.665398077538974508e-02,-6.384974407391606765e-02,-5.510202541008198812e-02,-8.484767698268575603e-03,-3.065835781403216179e-02,-8.161403060539725030e-02,-4.111654823365881728e-02,-3.524287950548584541e-02,-8.070729618433550301e-02,-1.872467068417553102e-02,-1.869220625783927711e-02,9.717683948174356268e-03,-1.579552713320936108e-01,-1.529358374278124710e-01,8.676708710453599760e-02,-9.226651343782982240e-02,-2.308340851871194255e-01,-2.518555319413920413e-01,8.069465940883249200e-01,-1.245203805086695092e-01,-1.434039953279504509e-01,-1.821285744741127921e-01,-7.931453257989813654e-02,-1.371741576211505352e-02,-1.677934095538990700e-01,-6.045165121001899039e-02,-2.317557788914479180e-02,-8.174862970971555343e-02,-3.259079141032934475e-04,1.510989863034508697e-02,-5.461367660597139795e-02,3.679926711303594614e-03,-2.464295835401130244e-02,-1.404801912896167133e-02,3.113054993517086824e-03,-8.066094280648480961e-05,-9.466775155530408187e-03,5.151924024678899983e-04,1.736097450479976920e-02,6.532764551632857380e-03,-3.861799073536736123e-03,3.522403693920303936e-03,5.689258739617820970e-03,5.542426880432709847e-03,-1.173508850614709284e-03,-1.158650006471116135e-02,3.058034462241442878e-03,3.464973728852978503e-03,-3.151123286423826962e-03,4.112088264224715746e-03,-3.992484793951694456e-04
0.000000000000000000e+00,-4.854817676002960020e-02,-4.261076888321647937e-02,-2.911929978883587636e-03,1.176216414413669940e-03,-5.732986614073570103e-02,-6.544555500092372191e-02,-5.749620161257986556e-02,-8.987274248688805617e-03,-3.263913301091728170e-02,-8.827610055552823076e-02,-4.528108703017231368e-02,-3.992537542086836005e-02,-9.342183402923209812e-02,-2.283456668153165808e-02,3.715134341694659170e-01,-4.472450625438012528e-02,2.266895855014220140e-01,2.720663450912459355e-02,-2.607511843053324056e-03,7.395222487406252635e-04,1.185580589149634557e-03,-6.893008764695683459e-03,8.197730760159062753e-08,1.021046623400924682e-07,2.150365099189949605e-04,1.342504543555477761e-03,1.121095584401503222e-03,7.372031068490870753e-01,-4.477737977500297756e-02,-8.411364893917853969e-03,5.772383038146794199e-05,-1.079736909064478792e-02,2.123483000512472237e-03,-4.527194327343356250e-01,-5.602720849323599567e-02,3.028607115433317853e-03,-2.031456183922169742e-02,-1.226918283089522763e-02,2.795498128137830635e-03,-1.140370381062032982e-03,-8.913318655050380193e-03,4.860339340507384745e-04,1.646283187387093463e-02,6.229077393938525428e-03,-3.708028707746672398e-03,3.395259209998982043e-03,5.539389201710453493e-03,5.401453987335971298e-03,-1.152639701261539079e-03,-1.145658254460830451e-02,3.025797723697517053e-03,3.429639428979126044e-03,-3.124772443338987536e-03,4.088741874653734759e-03,-3.977004009159398955e-04
1.000000000000000000e+00,-4.967443420130816800e-02,-4.441302472135835733e-02,-3.163184765468176132e-03,1.280851793323672765e-03,-6.355748733995418565e-02,-8.224356401791625693e-02,-8.725942828727421829e-02,-2.423642767688799840e-02,-2.614544357100695438e-02,-1.856528861959989563e-01,-1.042849665051725494e-01,3.825861559096678799e-01,5.156331078712065308e-01,3.748178016456502060e-02,3.863405134330380897e-03,-1.897722435756926326e-03,2.547412574077837291e-02,1.001667954461637512e-02,-9.556432672433257201e-04,2.206831962355899207e-03,7.626065207562009477e-04,6.726101926907741705e-04,-2.494657401638568843e-09,-3.110902089620351483e-09,-9.925006576782332315e-06,-6.853680681066126254e-03,-5.283605479874727007e-03,-1.550012313235667085e-04,-9.072613630316309768e-03,-3.306583399970082493e-02,-6.488101110925176274e-02,4.518610276277196811e-04,-2.227946801097912063e-05,1.246653739150944788e-03,-4.772787330234440177e-03,7.191997492092872847e-04,-5.361278132710376246e-03,-6.449937925863022089e-04,-1.308683466202870734e-03,7.023239312484298447e-01,6.873572033406326852e-03,-1.818369122665264249e-04,2.642405914140807249e-02,-8.259318469982636010e-03,-2.728294261199599308e-03,2.420825335450969232e-03,4.517161878612756774e-03,4.457472078432779018e-03,-1.001899758144705107e-03,-1.047283238527722295e-02,2.780668362717157987e-03,3.160043936545271857e-03,-2.920904797954829157e-03,3.904317276620101855e-03,-3.852952616398079263e-04
0.000000000000000000e+00,-4.974718800193110579e-02,-4.453512126917984204e-02,-3.183791454473004854e-03,1.277568781649126260e-03,-6.403623572731192981e-02,-8.364514870447101180e-02,-8.852385077239544042e-02,-2.889151660401212060e-02,-1.002604861488095786e-02,-1.788455287954466288e-01,-9.707545402031088344e-02,3.832171232877408240e-01,5.190514858956697397e-01,3.898346230725316386e-02,8.479641471356408984e-04,-1.741396110837779582e-03,2.720111606651917993e-02,1.365148249949486511e-02,-3.828008063473683272e-03,4.390951020656910786e-03,1.971784349885142857e-03,-4.220497944951148717e-03,1.762136974703082593e-08,2.196306428263990938e-08,1.448994545742210481e-04,-3.346911528923569856e-02,4.821727409488516490e-03,-1.228020855694284550e-03,-1.888679148433580410e-03,-2.347066053173659309e-02,-4.875232395672220165e-02,1.737861699840180865e-03,3.859810768051743520e-06,-2.971054538895232140e-03,-4.105887761415218107e-03,6.532049880040193121e-04,-4.837443636767082070e-03,-7.790598096007099981e-03,3.757438376557557368e-03,-7.021561746776964208e-01,-2.510737685122853280e-02,1.121750352808764759e-03,-1.630073296983902686e-02,2.879344265577388207e-02,-2.761553240417372133e-03,2.988780235349048752e-03,4.487208191560980962e-03,4.303180751566647658e-03,-9.959637418426447054e-04,-1.042561513516077933e-02,2.763659468164811079e-03,3.146871596783432003e-03,-2.910477923479249523e-03,3.894309505818322869e-03,-3.845961518175426566e-04
1.000000000000000000e+00,-4.859856781018565691e-02,-4.270065368563256275e-02,-2.928466060721546509e-03,1.176923567890591181e-03,-5.775143114381513232e-02,-6.711692984596302758e-02,-6.020925836077653526e-02,-1.714682432975784057e-02,-2.961481867460312532e-03,-7.743946746948221493e-02,-2.750135805090233448e-02,-1.897835066369366747e-02,-4.882207486499529070e-02,-8.474823880773986115e-03,-1.667408189822703127e-02,8.816140830673223003e-03,-1.381775586656511512e-01,-1.270064992013364702e-01,7.595536598922354721e-02,-7.027464531645655210e-02,-1.805331226314425483e-02,-9.262089491364290661e-03,1.111871565949350360e-08,1.394248703327249122e-08,1.221472223594634917e-04,8.985096478526969355e-01,-2.664792342994953822e-01,-1.309750041920893816e-02,-1.359977740513972910e-01,-5.843107733669384435e-02,-2.261621804221693177e-02,-7.732289602578709675e-02,-3.094596854145513888e-04,1.425942728852508390e-02,-5.081316432952667078e-02,3.450520585834643706e-03,-2.304162907201406929e-02,-1.716621945758249265e-02,3.119144391459137584e-03,-2.194109895160142529e-02,-3.040395574836487428e-03,2.561283076936401505e-04,2.366001768042046149e-02,5.982319612097039118e-04,-3.719230526793209767e-03,3.359696722228917853e-03,5.542123579450650150e-03,5.400362872864906787e-03,-1.151397856204672450e-03,-1.143861554356648789e-02,3.019999531820720482e-03,3.424285960458867389e-03,-3.120086857628119343e-03,4.083627039279928532e-03,-3.973149125542622560e-04
0.000000000000000000e+00,-7.339198951216983902e-02,-9.800826065940575205e-02,-8.164100611017782727e-02,-4.834067547645020668e-01,5.066722081701285907e-01,4.373508158980334015e-02,-8.278365189484429565e-02,-1.164609392584015253e-02,1.419110558146462198e-02,3.643740730331528760e-02,-3.539521431049474920e-02,7.918429319713831196e-03,3.937326572126301737e-03,-5.837132338848464302e-02,2.522438955141086451e-04,-2.252843822846174911e-03,-7.781137689764868522e-04,-1.149253102298645720e-04,3.347567648781483909e-03,-2.579677596119108341e-03,-2.239264129804038048e-04,2.430454768080514646e-05,-1.027744215839519634e-10,-1.278837514993030223e-10,-3.686796785039931770e-06,8.124239667367711987e-04,1.987840873336971150e-03,1.651179010176440922e-04,4.372157485674645246e-03,-9.953267007886154420e-04,5.995520158630029094e-04,-9.826989843679874610e-04,-2.382295130665803426e-06,8.075263960277111197e-05,9.623631563001543935e-04,1.237304672537487503e-04,-2.779890249375499556e-03,1.246671405871744957e-02,2.578425164493673965e-03,8.720545348976756412e-05,-8.920468855073838965e-03,4.651899953109923914e-04,-6.368182976627546205e-03,-1.088276628733914238e-02,-8.046329855229476498e-04,9.681858464825405380e-03,1.232092067598990594e-03,-1.221076691383546180e-02,-5.447244291642850669e-04,-2.287515000064838447e-02,6.701297773897432197e-01,-9.424176297964381721e-03,-1.663251624925916926e-04,1.759823669866199388e-03,-2.345866273490422691e-04
1.000000000000000000e+00,-4.908607032073914606e-02,-4.350380975306982617e-02,-3.056680304769049394e-03,1.171427870853920285e-03,-6.075177067020706700e-02,-7.578922144647348702e-02,-7.116826927885876175e-02,-4.231114659008448908e-02,7.953480267987640684e-02,-5.383136616985835510e-02,7.932495974080829362e-03,1.797168000426573736e-02,2.069071697890325842e-02,1.477779330208719988e-02,-1.098804855816779003e-02,3.956495647466410324e-03,-7.533979403030167943e-02,-4.791980176572589734e-02,-3.580940372579728692e-03,-2.101937604536700810e-02,-7.515611172469153708e-03,-8.129175041974296204e-03,3.204929211582570563e-08,3.995891434060313130e-08,1.306902792488725987e-04,1.342721939239365989e-02,7.925943292041437438e-02,5.944789354432865889e-04,9.345697276177056256e-02,4.177213162276621761e-01,8.589937903029647437e-01,-1.021539302105985841e-01,-2.939259456811027646e-04,1.676779076110928093e-02,-5.609466870602336508e-02,2.903978884839388593e-03,-1.683272451722177959e-02,-2.426293393571787166e-02,3.895787891570081166e-03,1.586194961550446356e-02,-2.162559354876857770e-02,9.644785816672523998e-04,-1.189104260776930461e-02,3.078328594509580421e-02,-3.476150571815377500e-03,3.756183788759538764e-03,5.206857040521373214e-03,4.954581573773403358e-03,-1.098310835237636994e-03,-1.107024253427101035e-02,2.921114360926862445e-03,3.322495482574090459e-03,-3.041727977577154355e-03,4.010864752948464264e-03,-3.923309850764368500e-04
1.000000000000000000e+00,-4.841517579521820158e-02,-4.240198041896615228e-02,-2.884115874613581241e-03,1.164334024869066384e-03,-5.665398086641815906e-02,-6.384974428657010093e-02,-5.510202572438446106e-02,-8.484767762780304895e-03,-3.065835807266280300e-02,-8.161403145379431123e-02,-4.111654875663257186e-02,-3.524288023976492740e-02,-8.070729799631674861e-02,-1.872467121652009875e-02,-1.869216502758189874e-02,9.717678296634918444e-03,-1.579552329353491325e-01,-1.529358217140380782e-01,8.676708031440356905e-02,-9.226651594107719567e-02,-2.308340342609458695e-01,-2.518634212518315318e-01,-5.113106335453085904e-01,-6.365729966791017214e-01,-1.434055558739139313e-01,-1.821286151993385671e-01,-7.931452198130244102e-02,-1.371727591958513300e-02,-1.677934032046347057e-01,-6.045164820627507013e-02,-2.317557716292001010e-02,-8.174862812073799279e-02,-3.259081366443236476e-04,1.510994548330194497e-02,-5.461367208999579753e-02,3.679926566091827091e-03,-2.464295744818183545e-02,-1.404801884124055357e-02,3.113054944253457190e-03,-8.066094837176115810e-05,-9.466775074482833285e-03,5.151923982265648252e-04,1.736097437796711371e-02,6.532764507384088669e-03,-3.861799051846161440e-03,3.522403676042477113e-03,5.689258718754679894e-03,5.542426860825234482e-03,-1.173508847732064207e-03,-1.158650004687013582e-02,3.058034457817097439e-03,3.464973724004959382e-03,-3.151123282814035243e-03,4.112088261034067480e-03,-3.992484791839570504e-04
