0.000000000000000000e+00,0.000000000000000000e+00,0.000000000000000000e+00,-0.000000000000000000e+00,-0.000000000000000000e+00,-0.000000000000000000e+00,0.000000000000000000e+00,-0.000000000000000000e+00,-0.000000000000000000e+00,9.062467127221771057e-02,-0.000000000000000000e+00,-0.000000000000000000e+00,-0.000000000000000000e+00,0.000000000000000000e+00,0.000000000000000000e+00,0.000000000000000000e+00,0.000000000000000000e+00,9.861386072050026819e-01,0.000000000000000000e+00,-0.000000000000000000e+00,0.000000000000000000e+00,0.000000000000000000e+00,0.000000000000000000e+00,0.000000000000000000e+00,-0.000000000000000000e+00,0.000000000000000000e+00,-0.000000000000000000e+00,0.000000000000000000e+00,0.000000000000000000e+00,-0.000000000000000000e+00,0.000000000000000000e+00,0.000000000000000000e+00,-0.000000000000000000e+00,0.000000000000000000e+00,-0.000000000000000000e+00,-0.000000000000000000e+00,0.000000000000000000e+00,0.000000000000000000e+00,0.000000000000000000e+00,0.000000000000000000e+00,0.000000000000000000e+00,0.000000000000000000e+00,0.000000000000000000e+00,0.000000000000000000e+00,-0.000000000000000000e+00,0.000000000000000000e+00,0.000000000000000000e+00,-0.000000000000000000e+00,-0.000000000000000000e+00,-0.000000000000000000e+00,-0.000000000000000000e+00,-4.211836520399594996e-02,-0.000000000000000000e+00,-0.000000000000000000e+00,-0.000000000000000000e+00,0.000000000000000000e+00,-0.000000000000000000e+00
0.000000000000000000e+00,-1.343254297723826471e-02,-3.143924559161711922e-03,-3.083105077969515440e-02,3.542417160940224824e-02,-8.682543319980678270e-03,2.220568380990291940e-02,1.816753859677460239e-02,-6.405524441874678454e-03,2.410435671967883220e-01,-3.367089514092830131e-03,1.556407926775933356e-02,-2.008539566779304897e-02,-3.838639795124284410e-02,1.513568675926053007e-02,-2.443097366098662473e-02,5.784434556105574540e-03,5.449685318148489444e-04,-9.036590025824369279e-03,1.137635230052656994e-02,-1.720679070301640162e-02,4.066022740882179604e-02,4.698629928000053885e-02,-1.300469883301085330e-03,1.009341886878209818e-02,2.973466674385704875e-02,4.275062766793533663e-03,-2.108156031107075862e-02,3.441036829180578460e-02,-1.831232677089294700e-02,-6.710671398357407474e-03,3.759448625097285869e-03,3.091084760779825875e-03,-1.529938325699346292e-04,-1.510008517306977126e-02,6.897703241789595111e-03,1.279848357560861224e-02,-3.137776272436349628e-02,-2.887773959375584260e-02,1.546143266314975798e-02,-1.831246874688238074e-02,1.891853071052235907e-02,-2.409349164754010994e-02,-3.536441459342787308e-02,-5.290581664344037177e-02,-2.465260023368510620e-02,2.473027508988476231e-02,1.382889748172974956e-02,-9.723142544667990120e-03,8.897934426406276312e-03,4.068716961276969135e-02,9.479420201656103551e-01,1.056959807679553470e-02,-1.900272117841194514e-02,1.765993078260125540e-02,5.082882310968134427e-03,1.253758403889592907e-02
1.000000000000000000e+00,3.161516448931673412e-02,5.353341167908989146e-02,-4.950606489895563456e-02,-4.588385772625954047e-03,-6.335570903235546170e-02,-4.228128151615143798e-02,8.013974035342219526e-02,-2.615001969238366433e-02,8.711927947131117289e-01,3.368165329340676913e-03,-9.400644730166765259e-03,-1.139261463781178485e-02,-8.127233187382201796e-02,1.573995323459516024e-02,6.194567021754038283e-02,1.521910815138649391e-02,-1.094360948761305546e-01,3.273649342252163419e-02,-3.128907124957593100e-02,6.051298441866669216e-03,4.413643066735838116e-02,1.202495475628319876e-01,-1.028047294906196853e-04,6.997805789770757123e-02,-2.596326812294866629e-02,-2.046323245127027249e-03,-4.024205795081803316e-02,2.775402074545413669e-02,-2.730931824016792544e-03,1.478172495906469701e-02,3.257494022326832411e-02,2.288933170281029841e-02,3.079686434673559181e-02,-5.215065656159446894e-02,8.162714366471966743e-02,5.454423480530757457e-02,-1.194913601853394569e-01,-2.291210347547946100e-02,1.634864850668146449e-02,-3.620074456695462212e-02,7.053159805377372249e-02,-7.918067207222501125e-02,-4.234007396873257917e-02,-8.075156358582610827e-02,-4.989739086067541268e-02,9.448080121865035097e-02,1.344659996042946344e-02,-5.222726476153619762e-02,5.534892369009829227e-02,-9.639215324293823328e-02,-2.712293755716507215e-01,-5.277916074549537234e-03,-2.449109253204339795e-02,-4.602181254131206684e-02,2.189000770761190609e-02,1.097254883713829482e-02
1.000000000000000000e+00,3.412441018274375935e-03,-2.718602026156495266e-01,3.976739850981111934e-03,-4.242647108095521508e-02,4.381993557145214685e-02,-3.155755347410609674e-02,-4.971467389207934184e-02,-6.904660186126865620e-03,-7.092077474468806708e-03,4.722821855382771522e-02,-4.182918740553433212e-02,-7.889517992139373492e-02,-9.807960881786972895e-02,1.110350127540313259e-01,-3.724942092516191350e-01,2.655688303572283082e-02,-1.842216205560278861e-02,-1.346313707902628831e-01,-1.447482252830436245e-01,1.226295415283715495e-01,-1.227089268132730213e-02,-3.384685693203234175e-02,1.535962993604796448e-02,-1.787917646655569071e-01,-1.413621165589903916e-01,3.046529072399908541e-02,5.305474216010716559e-02,7.938187474253373399e-02,-8.653383558626250027e-02,3.226723587934548360e-02,-5.624056630049367386e-03,5.156984838731382137e-02,4.707790672858413322e-02,8.544359976372702115e-02,8.795724093772754743e-03,1.875427416337110964e-01,3.776542708020992622e-02,8.603167095788757674e-04,-9.909995372720352413e-02,1.064252794183291953e-03,5.317170485620245080e-01,-1.901288823776137865e-02,5.710482009291447530e-02,5.825915708050890401e-02,1.414366875821704561e-01,2.294059719971068279e-01,-6.317666706095942386e-02,-7.018777594151809351e-02,-1.721493699665319899e-01,2.394170928710634416e-01,-3.005014002145913951e-02,-2.255773967059670690e-02,1.082726119893974021e-01,-1.913320411640961616e-01,-1.908302706711096086e-01,-2.046256528447126539e-03
1.000000000000000000e+00,5.932531603975501472e-02,4.893779416041913605e-02,-2.456948693709841425e-02,-2.257764384613646699e-03,1.538798717229420028e-02,-1.083640286779827787e-02,1.412772179208631081e-02,-6.081623277298685293e-02,-7.092077474468778953e-03,1.377122408745617803e-02,-2.574029999258639276e-02,-4.151435543905655084e-03,1.335759352792990629e-01,8.236447262529214552e-03,5.897480702628490334e-01,3.971386095637385871e-02,-1.842216205560278861e-02,-6.453512067094909280e-03,-3.945749090452751323e-02,1.803888678791144839e-02,-2.842143782636628521e-02,-1.834517362285806308e-02,-1.641516179039953852e-02,-3.847068474354793221e-03,-6.833375476234977708e-02,3.682508098247193936e-03,4.744052232643242162e-02,8.117887446765702231e-02,-5.420806613490959658e-02,-4.657984249388012060e-02,1.998676100348200507e-02,2.575611245339426425e-02,-6.385517702996534525e-03,1.148030118951557689e-02,3.613665877920402281e-02,-3.527247343110785833e-04,1.606907508320192608e-04,7.588064810037079347e-03,-1.367034625401024502e-02,8.713851610620739624e-03,2.794427054608169744e-02,-1.572307424306293791e-02,-3.651173309524694682e-02,4.654310973316123923e-03,-1.136317722671450342e-02,1.669168792083412789e-02,3.750276112698994191e-02,-2.094834671137366100e-02,6.887444042107475350e-02,7.518019578156214244e-01,-3.005014002145913951e-02,3.954473509256118194e-03,-9.056800298722654302e-04,-4.335030390646969073e-02,2.213709055155633695e-02,2.025707056675858653e-02
1.000000000000000000e+00,7.212229157262839592e-03,-1.119337224704778852e-02,-2.341112581018878550e-02,1.293269632704319161e-01,-1.795996521669307733e-01,-2.778352469228230481e-02,3.665697840638591776e-02,6.406850106778634590e-02,-7.092077474468778953e-03,3.990379664539966259e-02,4.161828882751356790e-02,8.378751778228731018e-02,1.906541480543401390e-01,4.060589461991565008e-02,-8.817356172585455454e-02,1.264192241769331732e-02,-1.842216205560278861e-02,-7.557972025658427073e-02,1.369246436607132467e-01,-5.281459863683136274e-02,1.035131128686344881e-01,2.217375860716245262e-01,-6.115308583968789152e-02,-1.821500543705926317e-02,1.443221099090139514e-01,-8.397155149872019553e-02,-1.576222711975394652e-01,-1.224346276416280049e-01,2.992289160383962421e-01,-1.395465997484044707e-01,-1.614605913211079047e-01,3.550544831633747206e-02,-5.606847654718372792e-02,-1.631511720986202618e-01,1.641796420853175453e-02,-1.229265984319986016e-01,1.618578068249439950e-01,-1.452530982769223433e-01,-1.041867542143649072e-01,-3.089640838784497856e-02,4.064758369464881449e-01,5.702395739837505355e-03,-5.115284815889353798e-03,1.629575822651987624e-02,8.294201735173083179e-02,-3.808631533058474683e-01,-1.557704868378544938e-01,6.232669703787877512e-03,2.676029206304040842e-01,7.388032582691822503e-02,-3.005014002145913951e-02,-9.748470597792718850e-02,6.138271827803005315e-02,1.163023579183121298e-01,7.354000278451255923e-02,-1.356058075620537595e-01
1.000000000000000000e+00,-7.924398554276546047e-02,-4.387202805398699446e-01,2.639378309648313017e-03,-1.807241189804048923e-02,-1.317727289894805032e-01,-9.657788707854247923e-02,1.360733506440771068e-01,-4.821101266336836472e-02,-7.092077474468778953e-03,-8.176974366113574921e-02,7.621953479472368120e-02,1.468343610898973639e-01,-2.147456099958841846e-01,3.845102807061578226e-02,-8.817356172585455454e-02,7.930041414869995475e-02,-1.842216205560278861e-02,-1.561744506411177624e-01,-4.722027042968837685e-02,-6.441658807827606303e-02,-1.664267155643316676e-01,3.267081544189539000e-01,-6.496651187848404008e-02,2.468126654276573545e-02,5.318314942211573720e-03,-1.462320885243129261e-02,-8.581626295719817221e-02,3.067131929721790828e-01,-6.495909222673086625e-02,-1.008792816186212249e-01,2.385195806505819444e-02,6.271203339515488140e-02,-1.236747168063869612e-01,-9.690398686757839553e-02,1.671437456538592270e-02,-5.020750514157056379e-03,1.374718144813898424e-01,1.028867523716995580e-01,-8.441166234668910640e-02,-3.565945552029476523e-02,-4.317069325092615095e-01,5.236421687944631254e-02,-1.719161940684627021e-02,1.344368084058999435e-01,1.846615826074979039e-01,-2.929855273682040878e-02,1.302965952147104416e-02,-1.013450491153649637e-02,7.803286830526844076e-02,7.388032582691823891e-02,-3.005014002145913951e-02,5.583254808048773027e-02,7.480872131247036372e-02,-6.158216586174979079e-02,9.476293622401690819e-02,-9.797595119017367404e-02
1.000000000000000000e+00,-7.765988518381457262e-02,2.657068669855735532e-01,1.568363730369326525e-02,-3.470910278423613299e-02,-3.822335494460305516e-01,2.487941357634898890e-02,2.091759542549048168e-01,-1.228968321083916543e-01,-1.688470721245313999e-01,-1.742125036527230886e-01,4.568155478918366208e-02,1.394939434928413845e-02,-5.183944921130916039e-02,-2.083489208440840457e-01,-2.766088314835330256e-02,7.304942234765866849e-02,-2.726237774402420506e-03,-3.848825294062445668e-01,-1.080251046442432389e-01,-7.103811680762424537e-03,-4.877460690235451389e-03,-4.786279806567926565e-02,9.248793074427986288e-03,1.155268954329728287e-01,6.996988500260283017e-02,-1.148309665184684275e-01,5.956130753431081171e-02,-3.900244438112803608e-02,8.505675109259666633e-02,1.483982258476154725e-01,-1.392958624973200665e-01,1.539658757585167514e-01,-9.214617844364126828e-03,-1.247815528561110054e-01,1.295705697211385066e-01,1.411147291275698656e-01,-2.176343966769100913e-01,3.243995688495250607e-02,-8.233173628499826369e-02,8.980405359969319268e-02,2.125140913326731273e-03,-7.441812931142180454e-02,-2.647610495171860978e-01,-1.714683873253178559e-01,-7.856177686976284491e-02,6.611951944462916841e-02,3.217552703461404318e-02,-1.089768934642714043e-01,-1.141667821062254257e-01,-1.662732180934682960e-02,-1.059630584037634868e-02,4.939757437048655081e-02,2.126921767618565606e-01,-3.821724552366544125e-02,-3.663934101581945574e-02,7.945015568931505789e-02
1.000000000000000000e+00,2.810492651927331414e-02,4.787518954706367347e-01,8.862334402588449914e-03,-8.134233021039308578e-03,7.421062695350524874e-02,-5.262677838232553834e-02,-2.812129981880475901e-02,4.745847225845848533e-02,-1.688470721245313999e-01,5.498891568284069997e-02,-1.011573063072418108e-02,2.247665893428584406e-03,-3.168276013526375584e-02,2.596629440286202933e-02,-2.766088314835330256e-02,-2.370805871783379301e-02,-2.726237774402420506e-03,7.428568588773479253e-02,4.176051469256539944e-02,2.751755092320477825e-02,-1.421510831874855246e-02,7.753037902434806172e-01,4.631410547938683009e-02,-6.092035920824013379e-02,-3.327688350151874336e-02,2.232805911083019998e-02,3.789282746897575799e-02,1.277516098941774980e-02,-1.182893272034292731e-01,4.284155819177893482e-03,1.057288558322450889e-01,-3.062356445165189192e-02,2.448874959550300517e-02,4.699484325504353632e-02,-4.458625659330334862e-02,6.180312750873402650e-02,-1.147335122918893141e-02,1.413815826167983368e-02,-1.427246154343139901e-03,-4.110982896303077422e-02,4.074436193484566593e-02,-4.867890983529234335e-03,7.970820504665504513e-02,2.209763107951074126e-02,-4.133222733486572459e-02,1.588454113691183112e-01,3.741238664141980155e-03,-4.886927325255410390e-03,-8.754721421030774164e-02,-1.662732180934682960e-02,-1.059630584037634868e-02,4.719246379323639023e-02,-2.612388643992175075e-02,-2.340146820278739270e-02,-5.511995012720175002e-02,-3.387520056286953685e-02
0.000000000000000000e+00,9.697151502484477326e-02,8.638788104232580922e-02,6.622983038248474175e-02,-5.253066159036821198e-02,5.127542952129676701e-02,1.171017483379713925e-01,-3.298654954713566845e-01,8.833469540615135340e-02,2.720240416946038530e-03,6.845805419299542949e-02,-3.645563621689496686e-02,-5.469036595497476019e-03,-2.883506388570726466e-03,-1.104842388513029433e-01,-1.401322283514214173e-01,1.929089392195600106e-02,-1.814663813296062828e-02,-4.000091002180025668e-01,2.045272989383805848e-02,1.641426083667549551e-01,-1.981941877271414104e-02,-4.720708180140730653e-02,1.539843037608254750e-01,4.535956934481423231e-01,-1.205252806918683667e-01,1.638044639751413956e-01,-6.728175022671738226e-02,-3.023622594376359010e-02,-4.503396722802778529e-02,4.738481967641547735e-03,1.669502972625150627e-01,-9.900938302988433748e-02,-1.082795447861751442e-01,-1.083986435684816674e-03,7.397734158278300443e-02,-5.380874744953555167e-02,-2.531188569018938753e-02,-1.655234642818967650e-01,7.399463697356165048e-02,-1.770575798142177970e-02,-6.746461037584522424e-02,4.385012213476651571e-02,1.457629691065706889e-01,7.234417513243608655e-02,-9.858340490915612486e-02,-1.006163839999262288e-01,-7.928477208383337416e-02,2.653896490663326668e-02,7.499550328209345085e-02,6.249033753078309106e-02,-2.486324212581843014e-03,-1.157380903115221710e-01,-3.538075922021797354e-02,-2.968344729540330906e-01,2.220307484883462801e-01,-7.487749441022054087e-02
0.000000000000000000e+00,7.985773478490490115e-03,2.849258680830822274e-02,1.144369053884544164e-02,-3.258940082741879074e-02,-4.569613567921701480e-02,6.699953990044126007e-02,-6.461963293944136821e-02,5.916336751877462191e-02,-2.631034772746331657e-02,-5.753085854080176170e-03,1.751423467277186258e-02,1.405427185698343399e-02,-1.991452325560417666e-02,-3.273812125237340886e-02,-9.463588282328717904e-02,9.419018837985156448e-03,-1.509508905690994454e-02,5.704433162403242941e-01,1.786443112520596371e-02,3.653920487491067043e-02,-2.704988824024167141e-02,-5.307653486540404170e-02,3.719523337605301627e-02,1.581156891119587238e-01,-4.913122530747766892e-02,4.392083128212630888e-02,-1.192479591576681500e-02,1.961902498547610924e-02,3.472144364878830547e-02,-2.075038863717422466e-02,2.042457792959130949e-02,6.277050059953269943e-03,-4.716585261040679572e-02,-2.782126058628596119e-02,4.779797409440573325e-02,-1.257117955079788563e-03,-3.958959397397709967e-02,-6.581875025290304104e-02,7.517415052562566660e-03,-5.229751331944419365e-03,-5.869061588889148973e-02,-1.623227468294556435e-03,-2.132792396012883618e-03,1.189544498731720176e-02,-3.633187732863278618e-02,2.716755962015019246e-03,-2.507807180597585416e-03,9.061467208264234291e-07,1.934311790492877076e-02,5.132927590398156381e-02,6.496998060624303677e-03,-4.656803074146338012e-02,7.454728507440929741e-01,-8.996731667803017918e-02,7.047492849271308479e-02,-1.765165516401755088e-03
1.000000000000000000e+00,2.871281327760095980e-02,1.000619640272689195e-02,-1.154887856177604262e-02,9.735524859736631453e-02,3.983747345934873230e-01,1.527350720088068714e-01,6.208367749102589039e-01,-1.337582114471524454e-02,-7.092077474468778953e-03,3.663220837329828061e-02,-3.179294906864948284e-02,-3.118042442267712072e-02,7.279805429360509689e-05,3.275259162851108102e-02,-8.817356172585455454e-02,-1.922575866290814339e-01,-1.842216205560278861e-02,-6.976718998961783935e-02,7.933539807724944437e-02,6.198375221160162124e-02,1.354410581786163192e-01,-2.669399683763105935e-02,7.020546782577148648e-02,3.296216660772724460e-01,-5.053110702857173051e-03,4.736484345811742269e-02,-8.929205774209364324e-04,-2.148652857852314038e-02,3.124012596239523001e-02,3.388766690807883315e-04,-2.181383657432087175e-02,-1.213287052376013087e-01,1.282632021064802896e-02,-3.248933526228401855e-03,-3.825003742936294079e-03,4.257491146985412089e-02,1.733871494182260831e-01,1.861601005936971698e-01,-8.350052573287114477e-02,4.291601839933610650e-04,-2.012546946829388284e-02,1.193942507734066689e-02,4.675486232495590366e-02,-6.256400399737548079e-02,-5.667296850272749396e-03,-1.830339603376932717e-02,-1.925621918329756543e-01,1.411244354319999839e-01,-9.826032607537740771e-02,7.388032582691823891e-02,-3.005014002145913951e-02,6.422261653870924014e-02,5.539024711455121236e-02,9.433150060568158690e-02,-6.769502431164602443e-03,1.354469431726904594e-01
0.000000000000000000e+00,-4.431558219643925295e-02,5.227135468582818495e-02,-7.529101416547413599e-03,1.898096381744630162e-02,1.653288860445418229e-01,5.979128963572425196e-03,-1.457810196036658790e-01,-6.993941532232079983e-02,-7.092077474468778953e-03,-3.620844273803707630e-02,1.481121232957246375e-02,-1.554573570588064363e-02,-1.016526443428337895e-01,-6.527966605842182302e-02,-1.054311404445008454e-01,-9.851676218925103923e-03,-1.842216205560278861e-02,3.940228986634334934e-04,3.985131198379634337e-02,-8.904826102489736550e-03,3.185402555329691632e-02,-3.580906905750842750e-02,9.272515503434749021e-03,-2.719474166137880178e-01,2.622897811127282430e-02,-8.208507569247154578e-02,3.944120663686682959e-02,-2.154887656871832050e-02,-1.514509218880524637e-02,8.106815654516197345e-02,-7.829759669726774063e-02,1.431148228885512422e-02,5.963734774960340740e-02,2.199369899827761238e-02,2.198426716475405593e-02,6.955300789538688966e-02,2.470009933016107870e-02,1.981698025480918557e-01,5.057477972110212966e-02,4.448851780621450314e-02,5.952456301343211215e-02,-5.542005653554029493e-02,-6.210081219027408644e-02,-1.117509996506235864e-01,9.277365360669884153e-02,5.117580433350814306e-02,-4.386447696921492306e-02,3.545846384731767692e-02,-1.215654760149262499e-02,5.662274710827195495e-02,-3.005014002145913951e-02,9.156968231210781128e-02,-4.524037551781975863e-03,9.910310930581438249e-02,8.218330443034904675e-01,7.894607676955008035e-02
0.000000000000000000e+00,-1.246245378103234651e-02,8.844115543852817951e-02,4.808274247877238235e-03,8.736970849379806225e-02,-3.049769141325669661e-02,-1.574495258333280523e-02,-4.246705589345879939e-01,-7.162894607990936968e-02,6.078141670576475697e-02,-1.732608292463488561e-02,7.778935410916497720e-03,6.199327248419773950e-02,3.028189172770226825e-02,-6.680953859321667188e-02,-1.860542590659424733e-01,1.744451902017506162e-02,-2.424973628506199227e-02,7.616644646282773323e-02,9.249566973170582351e-02,-2.888682916214793325e-02,1.464440276518653300e-02,-4.449779178334078295e-02,-1.691365216173232669e-02,1.749662950587500265e-01,4.599117467458332942e-02,-8.732615811449322141e-02,-2.396143637241727326e-02,-9.142929247443191965e-03,1.633825162553025762e-02,6.065674846476783698e-03,-3.580812022792918825e-02,9.404512636017773458e-03,-1.595996875049112210e-02,-2.041421177052913857e-02,3.293433635276300786e-02,3.015012815947519520e-02,5.381726655686454308e-02,6.948615699546221158e-01,2.566437011813084770e-02,-8.425702863989881566e-03,-5.632572823841246190e-02,-2.024187607831654662e-02,-3.718355290461309443e-02,-5.954678226417316200e-02,5.275895772740561013e-02,-8.934336237167493644e-02,-7.872672086294271732e-02,3.426442635292577948e-02,9.676728403970465131e-02,1.340195483145994737e-01,-2.045296875899413683e-02,5.319421462459307526e-02,-7.721504931279668527e-02,9.966605164179125065e-02,-3.148235990731215184e-01,9.832829385845592851e-02
1.000000000000000000e+00,2.071791496396365763e-03,2.578277698870238763e-02,-4.262180540626667180e-02,1.755511809885256652e-02,-3.929452423932300875e-01,-1.013954339318471065e-01,2.521852788637889975e-01,1.054228884016604750e-01,-2.631034772746331657e-02,3.912719419810066490e-02,9.031429931360079877e-02,-2.715397578621844277e-01,9.865989226425410374e-02,-1.236833912688944104e-01,-1.118934615419334838e-01,-6.632058954927703975e-02,-1.509508905690994454e-02,4.973240407388372641e-02,-8.811942390759010257e-02,3.939408552703918369e-03,-7.687931501929125278e-02,-8.300287987969483250e-02,9.612654073213640349e-02,-2.334722470223686563e-01,-1.183530510427985433e-01,2.012555693817484614e-01,9.210417384767020585e-03,-5.618992004531678242e-02,1.437052966435883351e-02,5.555335494164598958e-02,7.602630105589724963e-02,-8.209396372689990728e-02,2.292279448247495077e-01,3.566684055369081369e-02,-1.567862261255122402e-01,-7.078500070706802982e-02,1.683119580123837167e-01,2.136926829401563643e-01,8.415392119937965820e-02,-5.958965599580845138e-03,-9.093756652502255067e-02,-3.277486496223157991e-02,2.424006966933292817e-01,-7.908271112237209854e-02,-2.544030035768424236e-01,3.010313999861291903e-02,-5.229344672824601942e-02,5.137160498023114058e-02,2.956416209079366086e-01,3.407169718533525210e-02,6.496998060624303677e-03,5.876652006697617725e-03,-6.200214638133160622e-02,-2.128939350523021690e-01,4.033940866614677684e-02,-6.549035868793136317e-02
1.000000000000000000e+00,1.015149582946883039e-02,-9.661512254874497080e-03,1.843060236307244443e-02,6.450013719957246698e-03,-3.178918461968698872e-01,-3.809402061078264595e-02,-5.833973166975632563e-02,9.761581953405726320e-02,-7.092077474468778953e-03,-6.494214468408097789e-03,-9.478410705414605508e-02,3.103750872367856076e-03,1.402365469654050512e-01,-3.010963283220039269e-02,-1.054311404445008454e-01,-8.194403096880210902e-02,-1.842216205560278861e-02,1.251509752677626708e-01,4.796816514708129170e-02,-1.364537988448553119e-01,1.951901484686635602e-02,-1.199222417096893097e-02,-3.249501095541454943e-01,2.860842516133156321e-01,-1.191630496239676623e-01,-6.185145302024911557e-02,1.096538532786662384e-01,1.287667636359154655e-01,-9.150054228028101089e-02,5.623358566736309100e-02,-1.089094338661222988e-01,-1.172240620749814000e-01,-5.126974593444196676e-02,-2.708757951872784592e-03,-4.040554583638734099e-01,1.310227051152463573e-01,7.621413807418506159e-02,-2.365649197890612176e-01,-2.411565083830249229e-02,1.314255474830957129e-02,-2.379669778831611238e-02,6.730569078441760297e-04,6.007773864038799122e-02,-8.523251205626886096e-02,1.499339179873004080e-01,1.309131709990860315e-01,-2.581302542547409332e-02,7.110833472610912642e-02,-1.014471139864442512e-01,5.662274710827195495e-02,-3.005014002145913951e-02,-1.122550841248361603e-01,-1.792597719342114981e-01,1.312726066809600523e-01,9.667662882564037607e-02,3.495884850364994745e-01
0.000000000000000000e+00,-8.640550933452029181e-02,5.227135468582818495e-02,-5.101018845634921334e-02,-3.448806506860922078e-02,3.893059558667044673e-01,-9.789599066233180269e-02,8.960064366046599504e-03,-3.143063242685617542e-02,-7.092077474468778953e-03,-2.210663362605669868e-01,9.894272461127370799e-02,-1.044857690798415770e-02,-1.016526443428337895e-01,-1.118147788199462811e-01,-1.054311404445008454e-01,1.545450574316966086e-01,-1.842216205560278861e-02,2.518224516255896869e-02,7.292377161596036092e-03,-1.342543689866672330e-01,-8.665628077884489355e-02,-3.580906905750842750e-02,4.112609404745145528e-04,7.723325267573516451e-02,6.581793974620950283e-02,-2.534897762209609509e-02,4.380520007548385254e-03,-1.249924029476457863e-03,1.531728558797539053e-01,-5.573440582479872313e-02,-2.182159411145038336e-02,1.254702674054980482e-01,5.932042876002623089e-02,-1.312291803968602399e-01,-5.275552011332615976e-01,-3.312598119243146955e-01,-3.703659280581118873e-02,-2.915019218529164846e-02,-4.659352398994776046e-02,9.649383231462202448e-02,5.952456301343211215e-02,2.951064706940787798e-03,-1.756091212777749766e-01,-6.516396596580664724e-02,-8.002807707674886029e-02,1.103059240414155651e-01,1.880049279118079508e-01,-9.447124265023669476e-02,1.060404147999293584e-01,5.662274710827195495e-02,-3.005014002145913951e-02,-1.037702475056878071e-01,-5.953194671373585739e-02,-2.214487899195962672e-01,-5.166375949060821732e-02,-5.162411837501810347e-02
0.000000000000000000e+00,-1.108676876118284138e-01,1.513063156461045278e-01,-3.041259173441775154e-02,-4.052844694144586840e-02,3.880912806026111384e-02,5.895311756936614384e-03,-1.027785213663582817e-02,-3.592497730647970511e-01,6.078141670576475697e-02,3.201240700014568868e-02,-1.578100358859446661e-01,-1.679748949460783403e-01,1.513431887155201050e-01,1.173955662916737613e-01,-1.756070087394835944e-01,3.719696487452926748e-02,-2.424973628506199227e-02,5.129784294037759151e-02,-2.506418500893919932e-01,7.506851157432903321e-02,1.186179934662787497e-02,2.207765218912652316e-02,1.726171990909572129e-01,-9.474906285772520531e-02,-7.986279756183357892e-02,9.650577844336668751e-03,1.829037308966377229e-01,1.302473538040027912e-01,-1.237599045130201025e-01,1.631835422705120442e-01,-9.299973222509827497e-02,-6.723064212592737288e-02,-7.428874293114663685e-02,1.214959431948550300e-01,1.310790627060554325e-01,-2.309436650738229124e-01,2.822993154381003844e-01,-1.669221936019904262e-01,2.059820724004481074e-02,1.281222691899766009e-01,-1.256196805356089019e-01,1.055632405600395729e-01,-1.776286128741844383e-01,-1.025699088639923928e-01,1.334652579401541250e-01,-3.273369837700195184e-01,1.484217299148913038e-01,-4.856680393492918829e-02,3.587771535775691883e-02,-4.312427301807642867e-03,-2.045296875899413683e-02,-1.008721090254633135e-01,-2.743821067922494819e-02,1.365292805956857224e-02,-7.259452884633901815e-02,1.118944038328406054e-01
1.000000000000000000e+00,9.858514522220263032e-02,2.231045237895662448e-02,-5.793319289702535124e-02,1.446584256334168019e-02,1.740726647835951491e-01,-9.728124653451460102e-02,8.481520096517101981e-02,6.914698917013979707e-02,2.720240416946038530e-03,4.654678888251143412e-03,-2.883310389800464724e-01,-3.798353986673579617e-03,-1.296185092659342224e-02,-2.410912149741561705e-01,-1.401322283514214173e-01,7.144409408787830151e-02,-1.814663813296062828e-02,3.826916449632847966e-02,-1.685408877342564060e-01,6.800324244138614138e-02,-2.452201780338989223e-01,-2.797950209713686437e-02,-2.754218793442204105e-01,-1.490904859226305779e-01,-2.287807482728526978e-02,1.423687134215612105e-01,4.352659530105872088e-02,-1.526839872412675929e-02,-8.333670187293263851e-03,-7.717067445927962288e-02,7.934249489390365895e-02,-4.255393391672851466e-02,1.380569237694373626e-02,-9.289743254744592393e-02,-7.908293354656932561e-03,2.555826986645827748e-01,-2.466778891930760664e-01,3.489185388045048380e-02,-7.202760497295027098e-02,-5.977133260382893470e-02,-8.677422088660470545e-02,-1.062082188344855987e-01,-1.121408131561393460e-03,6.112693917366033430e-02,-1.716721325041984936e-01,-3.729482286574039018e-01,3.374466920827993294e-02,-1.658943198315592296e-02,-1.150370716529362652e-01,6.249033753078309106e-02,-2.486324212581843014e-03,-3.091543105672762692e-01,-5.140176724502668743e-02,2.220597876701355111e-01,-1.226884694116010290e-02,-1.321517501187090549e-01
0.000000000000000000e+00,5.013282344174689598e-02,1.123619524914382800e-02,-5.344465593903113603e-04,-2.249415773525290096e-02,-4.275975238098671943e-02,4.053861279884318075e-02,-2.834213238854811634e-02,-6.645201874997509750e-02,-7.092077474468778953e-03,4.634322493096648676e-02,2.653237940946171283e-02,-1.454298841383893791e-04,9.992316881331431144e-02,8.074858192100334633e-03,-1.054311404445008454e-01,1.145457848784045274e-01,-1.842216205560278861e-02,-7.184916977375968572e-02,-6.075122450544633707e-02,2.144380523308897848e-02,2.143478005463157147e-03,-7.920704356680190183e-02,4.054776107099240523e-01,-3.635286695588490352e-02,9.291681707781883001e-03,-4.145063192555748302e-03,-5.318353723383474618e-02,3.606768487019045705e-02,4.792203157190656065e-02,-1.333157161839576554e-01,3.210894004351177305e-02,-4.664778370075326787e-03,-4.175728090934928416e-02,-1.174843733908813442e-01,-1.852423708670191543e-02,-6.040703896785795668e-02,-1.099233501635247905e-02,-7.432746406189892630e-02,1.551182102484163945e-02,7.967091156483601180e-03,-1.010351398313538707e-01,2.520168823822967197e-02,5.643493346288071949e-02,7.988528205585117281e-02,-3.778359956101678269e-02,4.551872423503213749e-01,-2.438275460548426296e-02,1.697270573454683767e-02,8.151330982487359211e-02,5.662274710827195495e-02,-3.005014002145913951e-02,-2.782229118334849649e-01,1.436482302731205418e-02,6.072381156026521731e-01,-2.442800516216472179e-02,-1.153499668060234545e-01
1.000000000000000000e+00,6.081884611857170386e-02,1.086629369310067178e-01,-1.164316712943068958e-04,-1.362981431723406800e-01,-3.992097375488041361e-02,-1.224995915636235833e-02,-5.893519094363434442e-03,4.199790275497317787e-02,-7.092077474468778953e-03,1.436980027585251229e-01,-3.076548309727820604e-02,-1.230489217854682377e-01,-1.419660224949245431e-01,-5.836239754504298632e-02,-1.054311404445008454e-01,7.324834552278561284e-02,-1.842216205560278861e-02,-9.384315769971132704e-02,-7.082623188311469586e-02,1.044368480890866535e-01,9.566589914856987731e-02,-9.787229866633745390e-02,-3.503390058922451478e-01,-2.482981130223049435e-02,-8.054328272512581433e-02,1.192719264979117122e-01,-9.953839788384152842e-02,-3.003932695764551311e-02,-7.748606311012441739e-02,-1.851115145880687374e-01,9.893870774249537148e-02,3.027154521691335226e-02,2.172143823622959061e-02,3.929741414734003874e-02,1.075158710668298705e-02,-4.736476684093518519e-01,-8.528496463379919845e-02,-8.611541568187390527e-02,3.002123198329215148e-02,-5.006279842297110816e-02,-1.771387902960563920e-02,-1.198603142224660273e-01,1.644350693074581385e-02,-5.848428466536530028e-03,9.583282828121814090e-02,2.604480023613093848e-03,-2.297586880703211126e-02,9.053034958898196691e-03,-4.541818634173618030e-02,5.662274710827195495e-02,-3.005014002145913951e-02,5.079961016608851576e-01,7.288458089867802525e-02,2.757375473770130592e-01,-5.671640040660377163e-02,-1.414783124105642616e-02
1.000000000000000000e+00,2.005691684125439849e-05,-1.075491793828452572e-02,4.318059800908228586e-03,-4.711551435336270958e-03,1.333525767540369722e-01,-8.627174838321337302e-02,-8.493591392004652685e-02,-1.365386809074100281e-02,-7.092077474468778953e-03,-7.690298088682168132e-02,1.094554940828597195e-01,1.631665037593836229e-02,9.992316881331431144e-02,-6.242838252848501718e-02,-1.054311404445008454e-01,2.777474832927342638e-02,-1.842216205560278861e-02,9.146315102631329130e-02,-7.165780404468592713e-02,-4.526202425234528842e-02,-1.735054090691132969e-03,-6.574848488130548285e-02,2.972215562865235250e-01,-7.391082759369204877e-03,-1.950544104744580433e-03,-2.888532261944875765e-02,-4.579600645211692050e-02,7.749375365412139102e-03,7.716892057804894400e-02,1.061501699770103606e-02,5.641333789440700422e-03,9.915942491427442648e-03,-9.555929494614877383e-04,-5.246911155064522964e-02,-1.273785449296337413e-01,4.776634308133503870e-01,-2.598688964237689733e-02,-2.988103778587258841e-01,-5.714731166629662823e-02,-9.834590762093633684e-03,-1.010351398313538707e-01,-3.520234003525053029e-02,3.345120670542604119e-02,-1.776808480170508336e-03,-4.621273747073220001e-02,-1.624834584442371721e-01,5.055943987689823400e-03,-2.315017736967662013e-02,1.668184102677600644e-01,5.662274710827195495e-02,-3.005014002145913951e-02,5.916049803546140629e-01,-1.023360044815241482e-01,7.043909346018653594e-02,-9.143800665080384360e-02,-5.153149686725903671e-03
1.000000000000000000e+00,2.987836018427378684e-02,-1.075491793828452572e-02,-1.303117740162526746e-02,7.504082795533453809e-02,1.764742548079582460e-02,7.356851099261822735e-02,4.927846492936981126e-02,-2.917283913023575037e-01,-7.092077474468778953e-03,2.390442008711059566e-02,3.297078807315698828e-02,-5.190184551827228820e-02,9.992316881331431144e-02,-2.429957023420522277e-01,-1.054311404445008454e-01,9.256144426761335475e-02,-1.842216205560278861e-02,9.146315102631329130e-02,5.331446399988695184e-01,-5.883877443731872631e-02,-9.849251031706416845e-03,-6.574848488130548285e-02,-4.585357973499296774e-03,-1.652316541135959438e-01,1.750647127479665333e-02,-2.201376641569043613e-01,-1.261829829180972085e-01,2.406278220331166118e-01,-1.000751691004166666e-01,1.314880601697006046e-01,-4.510864651296283417e-02,-1.317011283378890021e-02,8.311654361413070569e-02,2.456634303776043804e-02,1.335611444741472975e-01,-1.321487801733335077e-01,-2.108826846605743599e-01,-1.712810910057416536e-01,-5.656150495387270855e-02,5.145349201199581057e-02,-1.010351398313538707e-01,-5.945599128671254924e-02,2.041885157518211202e-01,-5.934217965968976126e-03,-1.320697908818959689e-02,-6.258309724381190325e-04,-2.238242883872431366e-01,2.936070214982497081e-02,-1.519280787810605438e-01,5.662274710827195495e-02,-3.005014002145913951e-02,-3.693478217274824560e-02,-1.023360044815241482e-01,-1.423087150199124074e-01,-9.478484274017609512e-02,-1.080613706253011619e-01
0.000000000000000000e+00,1.099913028399937681e-01,1.029107090362656705e-02,3.522058400646010251e-02,-3.182403357403185140e-02,-1.391561651848957359e-01,5.779897973409783146e-02,9.359450539401234503e-02,-6.185685436561072503e-02,-1.688470721245313999e-01,2.406033303723033590e-01,-1.381052980669616181e-01,9.243527436749139972e-03,-4.749374093870010333e-02,4.201595089520579474e-01,-4.491846186699961774e-02,1.176448770922083747e-01,-2.726237774402420506e-03,2.274024980902890347e-01,-5.484543992698417275e-02,1.265328410773216283e-01,3.436473442221962826e-01,-8.753381492354665727e-02,7.800029680000822307e-02,4.624470626765180697e-02,-4.413624925812786176e-02,-2.996485018897133284e-02,-9.117093202233921001e-02,1.263921499857059982e-01,1.008995311248865184e-01,-1.888724125495839026e-02,5.465267943593218186e-02,5.137375289912200077e-02,-1.354198861374910356e-01,-1.413272353197592701e-01,-7.626687251844130322e-02,5.019229685391734738e-03,-2.922669320498286760e-01,1.326022364130547693e-01,-2.050628315053566741e-01,-1.558128660450645298e-01,-5.033418196429245706e-02,-5.802921949872671958e-02,-1.101367054863000156e-01,-5.368528459985398571e-02,-6.475930488408540575e-02,-2.346477060538723972e-02,7.007837172564083950e-02,-1.057461096576041426e-01,-1.131091722778702208e-03,-3.388490052799312396e-02,-1.059630584037634868e-02,-1.713433078388343009e-02,-2.679271129943373575e-01,-1.750007864510587374e-01,1.217133966987999638e-01,-1.023393295279117349e-01
0.000000000000000000e+00,-1.141332162565302996e-02,-1.339951339775596051e-01,-4.196951877327658592e-02,2.881486749687908744e-02,5.726366514889811438e-02,-1.815582058771255114e-01,-1.199341819952765226e-03,1.974443732235476312e-01,-1.688470721245313999e-01,-1.830041957593236956e-01,7.515647646674573912e-02,-9.329083691073958295e-02,-9.383552558496842388e-02,-1.062320633693534244e-01,-2.766088314835330256e-02,3.343580173269648792e-02,-2.726237774402420506e-03,2.632498331357694954e-01,-1.162309644824318366e-01,-1.820825807825115494e-01,-6.434377084362833364e-03,3.723466057532121704e-02,3.282568476208544417e-02,2.261263624830077978e-01,-5.752258779874042105e-02,5.716772919649556334e-02,3.910417001036985141e-02,5.328540250111861443e-03,-6.474502099739636723e-03,-1.419611963399677046e-01,-6.475193877337959147e-02,2.907849496511084528e-02,1.265147779874188916e-01,-1.240678466821059089e-01,5.908071024258728654e-01,-1.084913351665736242e-01,1.704814206317396136e-02,-9.213720332922599454e-02,-4.877924732378086103e-02,5.417336171472850875e-02,1.039190681384873916e-01,-6.759834758805927102e-02,3.674989969439435011e-02,-1.861429390800906636e-01,-3.025750026931126047e-02,9.901432266961340822e-02,8.633606866489096365e-02,-1.416256365443052841e-02,1.118852762122533526e-02,-1.662732180934682960e-02,-1.059630584037634868e-02,-3.625148432651218583e-02,-3.127941028415006652e-01,-1.306111648571310450e-02,2.179710936419467643e-02,9.421139653516875934e-02
0.000000000000000000e+00,-4.043920050212661266e-02,2.158415401319265237e-01,-4.366965419563564182e-02,9.712054096203985576e-02,9.654550455595713176e-02,-5.144876061097706371e-03,-6.115013988202953367e-03,2.402584561093159266e-01,2.720240416946038530e-03,1.046766473824145213e-02,2.582958534241202100e-02,-1.270540137999844575e-02,-4.820573825694681770e-03,-8.289051670857279855e-03,4.902366480829787460e-02,1.230652525565911898e-01,-1.814663813296062828e-02,-6.052856221500534095e-02,-4.742137429997812098e-02,1.664260077727446052e-01,2.369448338859015957e-01,-1.190439640151080974e-01,-4.914715196731433283e-02,-1.861328865770980612e-01,8.899759046535360776e-03,-2.040261694343137918e-03,-1.152632652576784378e-01,-9.800926935842373122e-02,2.278429525440086104e-02,-2.321085887396778513e-01,-1.554882207980078090e-01,3.546075038463925716e-02,1.559414179311662263e-01,-3.681723332297316686e-02,2.382567180987796990e-02,1.811552304599198526e-01,5.048112850076043323e-02,-8.330440766569272015e-02,8.820215693923412481e-02,6.792561701476418357e-02,-2.937351153752499888e-01,-1.336714539961207093e-01,-2.295637330588854580e-03,-4.542261190273077370e-02,5.201863847870471513e-01,7.196972447070161538e-02,-4.582963309205587144e-02,1.427061229451356827e-01,5.933022263029082838e-02,-4.591222119522979372e-02,-2.486324212581843014e-03,-1.901358648970180032e-01,2.221270924663976132e-02,-2.231344376677953378e-01,-1.246126253884777269e-01,-9.486973399406220878e-03
1.000000000000000000e+00,2.196420157802677353e-01,-1.704518035256945285e-02,-8.499690585244679131e-02,-1.613979939860706730e-02,7.000503676269027864e-02,1.550209543855647354e-01,-5.993211659029805405e-02,-9.454824509839038216e-02,-2.631034772746331657e-02,2.883286921746178177e-01,-6.152044502231251988e-02,1.928659298970822056e-01,1.015623455920371537e-01,6.708546758141314958e-02,4.059007684066242433e-02,-1.883001894109740948e-01,-1.509508905690994454e-02,-9.817664195723736775e-02,-4.029970123220665695e-02,-2.928278244212750847e-01,-1.270606856911641325e-01,-3.999882186111861082e-02,-7.243761159859092580e-03,3.591419893301791254e-03,1.759887589243055300e-02,-3.144308430130711429e-02,7.351719783711044287e-02,-1.061324215164037854e-01,-6.229850145492386165e-02,-1.619604948844282633e-01,-9.879056861251014898e-02,1.072306874477341188e-01,2.139709828312583439e-01,-3.160116355651557823e-02,-5.156643074650506080e-03,1.618504097485231469e-03,1.494984289964415569e-01,5.771015869546167708e-03,-5.837439514709395066e-02,-1.359215027891518511e-02,-1.084114312975383715e-01,-1.884269602536280952e-01,1.948763011037514814e-01,-1.248073534170818372e-01,1.460323859298299359e-02,2.298082599831957964e-02,2.977561060541002169e-02,-5.692064075853116023e-01,-3.183966898563422854e-02,-1.110032163178009817e-01,6.496998060624303677e-03,3.129001507055658056e-03,8.697879919141554561e-02,-5.802778968476949434e-02,4.450911449676442019e-03,1.729392110658271864e-02
0.000000000000000000e+00,-4.280882100797191170e-02,-1.116713893652948944e-02,-8.427143630795119050e-03,-1.122765812651438898e-02,1.632338697432505342e-02,1.207706608628855705e-01,-1.104402706108612159e-01,1.408116048839928511e-02,-7.092077474468778953e-03,7.104670020991668555e-02,3.197374812289964507e-02,1.058494713094851880e-01,5.205714452832757577e-02,4.274700385576544193e-01,-2.163918056379516772e-02,-2.975703836355976170e-02,-1.842216205560278861e-02,-1.072615885639075367e-01,-1.277121664331202500e-01,-1.985158020151584213e-01,-2.647523387813396911e-01,4.110518352143763439e-04,-7.658997275131268316e-03,-1.616703117576356874e-02,2.546254422497840064e-02,-8.891251604848118828e-02,-5.415728148660901159e-02,5.688396087311238525e-02,-1.747284388186232801e-02,-1.059959846724055077e-01,-1.169187934216105174e-01,1.039299767967427901e-01,2.264210440365222454e-01,7.679926768373736279e-02,-3.014658923197663203e-03,-3.937189639995299084e-02,-9.757826731864532865e-02,-6.763725069927760403e-02,5.238081972383400176e-02,4.657003081883336754e-02,-3.810405870712528509e-02,-1.353864809698451244e-01,-4.848407710497651402e-02,-1.781992477547124087e-01,-2.684395195607904849e-01,-5.537545006754091698e-02,-6.720214836970471450e-02,5.755285998461128205e-01,-1.039910678146519774e-01,-8.364518953888422717e-03,-3.005014002145913951e-02,3.940375737665429909e-03,5.988052874711075751e-02,-3.551042310195620666e-02,-3.050676642270827923e-02,-1.219269000615432440e-02
0.000000000000000000e+00,-1.745249225283755923e-01,1.123619524914382800e-02,-4.568878210751776969e-02,-5.857964005548672859e-02,3.552898110094804274e-02,-7.448421619958547901e-02,-2.834213238854811634e-02,7.241531551595770111e-02,-7.092077474468778953e-03,-6.422380375950666187e-02,1.820839624915465138e-01,3.172645118952931859e-02,9.992316881331431144e-02,1.016615414978863235e-01,-1.054311404445008454e-01,-3.737442645533431973e-01,-1.842216205560278861e-02,-7.184916977375968572e-02,2.551121797587290185e-01,3.580268981919609156e-02,-2.049110117591004809e-02,-7.920704356680190183e-02,-1.074496021815583152e-01,-3.635286695588490352e-02,6.815203169459467525e-02,8.022736897619651975e-02,8.292593396346017998e-02,-1.434886042389988681e-01,-9.607422389693863474e-02,7.771301976314307081e-02,1.813963781253674357e-01,1.963346723930571233e-02,-3.649466502569940346e-02,3.187469970762565885e-01,9.924911082534135232e-02,1.974661814667241777e-02,-9.978913514665664619e-02,-7.432746406189892630e-02,-3.856539438258978492e-01,-2.653815693675318776e-01,-1.010351398313538707e-01,-2.457315459677966024e-02,-1.632941356664158739e-01,-1.374881073860849678e-01,7.190836681429116362e-02,7.630893566108462589e-02,2.176221748807648515e-01,6.948024469559254020e-03,2.233707778210850536e-01,5.662274710827195495e-02,-3.005014002145913951e-02,-1.057314339054868657e-01,1.436482302731205418e-02,6.544255008914560967e-02,-2.442800516216472179e-02,-1.124482933827463949e-01
0.000000000000000000e+00,-2.131480886328895596e-01,1.655661725032211151e-01,-3.060447359103642823e-02,1.078964890688295097e-01,-3.655229670045480762e-03,-2.624379916506700550e-01,-2.620379453178004261e-02,1.031817223428496133e-01,2.720240416946038530e-03,-1.851006417687518779e-01,-2.776044116422751173e-01,4.699925740514238753e-02,-1.660830088297519658e-01,3.153963445422722778e-01,4.902366480829787460e-02,8.312719612404817493e-02,-1.814663813296062828e-02,-6.077908981723753601e-02,3.319956699822477209e-01,2.233946997897500453e-01,-1.635282782054929274e-01,-1.820710437066415943e-01,-5.800574004619376417e-02,-7.502040381300305316e-02,-8.597667665021485606e-02,-4.191022361183934647e-02,4.214133117655793209e-02,1.279251790396755120e-03,6.196366922951364320e-02,-1.001097210069515492e-01,-1.347833261174743724e-01,1.982639855896218932e-03,-1.550737459697756060e-01,-5.880278908140695870e-02,7.073996478109077779e-02,3.015042113666218521e-02,3.028736966791948926e-01,-5.953386337173515591e-02,3.126252334076652650e-02,-5.081908223384073997e-02,-5.593697048742622691e-02,5.585310837217442279e-05,7.269999838583919571e-02,4.809264607406176645e-02,-3.009243307372368448e-01,8.455590500351822802e-02,-7.027640546859505177e-02,-1.786870993143309660e-01,-5.551484174773500813e-02,-4.591222119522979372e-02,-2.486324212581843014e-03,6.747886604326829019e-02,1.691342413655117644e-02,2.930428836467483932e-03,-2.232537509473201190e-02,5.299916855556574546e-02
0.000000000000000000e+00,7.787564824043494704e-01,-3.214056208463634406e-02,-2.836018644161974328e-02,-5.863543000561328988e-02,-1.444149726537635736e-02,6.029652698363193591e-02,-1.563652135015875314e-02,-4.062616736680873392e-02,-2.631034772746331657e-02,-3.156760832844102138e-01,2.074275647511305554e-01,2.675965560030886883e-02,-3.235581533155341277e-02,2.738483211276021914e-02,4.059007684066242433e-02,-3.141417510275359981e-02,-1.509508905690994454e-02,3.824660533022777170e-02,2.388476924181328481e-02,2.657643360038665081e-01,-5.732597308939930969e-02,-7.613382804317904949e-03,-7.651281690433422988e-02,-8.441797331701568485e-02,1.088017306228163637e-02,-3.816221719174064247e-02,9.584000438058556297e-04,-6.760149688084272739e-03,-2.448437733180403378e-02,5.351233599658692525e-02,-8.325947507641197343e-02,7.959745494697295642e-02,-1.450956527319520739e-01,8.366350103101188873e-02,-1.034152051465022856e-02,-2.431504456438565460e-03,1.970695471446086700e-01,-1.243310139334757695e-02,-8.897885951993585868e-03,1.001853475049755554e-02,-4.793433874176268096e-04,-3.661389901788681539e-02,-9.777476264438443587e-02,-4.836515812383328228e-02,-5.930524000724157058e-02,1.165191452716197486e-02,3.146105240756082860e-02,8.709515217060821712e-02,3.550818685351675441e-03,-1.110032163178009817e-01,6.496998060624303677e-03,-2.154621435268282842e-02,-4.577182194869806181e-02,-5.091025530815224132e-04,-3.391285931060970815e-02,-1.924724458949587805e-03
0.000000000000000000e+00,-2.973068075364287965e-01,-6.027719298363562461e-02,-1.950498327153831618e-02,-1.226188023559257878e-01,-5.303875781146617785e-02,7.135943869025561659e-01,-1.216910220322922100e-02,7.758117318796545203e-02,-7.092077474468778953e-03,-3.353865886119063687e-03,4.570884277649447242e-02,-8.362673274748302910e-02,-7.503737638745823502e-02,-1.777721612530165363e-01,8.372475271521842566e-02,-2.572529953462709962e-02,-1.842216205560278861e-02,1.381049528876433785e-01,6.846237210459496861e-03,1.923430937532049911e-01,-2.380579365342996023e-01,5.518703422538644154e-02,1.509691539017725403e-02,-9.218972781733152100e-02,-1.801885311045570148e-02,1.903536880190950450e-02,-4.969793675950429784e-02,-2.939313363831559320e-02,4.041688632757653443e-02,-1.213860310462161335e-01,-1.011523571311540859e-01,5.262203297834437687e-02,-1.946290465595804098e-01,-2.635264153579881460e-02,-1.762936850153279736e-02,2.383742866017158832e-02,1.053335260820397051e-01,-3.258233223013138041e-03,-6.903954135638806951e-03,-1.233058498205381465e-01,7.021525881450405016e-02,-1.196062388560736045e-01,-6.460955335171533753e-02,1.816772011928590239e-02,-3.109237714370934047e-02,1.326212389543882098e-02,4.487881935070359846e-02,-2.844737828300139201e-02,2.404249515569509312e-05,-5.177981161774094371e-02,-3.005014002145913951e-02,1.999227462923204926e-02,-1.999843629555752289e-01,-1.707761101170053586e-02,-4.470489399811429510e-02,6.851625950272981214e-02
0.000000000000000000e+00,7.599288571988255248e-02,-1.638576069971757129e-02,-6.238630270502181635e-02,5.702848675814995438e-01,-3.406692913338535411e-02,-1.066084667078099901e-01,1.082111115177417267e-02,5.056898171425076166e-02,-7.092077474468778953e-03,3.818319901732746824e-01,2.189438926100798488e-01,-2.323201755656523759e-01,-9.969849360620378076e-02,-2.746307972146559348e-02,-1.301039120447201013e-02,-5.699471106702150291e-02,-1.842216205560278861e-02,1.813886480713824620e-02,3.628322065442783368e-03,-4.881438724234808679e-02,-1.837734247617884842e-01,-2.425032986068626634e-02,4.949844451342733098e-02,4.022418152782739065e-02,3.427852854998859194e-02,-1.272669358122334622e-02,-2.692740146517222377e-02,-1.361683836273791526e-01,-3.882959455201674161e-03,-2.811805675655680223e-02,-1.405857262663094132e-01,2.621614574707461370e-02,-1.802782679664148013e-01,1.705633225683192422e-01,-2.457016102407303358e-03,-1.956471789222612515e-02,-9.213346159982785388e-02,-3.222303872799233554e-02,5.237911344353989029e-02,1.018254885907511342e-01,-3.487559589670384541e-02,2.619900463914913089e-02,-2.434079179202088550e-01,3.209069485448960979e-01,-3.766010166315405389e-02,2.740193775237009452e-02,1.131135764163829216e-01,-2.887899238777700758e-02,-1.056595800307457006e-01,2.642704054347239226e-04,-3.005014002145913951e-02,2.430198517733654640e-02,-4.195762685343982362e-02,-3.203941700773213497e-02,1.925910909420661468e-02,8.068386401887710224e-02
0.000000000000000000e+00,2.767106980744575909e-02,-4.996156131413350548e-03,-4.235893366468872906e-02,-2.215764898235567659e-01,-6.412405546646593457e-02,1.199164997817543377e-01,1.854278841295468536e-02,1.881834290586743841e-02,2.720240416946038530e-03,-2.977321143448656282e-01,-6.660147972001694006e-02,-1.346085683449548265e-01,5.451391965740553375e-02,2.157293300839442096e-01,-4.123988709190018476e-02,-7.109877122667869476e-02,-1.814663813296062828e-02,1.570864728439300357e-03,9.581088615964243604e-02,-4.735233570902431383e-02,4.610117820236738634e-02,1.460098354330221192e-02,2.997328084568198076e-02,3.781902438249891418e-02,8.852164972373888219e-02,-5.264731976337901076e-03,-5.370061500465529020e-02,-1.457875170025863532e-01,-1.888478895803051005e-01,-3.897016897612900349e-02,-1.141415615298146252e-01,-1.403862589654139847e-01,3.864217747047551388e-01,-5.778134412076445237e-02,2.619397310783544430e-02,-1.711897167542889009e-02,-1.738652277507397037e-01,4.145544224425831009e-02,-2.144815796339996118e-03,8.783776014412496280e-02,-1.530716779530004110e-02,6.959547927370600406e-02,-1.200058458114242332e-01,6.054391635481927159e-01,5.731804527554952913e-03,-7.650296463776318223e-02,2.398684827920593080e-02,-1.049817871701349686e-01,5.846998399460266033e-02,1.260345284743823353e-02,-2.486324212581843014e-03,1.001542996160800607e-02,-2.430274516918202662e-02,9.320473068470006700e-03,3.489719796679393443e-02,1.528579387280220858e-01
0.000000000000000000e+00,-4.328084319193033214e-02,-5.419397873213108868e-02,-1.070882608630999763e-03,-5.453146340013063087e-01,1.090095717894392080e-01,-2.499648796029237674e-01,-9.814187768513733812e-03,-5.362732335245713744e-02,-2.631034772746331657e-02,2.947363791055359616e-01,1.849213036922381370e-01,-1.604826585209901679e-01,8.731223588548193970e-02,-4.891375584879661953e-02,7.510523427795502693e-02,-5.838490745657694270e-02,-1.509508905690994454e-02,-5.821905329678319502e-02,7.320212286238766963e-02,-9.562742945245149284e-02,5.780254876199585751e-02,-4.388225482490719191e-03,-9.732996239118617277e-02,-6.170652137161760503e-02,6.075397843171046613e-02,-7.281843233534175674e-02,-1.897687150510562193e-01,-4.098722965320283212e-02,1.547193851627439061e-02,-5.104904493347712374e-02,-1.327881048042233170e-01,-3.133795917452001922e-01,-2.951530931549329329e-01,-1.231662215201529964e-01,5.657306086366089420e-02,1.246068152068686846e-01,8.833836488388208119e-02,6.791819206130207676e-02,7.392636938365766686e-02,1.370475891394969670e-01,2.142744929704072654e-02,-1.154950963734099750e-01,-5.896496076845594847e-02,2.097156968882877767e-02,-1.327403351178447211e-01,4.438629850979740332e-02,1.194533641293042403e-01,6.184087354553929883e-02,-4.574446131941887345e-02,-7.648805888050838608e-02,6.496998060624303677e-03,-6.508342822889885693e-02,5.237225498605975471e-02,-6.820483801952255398e-02,-3.863681730059655844e-02,4.522684912725338791e-02
1.000000000000000000e+00,1.213188138861612773e-02,-6.812179646093169394e-02,-8.462734224578657288e-03,1.658539383995963623e-01,-2.917065221871889200e-02,1.122199758477503556e-01,-7.552116592712165843e-02,-4.928503390683127566e-02,-7.092077474468778953e-03,-3.106022273779722731e-01,-1.949542260505323643e-01,-3.202416241579135736e-01,8.267950233966456230e-02,5.040943382969054198e-02,8.372475271521842566e-02,-1.633995249342902190e-01,-1.842216205560278861e-02,-5.118350682473518654e-02,-3.274349901673938995e-02,-2.573839183683518939e-01,9.840070093776027982e-02,1.709328253418123875e-02,-3.111791464109799066e-02,1.699655490205150346e-02,-6.602157117509770135e-02,2.424533410185346696e-02,-6.159144365138782135e-02,-4.981086650545725469e-02,-1.759901397675185317e-02,-1.592287398417451816e-01,-1.308934665269428366e-01,-2.502148360211113309e-01,-1.634568229091550862e-01,3.801982117664103739e-02,-5.893995067582325637e-02,5.210522598003041600e-02,-7.037995534940068298e-02,6.574984695013841307e-02,1.383796057275022418e-01,-4.816564846992540255e-02,7.880339140491528227e-03,2.108225702558766956e-01,1.419650990260155725e-02,-1.919294919242214847e-01,7.508067141258663313e-02,5.251928971724990208e-02,8.221362859734339390e-02,-3.654442668602379124e-02,-1.902589229325163112e-01,-5.177981161774094371e-02,-3.005014002145913951e-02,9.606981294563443630e-02,6.360147920308385772e-02,-1.582459481308776117e-02,-2.464273057002184120e-03,-4.834843005648286618e-01
0.000000000000000000e+00,6.184536008020159736e-02,-4.609334471379534365e-02,5.005055550404298101e-03,9.872131052098029325e-02,4.401767566275337218e-02,4.146600926228528883e-02,-2.080742958781234622e-02,1.248385612467462075e-01,-7.092077474468778953e-03,-1.509026985204850457e-01,-5.255334183761618122e-02,5.371511429333659243e-02,7.191391053496047625e-02,-4.277903299851654184e-02,4.920959527792580918e-02,4.436337567670631948e-02,-1.842216205560278861e-02,-1.437519508102623189e-01,2.769232331753284856e-02,-3.023904472143611466e-01,1.889850713341382216e-01,1.696675646103239406e-03,1.640866174006066769e-01,-3.304378151729710500e-01,-6.014837278330367742e-02,1.670590073188244207e-01,-1.019997128321240704e-01,4.666296694654321203e-02,-6.542580721231570917e-02,-1.626302753016678759e-01,1.844610772625240591e-01,2.966372439782568801e-02,-2.816545344400811501e-01,1.441214802025529880e-02,-3.255387775635846994e-03,-9.328066507076107627e-02,-1.499874594584733600e-01,3.144563102623269824e-02,-5.799447208180822516e-02,-1.317614602231095833e-01,1.236894559159926188e-02,1.295891439167521086e-01,5.790801025080462988e-02,-4.428978132047008132e-02,-8.563643693809144808e-02,-9.951948808490906906e-02,-1.609589434011771819e-02,2.089488073677377156e-02,-2.406008590200823735e-02,-8.629496905503353243e-02,-3.005014002145913951e-02,-4.226313755519940651e-02,1.216833729751470028e-01,-6.347020755888244103e-02,-5.845619380413424881e-02,5.538906132112267899e-01
0.000000000000000000e+00,3.594941993390354806e-02,-9.429172581081354809e-02,-2.414693692046243536e-03,-4.236515163609055890e-02,4.274503170724432664e-03,-2.101033976194097846e-02,-3.047540199138675659e-02,5.181840385345512501e-02,2.720240416946038530e-03,2.073500793364595474e-01,1.072526064548948513e-02,5.286923458446497054e-02,4.892762291186154161e-02,-6.206599852600463291e-02,4.902366480829787460e-02,-3.878613642613461948e-02,-1.814663813296062828e-02,-1.571137951862238216e-02,6.216065294746169617e-02,3.138855394911219121e-01,-1.538485412000328845e-01,2.357562440373249524e-02,-2.325464641554567460e-02,-4.838137283546656287e-02,3.566476608498837797e-02,-9.424555848217454346e-02,-6.715426302090277133e-02,-2.047415405226791704e-02,7.453954435786423749e-02,-8.438732121985273449e-02,-3.401038288083386985e-02,-5.708170082081802377e-02,2.813547106293374234e-01,-1.598395147337501321e-01,1.181907166553268843e-02,9.808389130708328532e-04,-1.018167771708844149e-01,5.935456632517601208e-03,-2.596630946856023567e-02,-1.873431212613952887e-02,-8.499888297874721999e-03,7.239362475189750068e-01,-1.044816073014770245e-02,-2.408007634966348176e-01,3.867107919876957862e-03,1.111188940765419145e-02,1.471495270183210136e-01,-1.142297144313490602e-02,-6.731417123046073980e-02,-4.591222119522979372e-02,-2.486324212581843014e-03,6.105964003638379017e-02,6.225384783006679933e-03,1.092711858074920404e-05,-1.284852240644057848e-02,1.306155304941607476e-01
0.000000000000000000e+00,-1.812476546860595714e-02,-1.328192595736218118e-01,-1.025594085393650122e-02,-3.834651038781694554e-02,5.251167337931480356e-02,-1.779001193997353791e-02,1.008996727613506450e-01,7.266695015004306056e-03,-2.631034772746331657e-02,4.168563399721405410e-03,-9.204053816357446460e-02,-5.733244872698261413e-02,8.731223588548193970e-02,7.114372760688335122e-03,7.510523427795502693e-02,5.286946850250981988e-01,-1.509508905690994454e-02,-3.613712858247793147e-02,-2.252744720479979076e-02,-7.975291299294163042e-03,-1.358525923000255403e-02,6.231770036731828361e-02,-1.064055401832539501e-02,1.490905605334182094e-01,5.257002740457940998e-02,-1.845367623930560252e-01,-6.886290813155869495e-02,-2.766784111549542291e-01,-5.743186981282356884e-02,2.038492659183285538e-01,-1.771617129150132308e-01,6.985640464602078936e-02,-8.908183697206330937e-03,3.510921209386832498e-01,-7.181706591479784796e-03,1.569299983265058304e-02,-3.078966612174069764e-02,6.990625633143361661e-02,1.476143478975436470e-02,-2.697902185753646709e-01,2.142744929704072654e-02,-1.179446639223919076e-02,3.341465481646813673e-01,-2.602112970233944251e-04,2.866729095571990404e-02,-6.500878272779456006e-03,2.825860401877023365e-01,4.159644728080465897e-02,6.505945723827953608e-02,-7.648805888050838608e-02,6.496998060624303677e-03,1.965606167480710674e-03,6.258931640773586491e-02,4.886074306479093465e-02,3.052652605775342531e-02,4.482254749954207862e-02
0.000000000000000000e+00,7.538709290262357587e-02,1.631830100563918737e-02,-2.777883207827471640e-02,-1.498953526513699223e-02,1.071879598440474146e-01,2.216113313621770053e-01,-2.168056699423639034e-03,4.602786050916696237e-01,-7.092077474468778953e-03,1.362939167703750287e-01,-2.355309666951999753e-02,-1.067128364671341562e-01,-7.776409056272539332e-03,7.230694502464873885e-02,-1.301039120447201013e-02,1.492119646976548530e-01,-1.842216205560278861e-02,-7.668493615175007994e-02,8.227214665353352330e-02,-2.740891121448189027e-01,9.998166713841402653e-02,-5.127957000395744896e-02,-1.478903097331652483e-01,-8.408285588170784364e-02,-3.504786437104935592e-02,-1.571615562248818709e-01,1.288119645024013160e-01,1.573374789797860884e-01,4.965931169368131316e-03,4.581314457164097353e-01,2.023400014402507163e-01,7.655144370374597496e-02,2.187544570518494200e-02,-1.638571508984330849e-01,1.001211971443195653e-01,4.328983126381260454e-02,1.659643117596254491e-01,-2.212641339560846368e-02,1.298900252070973038e-01,3.858378941177416366e-02,-4.101375658166402094e-02,1.404961307891756661e-01,-1.806902649914206016e-01,4.007693928525127985e-02,-5.105651382415164058e-02,1.387340029280261303e-02,1.494056388656911025e-02,-4.789481948787331633e-02,9.864097644821287481e-02,2.642704054347239226e-04,-3.005014002145913951e-02,1.594072769995243458e-02,3.642544163890042846e-02,7.595360281612556497e-02,-7.452407676643832413e-02,-1.447088594570150322e-01
0.000000000000000000e+00,-5.330503275527927187e-02,-2.171341609432893560e-01,2.233206863953624347e-02,2.305929829162372269e-01,9.734754499175381215e-02,-8.727072356417800436e-03,-1.518313067308259268e-01,-2.598770874897358696e-01,-1.688470721245313999e-01,4.565291798642293064e-02,-7.073340006962330895e-02,-1.801195200382794404e-01,-1.371702541890124916e-01,-4.942211935063627742e-02,2.924065749956539229e-01,4.285191784552206534e-02,-2.726237774402420506e-03,-8.366161174822503432e-02,9.326906192754047357e-04,1.399316189674500999e-01,1.129919258718029007e-01,7.739529989068853755e-02,-1.152240757239091085e-01,5.881966153201693276e-02,-7.153226114405870917e-02,2.533749981878342591e-02,-3.624714740476731034e-02,1.281843389837637737e-01,-1.528054599017982795e-01,4.644273696539815560e-02,8.910932697464070407e-02,-1.810929556403099994e-01,2.375017285276253831e-01,-7.646544331252436155e-02,-7.067001527307920083e-02,9.458217150845625587e-02,1.052937434917692108e-02,-5.440903337568313292e-02,-3.116783111923197153e-02,-7.668944552692273653e-02,1.180841763764850089e-01,-1.737536285167230743e-01,-1.744805368063780948e-01,-9.243658515047227520e-02,-1.021457413872872422e-01,4.814724714331163752e-02,-1.274257674090153447e-01,6.354058136817952035e-03,3.535996627201636322e-01,-2.916767674368039298e-01,-1.059630584037634868e-02,-5.511288061126099619e-02,1.375683818080979670e-01,8.252176366017019427e-02,-6.710590037973473976e-02,9.178810353283765877e-02
0.000000000000000000e+00,-5.506405697410247935e-02,-3.822983943633734283e-02,1.728418062777683714e-02,-1.058854903766747457e-01,-5.123270678112910176e-02,-1.017379605020249100e-01,-6.025546788706881429e-02,-1.654461372312800715e-01,2.720240416946038530e-03,3.813189461748525515e-03,-6.160648851795805236e-02,-1.330007034508901009e-01,8.006391880656855975e-02,-9.801854232074967699e-02,6.628124352694418631e-02,7.185308812973471848e-02,-1.814663813296062828e-02,1.063560370499133101e-01,-1.124843192343101678e-01,-9.501259067733171249e-02,7.395046665267829278e-02,-2.317327524955969248e-02,-4.457536861863844319e-02,5.425911758137591523e-02,2.327846846005736103e-01,9.976529814560892301e-03,-1.647297849600519726e-01,-2.327284890373308157e-01,4.585383342456104266e-02,-4.595357490675790191e-02,3.206638637922611390e-01,2.884496535045480425e-01,9.441166396348332768e-02,1.082840019996462178e-01,-1.125850519797125249e-02,6.931278988095247728e-02,3.165435076485602073e-01,-6.578391908679327715e-02,-4.488654576013227648e-02,-2.201377096382332033e-01,-7.670932059453929031e-02,1.347681624887912821e-01,-2.303598872785930229e-01,7.731914976572722142e-02,-6.619036054203888964e-02,6.311262076714685421e-02,-3.513049712397290913e-01,1.445546808799791881e-02,-3.040103437749708815e-01,-2.865464247658348895e-02,-2.486324212581843014e-03,-4.907496382862068518e-02,-7.909613584911134865e-02,-7.469277138068580735e-02,3.417508976931630388e-02,-3.151014885432268375e-02
0.000000000000000000e+00,-2.588313862247284408e-02,-4.374846479796235671e-02,2.010614132938959991e-02,-3.770775160104051366e-02,7.176928216656931064e-03,-5.102157894828694001e-02,-2.458156425000949594e-02,-8.099529474297509357e-02,-2.631034772746331657e-02,6.249035462525549811e-02,-3.336156115837128899e-01,-1.246147328871611594e-02,-9.195847545921070898e-02,-1.714522205170601055e-01,7.510523427795502693e-02,-3.870690534087475321e-01,-1.509508905690994454e-02,3.450613248055286325e-03,2.673825835336035572e-02,2.165306779272678159e-02,2.149591630684801191e-01,-2.617654906542014707e-04,1.949693715126291256e-03,1.717587150804529561e-02,-1.557188384074190135e-02,-1.628852272667983062e-02,-5.212467265126251997e-02,2.414857466969681787e-02,-5.965854964165461655e-02,5.248053976406223675e-02,-8.762211535654955419e-02,5.643912905093421140e-01,-6.653998288089350843e-02,-5.672258662154747860e-02,-1.411352093708142033e-02,3.041697018272277245e-02,3.189271246696930712e-02,3.444427484544554992e-03,3.416978124658303501e-02,2.069605176694144510e-01,4.246628990874404957e-02,5.721984219398201787e-02,2.027343588627845139e-01,1.647471071681732013e-01,-5.816201965304560600e-02,2.328518270396697301e-02,2.586559582978446015e-01,2.286219465875999612e-01,1.231901430869726671e-01,-7.648805888050838608e-02,6.496998060624303677e-03,3.216805274761447633e-03,4.802890010420725244e-04,1.295760889283363235e-02,-2.250887288607902187e-02,-5.123217323488633845e-02
0.000000000000000000e+00,-1.112921299935095976e-01,4.146040763387763561e-02,6.725726713684954117e-02,2.330813788866948344e-01,2.287968560793523717e-02,8.501762527132099290e-02,-7.708487250579852852e-03,-9.548069875989216582e-02,-7.092077474468778953e-03,-7.890759982744681433e-02,8.749499151059386692e-02,3.869980620257099102e-01,-3.671691631416098417e-02,1.454730994803935841e-03,-7.091598300720824977e-02,-8.558128194529578125e-02,-1.842216205560278861e-02,7.097873090068575197e-02,-3.443195429902705662e-01,4.652683177691847166e-02,1.523033526185701148e-01,-7.350194238976237582e-02,-2.251692009986920318e-01,-1.104737306622229354e-01,3.108187557808776980e-01,-6.527208584870577979e-02,-1.648448089570450636e-01,-1.714063975262376804e-01,-2.140545031156423639e-01,2.134629909709773454e-01,1.712437158505847670e-02,-2.640078528355879750e-01,-1.082980463913266606e-01,-1.621828352392234163e-01,5.931635865363258514e-02,-7.115276270676820780e-02,5.335334246295396488e-02,-9.130125898363464221e-02,1.687395639364317607e-02,3.498466963363831839e-02,-2.343307309089125157e-02,6.581675077494673898e-02,1.870486306866077086e-01,6.991423915201280814e-02,-1.794251774248708520e-01,1.398468941785640518e-01,3.454242822205774027e-02,-1.135036265939237286e-03,3.518086427635585406e-02,9.113790454556452980e-02,-3.005014002145913951e-02,9.204580029325715868e-03,-4.875118039620558730e-02,-7.844496044196555551e-02,-3.792543687647814687e-02,-3.550324608700119317e-02
0.000000000000000000e+00,1.787868823127610526e-03,-9.479500552284483850e-02,3.901146046602497336e-03,-4.805148299491484448e-02,-4.340906769518319136e-02,-6.898454899599026913e-02,1.704682537690485611e-01,-9.214092798262514539e-02,-1.107858958357126611e-01,-6.839712517548163576e-03,-7.389178271460210279e-02,2.176481896648018444e-01,-4.973961523230589765e-02,5.555236165818879662e-02,-9.245387914441460797e-02,-1.234220771079200946e-01,-8.829335926503789275e-03,4.906069854282834458e-02,1.457818300784645138e-01,1.887122961647215089e-02,-8.304688412587604707e-02,-6.115435675883719826e-05,6.400730153738369566e-02,2.218710809707266293e-02,6.140154505391099554e-02,1.507679938792228121e-02,-4.762191172152886731e-02,-6.989121537621674485e-02,1.461400890691690177e-03,1.109548863032300790e-02,1.827853390459683314e-01,2.163206725200932795e-02,-1.478103852286468019e-02,6.761041770795971073e-02,1.038239616120820510e-02,2.529613860427071259e-02,-1.358319074632907963e-01,-5.951710910938441679e-02,7.699161295100710456e-01,-1.602754417905009332e-01,8.844698670399618601e-02,-7.914381760772037921e-02,-1.661335100062261705e-01,-1.066740098830977479e-01,1.306746152798734795e-01,-3.174653546420029560e-02,5.242936564261374555e-02,-7.866502561187425913e-02,9.211235798572257882e-02,6.498591401219082353e-02,-2.856295038678866027e-02,-3.890037011163836878e-02,-7.556650907524352367e-02,8.753636501488193172e-04,-4.860938681010278789e-02,5.038086009527027037e-02
0.000000000000000000e+00,-2.194665757060126898e-02,-1.416435252988246761e-02,-8.829734007193260070e-02,-7.136335909401045341e-02,-4.192675976782287567e-02,2.801233847279955592e-03,-1.461634568628529182e-02,-6.383950355703996160e-02,2.720240416946038530e-03,1.027758508662878628e-01,6.897433273773299900e-02,4.393893666041752688e-01,-1.257696306776612538e-01,-2.054748147715211859e-01,4.902366480829787460e-02,1.083019647788423384e-01,-1.814663813296062828e-02,2.150561328063426217e-02,8.179997869771583885e-02,-1.368801058012961425e-01,2.678293111949173189e-01,-2.739287018550855268e-02,3.950377408186803163e-02,-3.929314165357928462e-02,-2.997906821350416195e-01,3.126100287832958569e-01,2.258006286337111423e-01,-1.257614836696463283e-02,3.638914282204372408e-02,1.519254485862443207e-03,-3.278454432072068214e-01,-1.031631490193844758e-01,1.212237670872053225e-01,1.521779780763493906e-01,-7.883348429938905749e-03,-1.813820514396386006e-03,8.750494375418710336e-02,-7.196369339788644473e-03,1.325986647459046104e-02,-1.709252933763682758e-01,2.130147155561151057e-02,1.285884918186918635e-01,-1.961255190589515640e-01,1.467734862756546743e-01,-1.261237822206393577e-01,-2.566321893779767091e-03,-1.450854400415950776e-02,1.148627320763693921e-01,-8.278838263179671975e-02,-4.591222119522979372e-02,-2.486324212581843014e-03,1.541743760262335658e-02,-4.572090657024172750e-02,8.300101202828366999e-04,-3.124204022790249419e-02,-1.692946495899424197e-01
0.000000000000000000e+00,-2.588516975986361948e-02,-6.867941132662813697e-02,-5.182525163705258703e-02,-9.781875248648348731e-02,-5.432975818164326870e-02,5.173309946587892338e-02,6.833691634686508976e-02,4.207807948769207856e-02,-2.631034772746331657e-02,2.562521559747279326e-02,-1.236932884469378463e-01,1.563637040272562173e-01,-9.195847545921070898e-02,6.215801710976479738e-02,7.510523427795502693e-02,1.759673010703892981e-01,-1.509508905690994454e-02,8.219381368258397991e-02,5.712974923960726509e-02,-3.883590887504093092e-02,-7.796941173502834610e-02,9.144974998458925072e-03,-1.261811663598366717e-02,1.842594802784981028e-02,2.514307157148249969e-02,1.147868485725938859e-01,6.201076746032592284e-03,-2.036787937517349767e-01,-1.206564074290795013e-01,-4.597715226103948200e-02,1.233319656211425003e-01,-1.230563662489530044e-02,-1.544551818036343505e-01,3.169390075485637448e-01,-3.217886033284284020e-02,5.853835228726485956e-02,-1.192694718302120677e-01,2.650186617150637053e-02,-1.011011538017828199e-01,6.496118295223440864e-01,4.246628990874404957e-02,1.397395474294703677e-01,-4.423863117477620788e-02,-1.428957982977401842e-01,4.319650134542751124e-02,1.879051410342807982e-02,-2.744823085287719788e-01,-7.388259871966455783e-02,1.897764818284961019e-01,-7.648805888050838608e-02,6.496998060624303677e-03,1.489125108632377223e-02,-7.081931225879835312e-02,3.168969726728991521e-02,-1.068942383523489338e-02,-7.770211211155071684e-02
0.000000000000000000e+00,-2.229189782920922847e-01,-6.812179646093169394e-02,-6.243836800585111230e-03,1.569869443333582471e-02,2.274071862619638992e-02,-3.398469748570921711e-02,-3.711672005784292377e-02,1.211129728198963723e-01,-7.092077474468778953e-03,-1.106337807886419305e-01,4.995699204149072759e-01,-3.271343246123648713e-02,8.267950233966456230e-02,1.019617351029848407e-01,8.372475271521842566e-02,-2.957510622965510774e-02,-1.842216205560278861e-02,-2.125645964922787123e-02,-5.999543184846275329e-02,2.007064332180046318e-01,2.702370259662554841e-01,1.709328253418123875e-02,-3.486038768269324184e-02,5.867888802345772731e-02,-8.991200916270482291e-02,-1.642327708345937484e-02,-1.497629074595866264e-02,1.747185370844969443e-01,-1.305828097830465662e-01,-3.222174479232860905e-02,1.675583917604610978e-02,2.143474685120791701e-01,6.503976056479215950e-02,1.367836054836934767e-01,-1.060963360028645275e-01,2.718733403940491386e-02,-4.823909589444673462e-02,4.444887881811238062e-02,1.708909340604717053e-01,1.432028275252070493e-01,7.880339140491528227e-03,-1.296062338999960433e-03,1.666508325931225498e-01,-4.925438909949337446e-02,-1.655394836406459957e-01,-2.596518863270632638e-01,-3.074676535366062044e-02,-2.443091327441244132e-01,-2.519681475430961548e-01,-5.177981161774094371e-02,-3.005014002145913951e-02,-1.330070241906696482e-01,1.373239495274167221e-02,1.795852030603487803e-01,1.560535034125769445e-02,-6.234842171369047586e-02
0.000000000000000000e+00,5.849478889931705554e-03,-6.812179646093169394e-02,-5.236490896488067703e-02,-1.426886598515725475e-02,2.191952530336288389e-03,-1.355264401510589134e-02,-8.609101834573518186e-02,5.169127940120587378e-02,-7.092077474468778953e-03,3.130495956760800946e-02,-5.059415299383262371e-02,-8.427040193287368974e-02,8.267950233966456230e-02,5.175001053521713357e-02,8.372475271521842566e-02,4.061455603205564591e-02,-1.842216205560278861e-02,-2.125645964922787123e-02,5.618523507352384677e-02,7.588111996466900822e-02,-3.295482981638169807e-03,1.709328253418123875e-02,1.142747261339050954e-02,1.785155217255973356e-02,6.418436631263972902e-01,5.072935513774751159e-01,2.587911061961559178e-01,2.591281741563614682e-01,1.831937085736560500e-01,1.390798588778361378e-01,-1.384561468981204413e-01,-7.563207521995934934e-03,-4.153072623739234581e-03,1.211095709816472667e-02,-3.150685539188480180e-03,-2.151985988284634346e-02,-7.108436162967482486e-02,5.574525845421206445e-03,4.194807506099038075e-02,1.084581878535778067e-02,7.880339140491528227e-03,-5.451458377414447609e-02,1.197638253821900062e-01,-7.552164402420593475e-03,6.436891600800642710e-02,5.605911728172702918e-02,-2.133154433575415107e-02,2.799906235983158371e-03,-8.619441991148694970e-02,-5.177981161774094371e-02,-3.005014002145913951e-02,6.957533922760085476e-02,1.373239495274167221e-02,-1.087130829283386967e-02,-1.257821700954236434e-02,2.405852854592371165e-02
0.000000000000000000e+00,-4.671196589089811335e-02,1.861039925157915165e-01,-2.475319150168968536e-03,5.138703472794561855e-02,-5.095289210947605545e-04,-9.230529284641215970e-02,1.354725773464708072e-01,2.994180205157769697e-02,-1.649802983604849171e-02,-6.472090839420206743e-03,3.468330083629612287e-02,1.953638230230121953e-01,4.056246912816137140e-01,-5.939272795236109903e-02,1.109141858400603947e-01,9.894238392027047968e-02,-1.481956513426778074e-02,2.376624674396113357e-02,-4.160920005040918968e-02,6.702150874059854477e-03,-2.444307355286136629e-01,-2.095189353978789693e-01,1.470744745113924772e-02,8.290403534561512078e-02,-1.707718506507866635e-02,7.680439212690386847e-03,-1.182243417312455261e-02,2.892255858624407372e-01,-3.172695240475086886e-01,-1.316796726924334138e-01,1.568062044381052234e-01,3.673125288855375037e-02,-6.390165191723171101e-02,-8.584833733230777530e-02,1.415336419879713314e-02,-5.082765003733175600e-03,6.423247759275947655e-02,1.558450497829777237e-01,-3.954587207177517882e-02,-4.534013966271708412e-02,2.807880222230602074e-01,1.136368642766313886e-02,-6.122688367816001703e-02,1.716179516946442773e-01,1.827594291027308526e-01,3.780613725938091613e-02,8.340594900684560054e-02,8.252633233474909735e-02,5.526789190450647274e-03,-2.976688808747033899e-01,3.406081386950163270e-02,1.116620939101942295e-01,-1.072768189351552305e-02,-7.107294912019779254e-02,9.605973864094419223e-02,-1.512370997068347156e-01
0.000000000000000000e+00,-4.122496835696026762e-02,9.286918541767477664e-02,3.498377828951807628e-02,-3.136873305703852255e-02,1.403482010415272041e-01,1.829723997152225140e-02,-9.831927642763411360e-04,-2.025199810544298096e-01,-2.801418817543174788e-02,-7.378069147576353515e-02,1.066325583393235993e-01,-6.832920148311917574e-03,1.432978446919097593e-01,8.338403144648272314e-02,4.427350315016969490e-02,-9.669706546534112546e-02,-1.360904462516242426e-02,-5.242086713311867006e-03,-2.179767314523257116e-01,-4.587674845088935555e-02,-9.994352649624636820e-02,-1.500946827446120874e-02,-2.951978895515621204e-01,-1.739743561773899466e-02,-2.401343949620683149e-01,-4.905457786963499794e-02,8.296723648140742757e-02,1.129439131218303027e-01,5.516511575149043445e-01,5.655755195312342498e-02,2.857334966930040118e-02,3.667125920365355701e-02,-7.575060679657100171e-02,1.626214191264433451e-01,1.404924559730760525e-01,1.735188489839250420e-02,-1.729702193225093609e-01,1.921665509246173534e-02,7.526415783476138321e-02,-2.220558644578851312e-02,-3.882368283068742681e-02,1.403621155155867772e-01,1.630165103328583553e-01,2.287772234049297582e-01,6.341531510905730473e-02,1.557991571531950614e-01,-1.932587367318238381e-01,-4.835851667369372303e-02,1.828347947476102187e-01,-1.259230527705464120e-01,3.762441241588083962e-02,-7.035873573924694008e-03,-3.223320215349771700e-02,-4.164365454897422242e-02,3.190011840518516741e-03,7.243410410235349983e-02
0.000000000000000000e+00,2.779617449489364678e-02,1.424780959168438221e-01,8.069652001178266587e-02,-1.208738433815989832e-01,-4.659713225991086311e-02,-1.095466323516636614e-01,-5.534548796820654842e-03,2.321372747189881791e-01,-2.457474542923506616e-02,4.217211486282746065e-03,-1.014096775727944960e-01,4.935377088233196957e-02,-3.879502205164068740e-01,-1.141001803348710986e-01,1.629038639130687971e-01,-2.174305215216960074e-01,-1.527752682094021992e-02,2.732113785699664260e-02,-1.896831456115621317e-01,-6.682326145288025598e-02,-8.945470405510087819e-02,-1.265350225566158893e-01,2.440803028716434231e-01,9.054462721121092628e-03,1.434188081231769774e-01,-2.499704704588001369e-01,-2.214112355067147653e-01,2.930169419297813937e-01,6.423970923611567463e-02,1.020666011454314653e-01,-8.514565923501392353e-02,-1.785762466593754649e-01,6.385837382183520705e-02,3.207217917033297061e-01,-7.933881094665885814e-02,-1.031285910850970183e-01,-5.006668131406318695e-03,-2.388041524626776952e-03,-9.095897002994979275e-02,-1.306496694050601759e-01,9.766828266651762791e-02,1.603508810851185865e-02,3.981900289110171937e-02,2.527019207047369320e-02,1.009222837062445643e-01,-1.314970151052581582e-01,-1.361633895209078682e-01,-7.232553778107822517e-02,-7.863274898971426771e-03,-4.439525626742790720e-02,5.959927481635578055e-03,-6.934258362879595905e-02,-2.050860013296498113e-02,5.174462538625475283e-02,-4.009166187981640095e-02,-2.611144966709604692e-02
0.000000000000000000e+00,-1.446087807950112263e-02,1.424780959168438221e-01,-6.675895775393096698e-02,-3.613501745602307191e-02,-6.635596751834664520e-02,-9.220725599198719216e-03,-6.927143710294164820e-03,-2.293940215368469870e-01,-2.457474542923506616e-02,-7.593000581600728655e-04,2.492753194081819279e-01,-7.173317568863807336e-02,-3.879502205164068740e-01,1.867876250492244150e-01,1.629038639130687971e-01,1.923902149687415492e-02,-1.527752682094021992e-02,2.732113785699664260e-02,8.988087486115953206e-02,-1.696605641372378737e-01,-1.837946663642547329e-01,-1.265350225566158893e-01,5.168187377050687675e-02,1.354795112015584266e-02,-1.118995888428741953e-01,2.130275837254039240e-01,2.342403453002349367e-02,-2.120729448847272214e-01,-3.144825344504745962e-02,2.062884758020774589e-01,1.434504273973508659e-01,2.761531702691228177e-02,-3.028784525269571926e-02,-3.234596845071533444e-01,-5.375447491835091268e-02,5.058286353067612678e-02,1.239064733708986066e-02,-9.551941226875981100e-03,-6.876208791398127906e-02,-5.057820710858550173e-02,9.766828266651762791e-02,8.126724587539624345e-02,2.626508800036187474e-01,6.091981659833007028e-04,2.921691804671666115e-01,-1.698092830181314461e-01,2.049936616724073318e-02,1.116405242927739627e-01,-1.049196118767403846e-01,-4.439525626742790720e-02,5.959927481635578055e-03,-7.679502589694724157e-02,-2.050860013296498113e-02,9.151582146511751115e-02,-3.745860650258583252e-02,-1.381888826778374796e-02
0.000000000000000000e+00,-5.999420094225222516e-02,-2.439007652835852302e-01,-1.084034707982932944e-01,-8.696630598530610823e-03,4.627577303454807889e-02,-1.648111366734394678e-01,-7.243598186100226599e-02,1.981514296966211397e-01,1.016399968977621526e-03,-3.865691425735379855e-02,-1.159832983107459831e-01,9.037697421871576653e-02,2.614472530637366732e-01,-2.409232620079189771e-02,1.431381545428611901e-01,-1.641590700432528360e-01,-1.666059370121310973e-02,1.592464078924166540e-02,-8.344119263907530393e-02,1.837896025906422814e-01,-1.016255656444086802e-01,1.168067257213692284e-01,1.901358531073818470e-01,-4.856693553824859011e-02,-2.189639290583555720e-01,-2.015299871953262628e-02,7.699816328799637642e-03,-2.599626231764284867e-01,1.814525103431263720e-02,3.773471120725519490e-01,-1.042229963809385707e-01,1.801088355579765670e-03,-7.322493582637905341e-02,-2.046191795586518591e-01,-7.300333696937992556e-02,-2.576624686410719511e-01,-1.557454876790760334e-01,3.985697427606604837e-02,-5.356642625617036996e-02,-1.478018449390021069e-02,-9.016164569697347753e-02,-1.884636820683300296e-01,-7.356697081866241106e-02,-1.803325841921661621e-02,1.259431591086371816e-01,2.019739370291864095e-02,-2.475387078366248217e-01,-1.140859729434452654e-03,-1.785861729552758181e-01,-8.347189406718938387e-02,2.864109014267467862e-02,7.250579613158070202e-02,3.987280825753280154e-03,-9.564993833477416357e-03,-2.790397905791710056e-02,-1.643171507295192874e-02
0.000000000000000000e+00,1.457920673387871381e-02,-5.102870400357718134e-02,9.348775831887999876e-01,4.784164932835581821e-03,1.839959492181047346e-02,-2.522866690708659015e-02,3.744274107854052985e-02,3.405194548869817234e-02,5.907757625779633259e-02,1.687535042899883375e-02,2.948631089144792064e-02,-1.417199832631862132e-02,9.801329517667142777e-03,-3.968992797708993658e-03,3.828926202769682152e-02,1.426257117946145257e-02,-2.276369185331447026e-02,1.824496697341988424e-02,5.783316520474494210e-02,-2.372233367292735789e-02,-3.643686208008408561e-02,1.769172242478317218e-03,2.572686973198928806e-02,-6.373281885208249842e-02,-5.738881135092414182e-03,5.771738227223370543e-03,2.310562598101465470e-01,-1.181454744817766467e-01,-1.761425958824219817e-02,-4.922702557385880834e-02,-3.896392451253748862e-02,1.030971607386502696e-02,2.413771489912250323e-02,-4.020420278703994155e-02,-6.865552497978492236e-03,-4.044885604125874473e-02,-7.740246636447496373e-03,8.349791231217942866e-03,-1.833478826807866460e-02,2.011440783449056427e-02,-2.252600195343657311e-02,-4.078009226435686668e-02,-1.968792056579260139e-02,7.369166489205777361e-03,2.605836950866976046e-02,-3.825026145270045419e-02,-7.628365712228130438e-03,-1.038414038999720297e-02,-1.686773025883976651e-02,-1.990570015485334382e-02,1.067444559626236876e-02,-1.053199388324135150e-02,-1.837726330026891175e-02,7.887256523629802537e-04,-2.780050636306497652e-02,-3.442382101092757163e-02
0.000000000000000000e+00,-1.143111318874274508e-02,-8.772455110023878733e-02,2.098644463344640290e-02,1.149581513845804176e-01,-1.109253935062987223e-01,5.586610253887192706e-02,-4.258977862827037497e-02,-2.368749462089042926e-02,4.455842715174303248e-03,-5.525518292619682054e-02,-8.869409754554528902e-02,1.497759519634777881e-01,4.194640039627692274e-02,-3.284758598108691169e-02,5.808485710579232297e-02,2.021673163674923834e-02,-1.832907589699090192e-02,-2.655213739441377244e-02,1.019147808964680213e-01,4.997117143783005866e-02,5.677328638866290661e-02,2.317989024355853259e-02,5.156772411740701001e-02,-2.037317385695901553e-02,-7.391461284108853669e-02,-5.248530187709841109e-03,-1.284662305435866902e-01,9.299065918621032129e-03,4.076281816913386313e-01,3.522671232405113345e-02,3.901870625557657402e-01,-2.329314827913553376e-01,2.002811547950949789e-01,1.050754251241731024e-01,1.291592493163465881e-02,-1.123479998330710952e-02,1.692125524996151154e-01,2.614600547199569941e-02,-8.407546188205328175e-02,2.743677218830744557e-01,1.565864740058793558e-02,-2.229557803602295607e-01,6.660845826291105290e-03,6.185137025854418186e-02,3.872638235902789439e-02,-2.256686910611051602e-02,4.213333341730535198e-01,5.714403133947207336e-02,-2.870366361394307009e-01,-3.448971018726441212e-02,-3.023394791570569503e-03,3.962072517245083386e-02,1.153764488491344428e-02,2.502074600098439655e-02,6.008843238129142096e-03,2.740939983254528020e-02
1.000000000000000000e+00,-6.826230465539364842e-03,-8.547702533103126998e-02,-2.016687212621469383e-01,-3.354687206354305812e-02,-6.331828200683085883e-02,-1.759692400696554956e-02,-5.937713047716509408e-03,1.242708640908184300e-03,4.455842715174303248e-03,2.332850632368491800e-02,1.788885137021906449e-02,-1.538285728709224212e-02,-1.049843344246629007e-01,-7.472902053080331120e-02,4.082727838714601820e-02,-2.590846989905330744e-02,-1.832907589699090192e-02,-1.894360127602870772e-02,-3.670036589847771452e-02,6.003595963071350211e-02,1.219294307798583082e-01,-1.558772821208861958e-02,8.234076556660946400e-02,-1.332837641493478734e-02,1.454299583832853460e-01,-4.408345584188551602e-01,6.655980920885141705e-01,-1.090895683005488753e-01,1.625736779613699574e-03,-2.661383528136558319e-01,2.211488881214614677e-01,-1.176845597950637728e-01,-7.824424171535764028e-02,-4.800065465992186392e-02,-3.165971124498093842e-02,-6.096092822301241859e-02,-5.201832320311505775e-02,-7.172052077633267811e-03,1.389939985623179879e-02,-3.763639951524589550e-02,6.593642864060588957e-03,-2.391456998738048303e-02,1.217427475289943467e-01,8.393368312216531457e-02,-1.292941418343906794e-02,-6.608994262038650480e-02,-5.443831374649463206e-02,1.395345661582935715e-01,-1.375106222953974972e-02,-5.174728890591069608e-02,-3.023394791570569503e-03,2.538388411198863950e-02,1.744159181252914401e-02,-7.200209045670177832e-02,-1.703946872044370675e-02,-3.028732926527226074e-02
