1.000000000000000000e+00,0.000000000000000000e+00,-0.000000000000000000e+00,-0.000000000000000000e+00,-0.000000000000000000e+00,0.000000000000000000e+00,0.000000000000000000e+00,0.000000000000000000e+00,-0.000000000000000000e+00,-0.000000000000000000e+00,9.910312089651147627e-01,0.000000000000000000e+00,0.000000000000000000e+00,-0.000000000000000000e+00,0.000000000000000000e+00,-0.000000000000000000e+00,0.000000000000000000e+00,0.000000000000000000e+00,0.000000000000000000e+00,-0.000000000000000000e+00,0.000000000000000000e+00,0.000000000000000000e+00,-0.000000000000000000e+00,-0.000000000000000000e+00,0.000000000000000000e+00,0.000000000000000000e+00,0.000000000000000000e+00,-0.000000000000000000e+00,0.000000000000000000e+00,0.000000000000000000e+00,0.000000000000000000e+00,-0.000000000000000000e+00,0.000000000000000000e+00,0.000000000000000000e+00,0.000000000000000000e+00,0.000000000000000000e+00,0.000000000000000000e+00,0.000000000000000000e+00,-0.000000000000000000e+00,0.000000000000000000e+00,-0.000000000000000000e+00,0.000000000000000000e+00,0.000000000000000000e+00,-0.000000000000000000e+00,-0.000000000000000000e+00,0.000000000000000000e+00,-0.000000000000000000e+00,0.000000000000000000e+00,-0.000000000000000000e+00,0.000000000000000000e+00,0.000000000000000000e+00,-0.000000000000000000e+00,-0.000000000000000000e+00,0.000000000000000000e+00,0.000000000000000000e+00,0.000000000000000000e+00
0.000000000000000000e+00,3.755271068469522716e-03,-4.467404079030452141e-02,-5.064669626662643420e-02,1.017729399254692219e-01,5.683532689114825787e-02,1.223763187788031543e-03,-2.280418771350778070e-02,3.547463825959997624e-02,4.721769871012237822e-03,-1.801874925391117044e-02,-6.504998485303459255e-02,1.715396477441000767e-01,-3.858398917533749795e-03,-1.291177860544680126e-03,4.517142115125296481e-03,-5.769170387068823375e-02,-8.824893112440496123e-02,-3.285708221697517147e-03,-2.205743655151788316e-02,-7.023808815295436159e-02,-8.919125924695701924e-02,3.236751936540643165e-02,2.991830368027061926e-01,5.517938895264843172e-03,5.098842045395923783e-02,-2.184546066255216301e-02,2.540900721097427012e-02,8.572256564013771771e-03,8.177002977452806076e-02,1.361783950603533914e-03,-1.826296209773523374e-02,-4.150502283310112533e-02,-5.493126075521358870e-02,-4.980514292670198268e-02,6.789942659522451018e-01,-4.903256007294152369e-02,-2.469541321364592673e-02,-9.530470350183112629e-03,8.617209073036438682e-03,4.463467334549601762e-01,-6.496508419149404912e-02,-3.234004868352822765e-03,-1.034196438825781827e-01,7.312645540147709455e-02,8.515080933733167349e-04,-7.688282800553568330e-02,1.187707318333543899e-02,3.665900025287162356e-02,-4.488200694448644945e-02,-3.034161841057702591e-01,-1.925046310620242770e-02,-6.178293166968219091e-02,-4.743459525041478914e-02,-4.056783311700677859e-03,-5.823325353447496300e-02
1.000000000000000000e+00,3.433121302634068589e-02,-1.044837931128792113e-01,2.730529472336412633e-01,3.993252864742549146e-01,-1.689276561356251316e-01,7.076209162191687829e-02,-6.935821777149374368e-02,-5.560806783704772688e-02,7.824946948260125268e-02,-1.801874925391118779e-02,1.286233772492595961e-01,-3.174513752840277259e-01,9.766866156464243387e-02,4.005112504969141063e-02,-1.142548043390864687e-01,4.587375370126885177e-03,3.962775373174217547e-02,-2.369181095437681780e-03,5.633688473934373581e-02,7.872508345916059969e-02,2.738441931564127713e-02,-1.252960289956656370e-01,3.554847681663350634e-02,-7.520203838874332802e-02,4.004777595255439859e-01,-7.147445641459124199e-02,2.676631041520670731e-02,3.348999075434379736e-03,1.715279109394296508e-01,1.108671185664969194e-01,-4.211194998136039841e-02,4.021935696258805565e-02,-8.256611121690453359e-02,8.331322639204441494e-02,3.188406303715056456e-02,-1.436481469740182870e-01,-7.543726269691053421e-02,-6.326606977950952060e-02,-1.473290514308257526e-01,-2.012595257446675445e-01,-1.108214732114473633e-01,-7.283804166509251499e-02,-7.267538754238897503e-02,1.126498440891201963e-01,-4.123495661923741104e-03,-7.341230094771415693e-02,3.527541553898502213e-01,1.034773913750649393e-01,-7.289261511404988847e-02,-3.374045026465991720e-02,5.158413243730231718e-02,-3.954162728433266612e-03,-7.029058219250036710e-02,-5.738711040411380304e-02,-1.317510022969831975e-02
1.000000000000000000e+00,-6.536342679713573467e-02,-7.407388854869881301e-02,-7.053695747848456876e-02,9.966908567995591550e-02,-3.146121252064665308e-02,-5.593014571616690411e-02,-1.777865056072759631e-02,4.098709116440669986e-02,3.822180555018341030e-02,-1.801874925391118779e-02,-3.736185274403343304e-02,2.797119827619278798e-01,-1.598930432620520453e-02,1.699745933006084619e-02,7.053178383626441950e-02,-1.102391716271296646e-01,-1.208572226714617198e-01,1.949259604459308015e-02,-2.224511605519884083e-02,-4.301624188803591237e-02,-1.392313050262862228e-01,3.993419565084544570e-02,-1.031265722396737666e-01,-4.545314056785168533e-02,4.263523390059016649e-02,-4.156237806810156310e-02,8.802447057818806042e-02,2.163209673293959787e-03,-3.405865726595323512e-03,-8.593022009307750564e-02,9.563615093212443977e-03,-1.167654324069040406e-01,-1.031007860057835818e-01,-8.308723221304468998e-02,2.434057605916969402e-01,-1.370763607175405630e-01,-5.419621462419405705e-02,-4.600683690096931538e-02,-2.766255050136462446e-02,-2.196332782520672156e-01,1.153572829177307172e-03,-7.374904768594696403e-02,-1.077951822566981382e-01,-2.898922357935291433e-02,-6.700740799800615488e-02,-1.936658042664108903e-01,-6.140292963610747418e-02,1.854259630452616964e-02,-2.687136069752707815e-02,7.273542339701060122e-01,-1.150758186770201030e-01,-6.969391044653927558e-02,-8.342970740680009933e-02,-1.907223365955416786e-03,-1.916006775944638363e-02
1.000000000000000000e+00,-6.422531742047773995e-02,-5.951207833257229907e-02,-5.268230624587900979e-02,-9.329171889525356143e-02,-3.923913237439216606e-02,-1.610555220098629572e-02,-6.764953212064711563e-02,4.213059311417874375e-02,7.466750593557817776e-03,-1.801874925391118779e-02,-5.587279912599885795e-02,6.394991044661230140e-01,3.081410386260146489e-02,1.474438655532068002e-02,-3.525601420500605598e-02,-8.205713016558408013e-02,-7.177449628308334162e-02,-4.122682270464316651e-02,-5.101037015067820535e-02,-7.003488039256387798e-02,-3.346794620641663220e-02,2.542149342847744783e-02,-1.031265722396737666e-01,-3.671673773435314009e-02,1.923255077241540489e-01,-3.941436112379310963e-02,2.012274005274998848e-02,-1.815242480112005258e-02,2.980239517903884860e-02,-4.090632891513910907e-02,-8.008865806784674912e-02,-1.516983351342488483e-02,-7.451945943159479779e-02,-5.154979633365813774e-02,-2.387164323267384758e-01,-8.756221935049827987e-02,-4.221184176383327435e-02,1.714857211434358923e-03,-6.789579370787122981e-02,-3.444399128987331582e-01,-9.860903046256407067e-02,-1.251923237282152532e-02,-3.793286037340800471e-02,5.668926692429803078e-03,-1.772313730673766644e-02,-1.207594511924986597e-01,6.123863286769989922e-02,4.970428624780682397e-02,-5.677492477845995367e-02,-4.666668503744751395e-01,-3.430235807579544438e-02,-4.324449095667654702e-02,1.977316856498243999e-02,1.912202558719295481e-02,-3.848717960114456799e-02
1.000000000000000000e+00,9.792742513289061368e-02,7.312048520521166606e-02,-1.324600527453173859e-01,1.420528589715228385e-01,-5.705805159789547470e-02,7.905194706547723216e-02,-4.968991067900856845e-02,1.931798675882794719e-02,-6.291494459555450891e-02,-1.801874925391118779e-02,7.367343654475482645e-03,2.656458770413130943e-01,-3.763310682109792873e-03,-7.813333801787518407e-02,-7.351690915133494986e-02,-1.001677547908720461e-01,9.177833900269585787e-02,-1.362586003737568663e-01,-3.047013893426714880e-03,2.097666772339794317e-02,1.336262230446598198e-01,-2.503920351040244199e-02,3.554847681663350634e-02,5.539840113201788263e-02,2.653763697290256740e-01,1.696580103392318975e-02,6.112749647063488168e-02,3.927635562148281551e-02,1.045696854657928720e-01,7.305690400475393399e-03,1.481045428888306537e-01,-2.203072775265215236e-02,-1.077152322639901398e-02,5.580144953856919221e-02,-4.153616824697324850e-01,7.997927462772184970e-02,-3.969317201481900484e-04,-1.651985217204204881e-02,-3.058880713247242103e-02,5.531718453164247151e-01,-1.060396638537386763e-02,1.100760178300228542e-01,-1.454542620526121655e-01,-3.527517863629336253e-02,-1.753998168996263917e-03,1.254410375842780756e-01,3.581029858486073358e-02,1.353684533960154424e-01,3.086523283920976704e-02,2.289609578004640211e-01,8.807533417244356455e-02,-3.292145023016743860e-02,-9.871923025375775596e-02,-1.705078826889943333e-01,-2.543095802086596177e-02
1.000000000000000000e+00,5.387345752931503862e-01,7.756264840387323833e-02,-2.368427434448586166e-01,-2.903603391558889357e-01,3.237754396107931920e-01,9.629532934594707549e-02,6.535522382672910493e-04,4.777023999940871457e-02,1.282472536445480593e-01,-1.801874925391118779e-02,-7.828925866341328310e-02,-1.097690531357624760e-01,-1.311817266904801715e-01,-1.574720917501904252e-02,-1.057131895462094101e-01,-1.817852267833000579e-01,7.082450951796682992e-02,-3.898583615746298303e-02,6.738219820835190943e-02,1.422257805648871332e-01,-1.995609973189711728e-02,-1.277867096094185972e-01,3.554847681663350634e-02,-3.800819645058856749e-02,2.275987059977081090e-02,-2.781240885292601134e-02,-8.608336734794162001e-04,6.108092726435056935e-02,1.819111828606424230e-01,-5.373723461594454021e-02,3.214279852045053704e-02,7.037802230057739472e-02,-4.569985368481664645e-02,5.668781398906988511e-02,2.613211751168002112e-02,2.414313888421313822e-02,-2.227064951807334811e-02,-9.281281974994207151e-02,-1.615075132734326013e-01,-1.207498704540556633e-01,-8.804895154214513464e-02,5.085354237322620152e-02,-1.171746139588277918e-01,1.152012191219044662e-01,4.137311925380575406e-02,-9.015188662651368867e-02,3.167713835360513180e-02,3.681912370927722944e-02,-6.047276283986249834e-02,5.573202688778500918e-02,6.463992698980253193e-02,8.439526168548858176e-02,1.166620429941072762e-01,2.680642862041763830e-01,-1.591583293469296945e-01
1.000000000000000000e+00,6.380410437283355884e-01,4.757734272773055106e-02,1.493798205343322416e-01,2.531269418617242972e-01,2.262409538702869153e-03,-1.264387648044346668e-01,-7.304896473198126475e-03,1.612845645874458420e-04,-4.155332924602209849e-02,-1.801874925391118779e-02,-3.822439172709034272e-02,1.707624416166355491e-02,9.299022523184387323e-02,1.575084502430975919e-01,1.534024299325616458e-01,2.686870849609559464e-01,-1.489635868591464296e-01,-1.713745625204752404e-02,-2.161104915904469778e-02,-1.946616240496348293e-01,-8.485685818738954167e-02,5.322795418676030260e-02,-1.031265722396737666e-01,-9.166936268727905734e-02,8.689125156188523547e-02,2.953550133967545316e-02,-7.759503071009912767e-02,-1.087304269276476582e-01,-3.247728106906824785e-01,-6.822021284237034244e-02,-1.259307879468475055e-01,4.847592420351581194e-02,7.055050000105582420e-02,-3.976949768946669295e-02,-8.716789060261852240e-02,-4.037898528332491827e-02,-1.720459942732716421e-02,2.232989362875101649e-02,7.967534396567958754e-02,8.446440199150345718e-02,5.495027098794355927e-03,-6.878489542690839620e-02,-5.148552754887440047e-02,5.963816746794195316e-04,-3.548629110485276850e-02,-4.121520350985410225e-02,-1.704560076869406082e-01,-9.719495730821205159e-02,9.629943790358056963e-03,-4.197637845553283537e-02,-9.004901534292671095e-02,-2.292978573557655914e-02,2.210296788270666932e-02,-2.829831406830273129e-03,5.403323042562073464e-02
1.000000000000000000e+00,-2.598814860673200333e-01,3.307943299415378596e-02,-1.461055326248667831e-02,-2.931206039142144615e-01,6.972569793681195061e-02,-6.383434045439353999e-02,4.311424225088077156e-02,3.803381779415753589e-02,-1.163650767009043602e-01,-1.801874925391118779e-02,-9.331501053789430233e-02,-2.874180976187998282e-01,-5.534829388990614163e-02,3.313172348792405714e-02,1.213457440631284662e-01,8.139093159742585848e-02,-1.672383202864026128e-02,1.669393317340792798e-02,-1.441779672272995583e-02,-8.191678062051575837e-02,2.329331586782780461e-02,1.312470085744106285e-01,-1.031265722396737666e-01,-8.538510336944820159e-03,4.020686189680419687e-01,8.415069519762065353e-02,-4.705190899491930312e-02,-2.644463041061088666e-03,-1.038250401034337550e-01,4.787378583718943093e-02,-3.823352803136609301e-02,-5.295880143610384033e-02,1.049513079485166339e-01,-9.656976129461247726e-02,-2.933366221228515119e-02,-7.177122982954083769e-03,8.760707922427746989e-04,1.460646096077120037e-02,2.113748085439102475e-01,-1.383423295291062206e-02,-5.930765648288553737e-02,7.011775068391208621e-02,-5.184478300220060065e-01,7.685022248562542457e-02,-1.596282418292884267e-02,8.304688744485458698e-03,-8.240729000527184656e-02,-1.828608225179111091e-02,2.134745184137222876e-02,-2.575284912531889542e-02,-8.946937200155663517e-02,-5.605341319549790591e-02,-2.526768975246979423e-02,1.448743074357266777e-02,-3.002692617571161571e-01
0.000000000000000000e+00,-6.417053285637887294e-02,5.409448121685327474e-03,-7.805193004900731757e-02,-2.198975142143740902e-01,1.649633513624899628e-01,6.829086087929583590e-03,1.787172924932180218e-02,-1.516700526312807565e-02,2.430314704763486197e-02,-1.801874925391118779e-02,-3.268831225119427780e-02,-9.532078368817771541e-02,-2.509233958574436010e-03,-3.196403774108378965e-03,1.062027647283885108e-02,-4.838941136639771795e-02,-2.745300336087578078e-02,-1.308807793167753551e-02,-1.743229348896663602e-02,-3.112230412113025507e-02,-1.841991114578949915e-02,3.457663271738325300e-02,-1.031265722396737666e-01,-1.568328469526148947e-02,3.991262926936148259e-01,2.148962218955279696e-02,-3.163395992563539788e-02,4.354315547754612596e-03,1.260104591121479628e-02,-5.109343010106772104e-04,-8.691690667606016439e-05,-1.697872745711140677e-02,2.210505320981628191e-03,-2.273675483141759587e-02,6.566734364644204180e-02,6.265753842673323255e-03,1.325762295828601710e-03,-3.892003570520724196e-03,-3.460072440663629085e-03,5.391360437999349192e-02,2.412599286281112351e-02,4.257088434183148003e-04,1.560756719137361415e-01,3.753508505057306238e-02,8.803046539901084261e-04,-1.449185044649599352e-02,-4.543696813993206018e-02,-6.937746487273451466e-03,2.112350563069044854e-02,4.771631603813182750e-03,-2.064449034541197825e-02,6.929308379197850545e-03,-2.726241891544341212e-02,6.181286651082382871e-02,8.150857428216230494e-01
1.000000000000000000e+00,-5.417244258326930906e-02,-7.739843680253367941e-02,-8.459052127234379173e-03,-8.819426062220878104e-02,1.839686835459051484e-01,-3.649930799776192336e-02,-9.599077612038292573e-03,1.410351951140812084e-02,-1.656329334310845721e-03,-1.801874925391118779e-02,-4.746044941398083056e-02,-1.186038915385656950e-01,5.198854031853454918e-03,-6.755824027160990154e-03,2.482109823551945441e-02,-4.319867353639033486e-02,-4.754196967496113896e-02,-4.516981781255865439e-04,-5.144254772011107313e-02,-7.575683842530969714e-02,-6.163136732149840369e-02,5.030405334564341802e-02,-1.031265722396737666e-01,-1.611526967591694198e-02,2.783566332889528816e-01,-2.855405439831273581e-02,7.900782725854002195e-03,-2.951463413957523124e-02,-3.186057081477688263e-02,-3.735052331408617032e-02,3.101793991029675682e-03,-6.851133550605159606e-02,-2.987168011335740100e-02,-6.033439309237238757e-02,-4.958052821620966000e-02,-8.661453539549292258e-02,-3.903930246448317209e-02,3.374813889244561178e-03,2.829824751824925461e-02,1.417275533860860304e-01,-3.791768393855671215e-02,-5.461591687828890214e-03,7.554084088987411683e-01,1.596697440309464977e-02,-1.892320225440871639e-02,-4.456686965828943886e-02,2.573656826755940739e-03,-2.377101229829027551e-02,9.322966985471090387e-03,3.347743128176739608e-02,-4.201998105748235707e-02,-6.395121621158630920e-02,-5.544442744732144129e-02,-1.790933412156868465e-02,-4.169291788522133668e-01
0.000000000000000000e+00,-1.479974662222142134e-01,-3.993770506768766493e-02,3.129138494344339827e-02,3.384551097425140265e-01,6.995803895708634368e-01,-6.433118957616770772e-02,2.668856745140810519e-02,7.228701889465814767e-02,7.461418960748818219e-02,-1.801874925391118779e-02,-2.119867342704702742e-02,-3.635347138897401797e-02,-1.740470140428639458e-03,-5.692284393133555109e-02,-1.213373931070818763e-03,-1.677745816869682938e-02,9.090588284643359371e-03,3.459906603687643023e-02,-4.487954058615566816e-02,-2.839526533771775246e-02,-1.666380349525444296e-02,3.148760015147859109e-02,-2.418016212959810396e-01,-2.310005785945964951e-02,-2.693579673011630149e-01,8.028239784675246168e-03,-8.773229836238466417e-02,-1.050530921671537221e-01,6.923359441297095851e-02,-2.165908185396988456e-02,9.346434236159534281e-02,-1.159775616711450769e-01,-1.784328013311538286e-02,-3.304290068168742184e-02,-1.166602381329601978e-01,-5.590895055795969126e-02,-2.671718838775976809e-02,2.511269495998071782e-02,-2.758213700381272407e-02,2.374920723926239249e-02,1.147772415336842933e-01,-2.097700337103541781e-03,-1.480094384181258882e-01,9.285949763426414039e-02,6.310940623356772576e-03,-9.202198488126223010e-04,1.840917518232325911e-01,3.102119388313505019e-03,9.759124633497777423e-02,-9.366733004128958984e-02,-7.788776994445810453e-02,-6.013139517129623135e-02,-9.704559257034434117e-02,-1.074785042742778529e-01,4.303790650990792915e-02
0.000000000000000000e+00,-2.318347924959103176e-02,-3.705877291575712662e-01,2.110855855814246229e-01,-8.159441710969660144e-02,-1.025538891386865853e-01,6.317021960812609083e-02,-1.021095306511272255e-02,-4.336580294246301231e-02,1.000441584767562814e-01,-1.801874925391118779e-02,-2.483317712118292275e-02,8.205881694026080642e-02,-2.385771810061541598e-01,3.819959212998801090e-02,-7.158225425139108644e-02,7.441429790841095140e-03,1.315337892092656169e-01,1.408439631551580973e-01,2.777950354644428965e-02,2.682354121596302599e-01,4.900790806871891531e-02,-1.535049777757064304e-01,-2.418016212959810396e-01,-9.078843843113834633e-02,-6.563333662179662853e-02,-2.145678669133904357e-02,-2.230794043282651254e-02,6.142621615826931308e-02,-3.596452659608985747e-01,-8.133798430570364502e-02,1.091944973738076946e-01,7.392436520968222180e-02,3.884285396021266296e-02,7.873075296433383607e-02,8.092846325377664463e-02,1.754960250285878542e-01,-4.034861430453396541e-02,-6.951098596631181958e-02,-1.096739243191490742e-01,8.764551629585834447e-02,-2.478998239943697168e-02,1.766957804725663994e-01,6.055602734220887420e-03,3.215706853606065674e-01,7.320256349673824603e-02,-5.785847891083396172e-02,-1.701811207995466702e-01,1.789985567119809218e-01,6.405157478635817303e-02,-3.645915384875245135e-02,-1.253521467948400803e-01,6.638463396242359760e-02,-1.275862181777422943e-01,-1.110793764793720495e-01,-3.777133229265238097e-03
0.000000000000000000e+00,1.294174234392097243e-02,-3.370963045842145789e-02,-1.778761196173789250e-01,-1.689807878940265129e-01,-5.498146075625046786e-02,-8.468674344936548762e-03,-3.913705317033862319e-02,5.494630708831806792e-02,6.650470518024131916e-02,-1.801874925391118779e-02,-2.721840903417049873e-02,8.552270669890972565e-02,-8.123267763281417919e-02,2.161827389612730119e-02,-4.516277349133236002e-02,3.273502634199839112e-01,7.395875237634362553e-02,-1.456812316717698841e-01,3.484003832938003392e-02,2.145338858356468301e-02,-4.790189902973467778e-02,1.677565365308095538e-02,-1.031265722396737666e-01,-3.335911113144449797e-02,-6.322235641067371070e-02,-1.934849569031142635e-02,5.103881081147781940e-02,-4.786867502444618061e-02,-3.401023151779917209e-01,1.453637013311117610e-01,-6.412259645233851779e-02,-7.259166507424982817e-02,4.845453040797392807e-02,-5.270830037224406156e-02,1.174847547398539527e-01,1.156739442493167069e-01,5.997799541842353116e-02,3.525567573011956918e-02,2.122656567428483562e-02,4.934374788291374936e-02,1.259387691852325436e-02,2.041405620433490650e-02,2.152765961338011166e-02,-1.312449526133594724e-01,4.854191242305683912e-02,4.189529192786995565e-02,6.993873485579662486e-01,-2.152457624326691021e-02,3.247878537003868332e-02,9.006791995764477921e-02,1.246888996398254207e-01,-1.225814088277912481e-02,9.160338028126426002e-02,2.082727560043401427e-02,9.298363791777874629e-03
0.000000000000000000e+00,4.843318346826231552e-02,-4.864356266633546033e-01,-7.028089763937377110e-02,-8.422211393370934718e-02,-4.558609519877655780e-02,-2.236357166185891712e-02,2.100314884141320226e-02,-9.771811623715364117e-03,3.514546733762955680e-03,-1.801874925391118779e-02,-1.036761232631618901e-01,-5.473456497029062680e-03,6.352386279405665415e-02,-3.831548391564926215e-02,2.850421279669661939e-02,5.550474187936463855e-01,5.284454404158183544e-02,-1.683222800207007375e-01,-4.045114830421488866e-02,-5.323573686166815921e-02,-6.261686367453371364e-03,-2.736137755472475494e-02,-1.031265722396737666e-01,6.864137568863301619e-02,-7.320863157243802377e-02,-8.181250747196141052e-03,-1.903962093803187802e-02,-6.359726603662155427e-03,4.975546449135627158e-01,1.030461445191907348e-02,4.215387966040748391e-02,-4.536645493198285251e-02,1.213361998520607124e-02,1.875276451728666999e-02,1.606241905296390202e-02,-4.549827911691039367e-02,3.666036209452833844e-02,1.362549621195408012e-01,-2.304841147501663842e-03,-1.401921949103809330e-02,-1.182705662919371521e-02,-2.881613847847867144e-02,-2.790717998504682867e-03,-4.824003934958021045e-02,3.755946446730801247e-02,9.611508577101071649e-02,-1.881124175320126046e-01,1.194016567391671946e-01,-2.843570244967302471e-02,2.480362720871186893e-02,6.646294595488655421e-02,1.834481092871787997e-02,-1.059599442351062334e-02,2.518546538836821669e-02,2.095300184973140944e-04
0.000000000000000000e+00,-6.226867100865275629e-04,6.377428213459001016e-01,2.165526657055453497e-01,-5.525867139349976281e-02,-1.301650991347725328e-01,-5.557447901690163589e-02,-1.905355115240688155e-03,3.977226101990479802e-03,4.896747686176909642e-02,-1.801874925391118779e-02,1.748796009980528934e-02,1.001714021626151224e-01,-1.629236641742964897e-01,-2.724123129258674766e-02,-6.781467116192445299e-02,3.435745849511537831e-01,4.969911553663022147e-02,2.508432342128906201e-01,-3.986657949537061874e-02,1.433238246405630356e-01,-7.425119164568058650e-02,-4.310380367932223344e-02,-2.418016212959810396e-01,1.128576497903044096e-01,4.519381513797548176e-03,3.961432566956316070e-02,-5.752537939184304561e-02,2.620658857347459361e-02,2.965487091962632493e-01,-2.896603829629543561e-02,7.032071451315827226e-02,-7.741345012038507167e-02,-4.275039172454411091e-02,-1.902290185021050187e-03,9.573104924653967618e-02,4.535270168605427116e-02,-4.600033888679624233e-02,-2.977391354155932077e-02,-1.050058624727875575e-02,3.953319220262038747e-02,6.464135525895860213e-02,6.101941285131743525e-02,6.688676597786817613e-02,-4.740525940384699571e-03,3.153030138025889745e-02,-1.028944003664721968e-01,1.195208381391466360e-02,5.997888377098738871e-02,6.708106687552667369e-02,-2.192230132010359461e-02,-1.314225480514711886e-01,-2.740650389969897030e-02,-4.037010311474674429e-02,1.760218421284853729e-02,-2.533060906298090220e-02
0.000000000000000000e+00,-2.298367590906240376e-02,7.206503499638956811e-02,2.859207405084279729e-01,-1.070966676653937882e-01,-7.099889071317339040e-02,3.796701567986207615e-02,4.330384561989984726e-02,-1.674334839140333431e-01,1.872435965569232280e-02,-1.801874925391118779e-02,1.608356540229263429e-02,9.752373185304986924e-02,-7.600425477557336273e-02,1.592598630879157595e-01,6.641518997839317151e-02,-2.129671501604125106e-01,1.313098746403097150e-01,-4.147117800947416888e-01,9.835810173567939574e-02,6.141793073642845546e-02,-7.278511854118563384e-02,3.295663189284102346e-02,-2.418016212959810396e-01,-1.217523579455076499e-01,-7.833706895954224703e-02,-3.939145657384893195e-02,-2.820405309117552869e-02,8.467921484954621381e-03,1.613502339590941470e-01,-1.161611897391164328e-01,-7.954430770115347715e-02,1.335416766919727549e-01,1.421028049291587214e-01,-5.377620929810329048e-02,9.973961873322757798e-02,-2.971606778414109251e-01,1.648604615200618614e-02,-2.187818703895988166e-03,5.454156480415255082e-02,7.562251465001974815e-02,9.613432711065421354e-02,2.345818425307362454e-02,-1.853422871414267536e-02,1.080452700211429751e-01,1.865628100266109035e-02,2.258315619741315672e-01,2.388014785795007297e-02,-3.807367708613308976e-01,7.675238149911707553e-02,1.538204655478416991e-02,2.028191357161541475e-01,4.346143706852152733e-02,4.954339834499433409e-03,-4.733519688997118308e-02,-2.124979855545398519e-02
0.000000000000000000e+00,2.110133984897491835e-03,-3.093457843967387447e-02,6.686229703446210267e-03,1.752706071693507783e-02,1.215322180254900172e-02,5.378038218187002062e-02,-6.411194481950766022e-02,4.516564593225940415e-03,-3.438555453534364315e-02,-1.801874925391118779e-02,-7.090773912219640318e-02,4.966892334111078916e-02,3.639354796029613259e-02,4.370086507415026772e-02,7.662350398705006227e-02,2.641705137255589975e-02,-8.065763092821177926e-02,5.005802568245132367e-01,6.423997987147847706e-03,-5.366873957113266203e-02,6.315918045098420364e-02,9.809070757016478959e-02,3.554847681663350634e-02,2.527809067883364513e-02,-3.387603741427802628e-02,1.192013918187795514e-02,-6.317969289787599141e-02,6.516521271479318311e-02,1.508620256653227590e-02,-4.392768428963145233e-02,-4.648476435855830591e-02,-9.344903284571788593e-02,1.730732755443545878e-01,-1.079551141183291013e-01,-1.974920238251736890e-02,1.930816080042992849e-02,-1.495603918502559637e-02,-9.014868643321723163e-02,-8.546181895952029497e-03,-5.057666868794600395e-02,-2.751000125717137368e-02,6.108083613091330050e-02,1.745735211672167983e-02,1.409347748757185104e-01,-4.523799251986959299e-03,1.082823593199923155e-02,-2.109677395098545280e-02,-6.997421154125540999e-02,-1.966355986943785217e-02,4.548212499185097513e-02,7.504080530763453938e-01,-4.919591077864375606e-02,-6.726696133991393045e-02,-2.403919172669481685e-02,1.325896567523736358e-02
0.000000000000000000e+00,-8.800939033645181764e-02,6.765255037558630391e-02,3.221706141858194372e-01,-1.176669794171565087e-01,1.104644425929015156e-01,1.945126654138679967e-01,-3.809805506718782347e-02,-2.186323647261012235e-02,4.971276229374173988e-02,-1.801874925391118779e-02,6.538804349043635111e-02,1.702415418241237958e-03,2.518926444628437622e-01,-2.002994831732691355e-02,-5.539720320207272564e-02,-9.431310511377948708e-03,7.283874914294647882e-03,-2.325505223471631966e-01,-4.326551556643499358e-02,-1.770813794047136069e-01,-2.888970028937580259e-01,1.142122494598734814e-02,3.554847681663350634e-02,9.377496652157425727e-02,-1.800854469695867613e-02,-1.251342904858410710e-01,1.407072787467542885e-01,-9.731922132374309919e-02,-1.082997152069175087e-02,2.385759313110984159e-02,-4.514393107889484724e-02,-2.183839241690307617e-02,-6.580621889380840195e-02,3.516303492672558095e-02,-1.139401543961246488e-02,6.206851604468681671e-01,-2.954238346948469263e-02,-4.368233284046931647e-02,-1.004383312984546694e-01,-1.878130957453549160e-02,2.933916642855226992e-02,-1.824952754424105095e-01,-3.894013408895558720e-02,7.519692580897614775e-02,-5.477182234454846393e-02,-6.165111494429304645e-02,-1.133020710934030256e-01,5.435084886165189588e-03,-2.649946137990745118e-02,4.798923261572815568e-02,1.366817429348827218e-01,-6.273109766446130497e-02,6.075377962757590872e-02,-1.356694164699224006e-02,-4.466718098890711669e-02
1.000000000000000000e+00,-3.785160637572500264e-02,4.080217867516606860e-03,-2.371409327877398443e-01,4.332760555341519382e-02,-1.775511484444565816e-02,6.232596880853152194e-02,-4.431730116198718400e-02,-3.196915843556650400e-02,-1.739739420010408544e-01,-1.801874925391118779e-02,-1.263315963089691185e-01,-1.946552484531331034e-02,3.107256723671803500e-01,7.701882805287579847e-02,6.412765185032329174e-02,-4.393662052198121781e-02,5.547549980872629877e-02,7.564786128712551461e-02,4.445016660411007549e-03,5.701379053420697618e-01,-3.354519111049966140e-01,4.279267939797326559e-02,-1.031265722396737666e-01,1.212134463710160259e-01,-5.848611902189241457e-02,1.561077534402446065e-01,-1.469782313666374018e-01,3.430473554486426074e-02,-3.239326838831951827e-02,6.789699034273494194e-02,-2.724631377461503301e-01,1.330777524841397219e-01,-9.192078938246520114e-02,8.193564627523020061e-02,-3.291112904939292455e-02,-1.350335556794428175e-02,-3.795779422189511643e-02,-3.511538955737067425e-02,9.193003782512734756e-02,5.930584734616579923e-02,-4.915227285233129961e-02,-2.528756501771635690e-01,3.489063114168185036e-03,-2.860692598184854697e-03,-1.394931036124773815e-01,9.998689864325814580e-02,-2.388634835018928204e-02,5.692295031424219470e-02,-8.808673280044766393e-03,-2.616473051458535065e-02,-2.252454659743798049e-02,-6.770030397848738127e-03,-7.031559379541151011e-02,-3.432316150605810995e-02,-6.564292931315527518e-03
1.000000000000000000e+00,-3.676851543507635850e-02,-1.488917490024506927e-02,-1.638360534491764831e-01,3.733192260834358733e-02,-5.510745360526741327e-02,-3.185807909957986961e-02,3.033031075088205020e-02,3.438816469793332109e-02,-1.517176692296811624e-01,-1.801874925391118779e-02,5.552307166007856010e-01,-1.986121021776478951e-02,-2.566293230485370280e-01,1.386939909167390073e-01,-6.145421107137461619e-02,-5.196674295078721612e-02,8.749792663910288537e-02,1.123421415187947497e-01,4.385076247524132692e-02,-2.348764877090344372e-01,-1.754370664667745106e-01,2.466599399325278275e-02,-1.031265722396737666e-01,2.784862722607536409e-02,-5.894218453225218840e-02,-1.936780294722009396e-02,1.278177423735574322e-03,1.597698699224496532e-01,-2.195382919249548592e-02,-8.971273169836761763e-02,-2.316914037602125012e-02,-9.229608333819264154e-02,2.472799543158869795e-02,-2.043664276679924702e-02,-3.258173630016599626e-02,-4.580009107155572079e-02,-1.310835957063028780e-02,5.402008649141142732e-02,-3.264644674630585303e-02,5.804355805113226019e-02,-9.720364530937496139e-02,-3.815982535346050253e-01,-5.251067946526389273e-03,1.514392989880584406e-01,9.625282856632211281e-02,2.692734313728619155e-01,-2.877067594962602615e-02,1.908662474764104555e-01,-1.284386519642377426e-02,-2.613870449887189390e-02,-2.960553950833856932e-02,-2.228655337282259286e-02,1.255061469438072952e-01,1.694630443696303890e-01,4.631525550192224622e-04
1.000000000000000000e+00,-1.506490327348503633e-01,1.790255004144131884e-02,5.991996935994077511e-02,2.174588167793168048e-01,-9.259364195639822881e-02,4.371470487759347018e-02,1.931933915032299151e-02,-1.442089841042388382e-02,8.253786267696355816e-02,-1.801874925391118779e-02,-5.079784582614257360e-01,-2.307471103070115465e-02,-1.451786839109196203e-01,-4.270523641109963409e-02,-4.006391151293615255e-02,-5.391887448456669091e-02,-3.273563501712233037e-02,4.121115852385811087e-03,4.279972992090837376e-03,7.282907184211769892e-03,2.975560469023820764e-01,3.316929349339312830e-03,-1.031265722396737666e-01,5.134121411263729146e-02,-2.338113019519508923e-02,-7.376052856189754814e-02,7.806310775414752878e-02,4.068992286476004472e-02,-3.154957880288673799e-02,-1.413348648103098133e-02,3.809199227373569197e-02,1.075092623917063561e-01,8.521483615697762748e-02,-4.895156737857599138e-02,-4.600401184394178195e-02,3.399689172108961988e-02,-4.024353030061383549e-03,-3.863223551273442524e-02,4.287590218310727286e-02,1.058892996022786359e-01,6.289702133587456515e-03,-4.236162765235890193e-01,1.849210668438339492e-02,1.388683583377402393e-02,-1.175636310717689814e-02,-2.093856479214354152e-02,-2.647208234186975914e-02,3.423194213191801949e-02,-4.914560223307149790e-03,4.091626966563535923e-03,-1.435340847100806741e-02,-4.254837802764669524e-02,3.922488774688625557e-01,3.273655233380473595e-01,9.315616364021088100e-03
0.000000000000000000e+00,-1.493370219870608917e-01,-6.747803017716007268e-02,3.376619913092666903e-02,2.255991045704830167e-01,-7.270397360188837754e-02,-2.796772543320814527e-02,-4.077806526118831626e-02,3.486538436847144012e-02,-7.250979025663710498e-02,-1.801874925391118779e-02,1.780484698035798841e-01,-1.551433622753178344e-02,1.528492343132287490e-01,-1.039482790176009946e-01,1.577626510240904070e-02,-4.242190318815022149e-02,-7.380072761444311791e-03,-5.788764291269438145e-02,-3.472885923397468072e-02,3.902287644353524820e-02,-1.274783633712681663e-01,-1.975405442529837644e-02,-1.031265722396737666e-01,-1.765812174918907074e-02,-3.944677193870182313e-02,5.115050381913476690e-02,-8.635276746968550965e-02,2.305686236221114044e-02,-3.491526762798524003e-02,-4.650657070046303708e-03,-8.032496957854878827e-02,-1.825371524466989567e-02,2.348298977853809436e-02,-9.142488389871342505e-03,-4.486950173220596166e-02,3.316435723449608769e-02,1.146013696783083034e-02,-4.759629337359076034e-03,-2.700872410466214138e-02,1.036384819450946460e-01,-1.329672891770897029e-02,5.248131263358626342e-01,5.178289194473840659e-03,-1.104571083818218780e-01,-1.472845246558651504e-02,-9.286448875186771590e-02,-4.888002735356577338e-02,-3.810545276456635960e-02,-2.816303638694107533e-02,4.102613514371103616e-03,2.360650099512795475e-02,-4.116400773587900429e-03,1.235860213182190942e-01,6.588688977009169445e-01,1.645617768922311066e-03
0.000000000000000000e+00,-1.070617522928366157e-02,-2.490024980797549484e-02,2.419558778580023408e-03,-4.559879623399255844e-02,6.591801948125208810e-02,3.619236576271244333e-03,-3.438524226371296455e-02,2.421742573807625365e-02,-6.429398460399010640e-02,-1.801874925391118779e-02,1.852028733243386849e-01,5.198141727311995225e-02,2.033979301324552180e-01,-3.760658826375493091e-02,2.749965291011174928e-02,-4.978919245871302190e-02,6.059515140203956124e-02,1.102623673112414493e-01,-7.177906505713546950e-03,-3.569990695718239238e-02,2.065205326417413612e-01,-6.989833588542489207e-02,-1.031265722396737666e-01,4.553349382142244869e-03,2.060624895399046710e-02,8.496042614657130232e-02,-1.690676146845199734e-01,-1.187660228954421065e-03,5.226186047857287603e-02,5.151263063537718512e-02,-1.461309529231148152e-01,3.635886408869659636e-02,1.610687319509671728e-02,6.944248071985933968e-02,1.307275053507703788e-01,-1.041633003538432189e-02,5.077559602434455338e-03,8.113098224538444706e-04,-4.328723826285182930e-02,1.224531887342075048e-02,-3.514365134848541385e-03,1.566663156122607981e-01,1.928871777672017812e-02,-2.091785847907989826e-02,-2.624474733809043295e-02,-5.643014356693148992e-02,-3.654405061833543994e-02,1.507110529081209620e-02,-2.955554951849302669e-02,7.705447769111062328e-02,-6.461177902831370667e-02,4.650697929871266956e-02,7.193091613971998033e-01,-4.000359489336031138e-01,-1.905522779139552300e-02
1.000000000000000000e+00,5.222260731959894875e-02,-3.597855258094384556e-02,9.809049957540157128e-02,-1.829928630670205336e-01,3.632771112871062413e-02,-3.014966019730963565e-02,-3.123993684269357057e-02,-3.080791562452174070e-03,-5.021517658192658357e-02,-1.801874925391118779e-02,2.814242693460648481e-01,8.223722668392177693e-02,2.149210077095446425e-01,-3.927872592041121297e-02,2.976051580112431053e-02,-6.179686699166078712e-02,-1.351436757125915045e-02,3.359368099039521105e-02,-5.840380894211719132e-02,1.380014761562359249e-02,6.317946658708980534e-01,-2.425069297662402548e-02,-1.031265722396737666e-01,-8.336182818401058001e-03,-8.509439972258427132e-02,7.608898964825434874e-02,-1.302041318034707351e-01,-5.427940292631426578e-02,4.272237714355709565e-02,2.806660882465430995e-02,-1.858248220168083331e-01,4.280705523019341652e-02,-2.684863736039773841e-03,3.163276718271138682e-02,9.596976185251521185e-02,1.184461582993457246e-01,-4.712732480150071471e-03,2.788070537283993903e-03,1.711596131285405067e-02,6.568505462883263146e-02,-2.542700389265105387e-02,-2.517706476608651545e-01,-2.897099004199780916e-03,-1.031125361621010317e-01,-4.197124044179134650e-02,-8.581410080473267366e-02,6.669032000395488935e-02,-9.335761559291780309e-02,-3.468240912490083705e-02,4.149627656728294145e-02,-8.162282119985998785e-02,3.489846880984025929e-02,-3.601854124706527771e-01,1.875649799736180401e-01,-4.131705123013708347e-02
0.000000000000000000e+00,-7.990613621412694448e-03,7.439494272836937039e-02,2.189962140400484036e-01,-6.788352316953834287e-02,1.641526238087531175e-01,-1.378365457722091902e-01,6.345535018364389934e-02,-3.095599628087573538e-02,-2.143036038444635361e-01,-1.801874925391118779e-02,-6.473221730832272314e-02,1.679573434281052546e-01,2.272476531142700873e-01,-5.662217245001281837e-04,4.132819823025572076e-02,3.180362272101876914e-02,9.617436171668186651e-02,1.213550165046314300e-01,6.214946912114929084e-02,2.119568876326016760e-02,-5.525898856075158252e-03,-5.358031732770979216e-02,1.742235258729407654e-01,-1.638973770740076441e-01,6.066328967596545940e-02,-2.584248629471384492e-02,-7.785924363277081650e-03,-8.182943449738241948e-02,-9.921974698794078229e-02,4.739107477816150576e-02,4.837478862725277384e-01,1.582244659325122149e-01,8.935428266844719358e-02,1.492790511013328547e-01,1.216877772573677075e-01,-4.896302515203879852e-02,2.782565398498657114e-03,2.688178392468044964e-02,5.253372846538471863e-02,-1.518712280314339635e-01,-7.156930769930644476e-02,3.452562551449667779e-03,4.350663471416860162e-02,-1.039448170795276016e-01,-1.128114932614358024e-01,4.388192230771628122e-01,4.069576244589551139e-02,1.777708096322631603e-01,-8.619008256152735359e-02,6.414623584275910839e-02,-2.139359546485448960e-02,9.081916550982865877e-02,2.006394107036471933e-02,1.340786147485424906e-01,-1.872652419144371638e-02
1.000000000000000000e+00,-1.021722791414465814e-02,2.992663053585454744e-02,3.770284510421093721e-02,4.058036748737109400e-02,3.811013544221632937e-02,4.496541160051276825e-02,-3.879051191864790749e-02,5.440394064729038581e-02,2.222877708161048460e-01,-1.801874925391118779e-02,-8.388761571384857618e-02,5.843462838589862270e-03,-1.039520924568485410e-01,-1.059509088803880922e-01,-8.769457666747858260e-02,4.460628866868975029e-02,-1.228572427369062220e-01,9.122625746509589739e-02,-1.211233720078062209e-01,7.289040274703371958e-02,1.059291893641183535e-01,-3.541086824641941772e-02,1.742235258729407654e-01,-4.181597991336213904e-02,3.266140586977769877e-02,-8.214782943540591131e-02,8.384290443118563863e-02,-2.552213213570811434e-02,-2.637326544897233838e-02,-4.071563805917148560e-02,-4.435911962368192518e-01,-1.422063645264897702e-01,-1.277086735037312459e-01,-8.879489152917989514e-02,3.979524991854303459e-03,6.604567965762848936e-02,-8.634218147879461902e-02,-1.345890788695777891e-02,-1.164468866633499577e-01,-9.798220465799493961e-02,1.680090223828594256e-02,1.557859446288724636e-01,3.347545129687850684e-03,-3.559841328652468828e-02,5.272906560220185640e-02,6.480331128662368823e-01,-9.064180350355909022e-02,-9.429520907408082964e-02,-3.897076906794582490e-02,5.058237170749609740e-02,-1.575288026493452120e-01,-6.630325278462002869e-02,-1.829876926723215599e-02,-1.057008287879676947e-02,-5.031994512001447886e-03
1.000000000000000000e+00,5.979854561742908858e-03,-1.740953654588393018e-01,3.443753381623800292e-01,-3.424126007154079665e-01,-5.037757966728326209e-02,-9.710413705070906898e-02,-8.571270104196664075e-03,6.360532293350884547e-02,4.465078990440689288e-02,-1.801874925391118779e-02,1.464244495556230388e-02,-8.590549754655216197e-02,1.336364294449019462e-02,-9.173097544520697477e-02,-7.889221678027198703e-02,-4.760473934909546789e-02,-7.557945263998415431e-02,2.622244849639924769e-01,-6.783774811308068697e-02,3.656548427574901616e-02,-1.974647014677495538e-01,-5.127093621531624013e-02,1.742235258729407654e-01,-5.111583097558864558e-02,-2.092319055635125657e-01,-5.637555706145343237e-02,1.110071265612733726e-01,-9.262463136251625206e-02,2.056689830349348047e-02,-5.393901497082317920e-02,9.490475169009677733e-03,-1.852204926331856016e-02,-1.853511603675614960e-01,-3.874297264993456502e-02,-2.803169215781768364e-01,-2.916010236479572582e-01,-7.339463483642197361e-02,-2.856374118706828721e-03,3.293184928620583596e-02,2.764570129839284962e-01,-1.378276706478653302e-01,-9.386096244872409178e-02,-1.038368868752806984e-01,-1.410790119676192111e-01,9.238914314848767698e-03,-1.423271716655785946e-01,1.266003323367433653e-01,-1.250448807254050110e-01,-1.340827716098140776e-01,3.313128262730514334e-02,-8.028698226119350412e-02,-9.710423746215680885e-02,9.882374565160928492e-02,5.527182602942454052e-03,9.291015182649800530e-02
1.000000000000000000e+00,-6.621986486659260651e-02,1.106664797787905719e-01,1.011951058551388422e-01,-4.468620562890173245e-03,1.212572519351727413e-01,-1.346928425997266383e-03,-1.134049889892966567e-01,-3.715578471588818626e-02,-2.575722379452277666e-01,-1.801874925391118779e-02,-1.005264110572002823e-01,-3.003255648720012244e-02,-1.379060868717193744e-01,2.437980234716623229e-01,1.685632975370735254e-01,4.714590776464547967e-02,-6.974287815567112303e-02,-1.351860774545415034e-01,9.863850476320781824e-02,-7.562817798226206811e-02,8.879929099369657242e-02,3.429123347578261205e-02,1.742235258729407654e-01,-1.372442980825367698e-01,-2.407995680943088024e-01,8.575439018203581676e-02,2.585999845146569331e-01,2.261033088556343995e-01,1.269465500992249807e-01,4.731750405581373886e-02,-2.816830009620558406e-01,1.469897401593515396e-01,1.306606940610387790e-01,-4.595962837821322700e-02,-1.035609732867604493e-01,4.695160422709769577e-02,-1.077901552321162103e-02,-6.799447428163968299e-02,1.117136618931494491e-01,-3.142377709938889985e-02,-2.667901794568011131e-01,1.889546659455616506e-01,1.114237088666665959e-01,1.057440184854308851e-01,-5.804136757577051803e-02,-1.113269132637817044e-01,8.060202569089890134e-02,3.038412366594269720e-01,-1.072710290364221747e-01,6.568347013675372714e-02,-1.067145100886496556e-01,6.501058035569029156e-03,-5.962815555496147474e-02,-6.672751213759058053e-02,9.705306186239429089e-02
1.000000000000000000e+00,-6.425145286667320252e-03,8.233883950819760600e-02,-1.319035131432469699e-01,-5.342530273486702924e-02,-2.539790207913462106e-01,-2.922644554676939732e-02,-2.880405751375482090e-02,1.484044761642035019e-02,5.970295399289969607e-02,-1.801874925391118779e-02,-9.156376387138515094e-02,-5.383825064328364579e-02,1.664507946882676503e-01,6.304309203842994695e-03,2.365724779596160149e-02,-4.152843847681425560e-02,-1.147287505738790875e-01,-1.222165565471453330e-01,-1.033984667390448475e-01,-9.975953906322120035e-02,3.255433476815459276e-02,6.466659785476472355e-02,1.742235258729407654e-01,-3.562300346315284277e-02,-1.893287287274634245e-01,-6.360377705634916168e-02,-4.932628092346807991e-01,-7.930198743278427109e-02,5.529515336113385859e-02,5.338563254033318328e-02,1.993606738747913665e-01,-8.430979220076531555e-02,-4.653738176599702542e-02,-1.333077751917667864e-01,-1.062967157160908671e-01,4.734750567526083143e-02,-5.157505942698195622e-02,-3.946972596280654173e-03,4.351218618829552631e-02,-3.522066549937016844e-02,-8.096964262526722134e-02,5.533695444523997059e-02,6.180125741614127949e-02,5.436203508891800373e-01,3.353707613409436655e-02,5.080259958680205523e-02,1.263775598125447819e-01,-3.890968974390376228e-02,-6.238582444773291963e-02,6.617666379588171832e-02,-1.609603009878495528e-01,-9.881568793221029434e-02,-6.305425974936345983e-03,3.269282237154566475e-03,4.658069157570601804e-02
0.000000000000000000e+00,5.163950863312784939e-02,-8.967502464030105425e-02,3.134894731082190494e-02,-3.410696534747224840e-02,2.708109403874708193e-02,1.433030918335389571e-02,-1.832989633514073846e-01,-1.841614139809693088e-02,-3.653715718597259077e-01,-1.801874925391118779e-02,2.872090100464635629e-03,-2.155312908120823878e-02,-1.381281555681714845e-01,-2.889290347017137855e-02,-2.550330114237547765e-03,9.434214531945893378e-03,1.587483097282331099e-02,2.654419368422409817e-02,-1.237919604827155545e-02,4.698230686076300400e-02,-2.597753015843640590e-03,-4.172590844130390914e-03,1.742235258729407654e-01,1.008063633215995347e-01,3.227680250365849018e-02,-4.742036999077051118e-01,-1.800364790806804338e-01,2.501467696749658520e-01,2.942887299185478842e-03,-1.303353478333704914e-02,-3.342932359782752744e-02,4.414830703700099029e-02,5.138858070760417979e-02,-4.670118185062518273e-02,-3.497290655904766038e-02,7.771074965689741057e-03,-2.746428897257521470e-02,-3.799246976318906149e-02,2.084779757833914692e-03,-5.675497005175751675e-02,6.002466244829892661e-01,1.187080797289339490e-02,-9.633986165784015621e-03,-8.261150514013776425e-02,-1.000514780160404876e-01,-7.690431211335861661e-02,5.380272978669290579e-02,-2.469937047551175671e-02,-4.876146424828178838e-02,-2.086724797610216633e-02,-9.637270691755299434e-02,-3.149699921043570133e-02,-2.012249512778582425e-02,-1.565962578643132971e-02,-7.324611230976431527e-03
0.000000000000000000e+00,-2.879218349538866396e-03,-5.646283454592754963e-02,-1.377765739061310177e-03,-4.768087335280598443e-02,-8.626265881776379318e-02,4.649413211744926611e-02,8.800150244208904127e-02,-3.155413142059104725e-02,1.365049559802950230e-01,-1.801874925391118779e-02,1.049425897481410727e-02,1.037652043532946364e-02,1.161519929370869939e-02,6.022437768703452210e-02,-5.387675531019926745e-02,-4.408632012171213865e-02,4.595944780163122717e-03,4.701845118610755575e-02,9.986472405610064343e-03,-8.186855523847458294e-02,-5.335162632938258293e-02,1.421650175134485904e-02,1.742235258729407654e-01,-2.144746141215278235e-01,1.775908789692201692e-03,6.246511025347928348e-01,9.442893399908336427e-02,-1.012285567023818167e-01,5.879743475403084729e-02,1.203793160563266726e-02,-2.069533067703560603e-02,5.194839059283535426e-02,7.030885604578875070e-02,-4.240860208084603483e-02,-5.393417346736666118e-02,-1.044802834903629969e-02,-2.356621564634892030e-02,-5.170051676886277398e-02,-3.028217756996342061e-02,-1.968591938509979891e-02,6.062715050015500262e-01,-4.549088794903549671e-02,2.699034556872717192e-02,6.431306729015627555e-02,1.928457857782256857e-03,-2.329972574392617096e-02,4.417662965970826222e-02,1.570664554938940582e-01,-4.272297619963480453e-02,-1.202660462892636561e-02,-3.623390377514743022e-02,-4.407506749924628570e-02,7.123501245553144623e-03,5.231639096983319026e-02,-4.527616954461512883e-02
1.000000000000000000e+00,-1.585803831783390641e-02,5.690184551217268571e-02,-6.980345990869878114e-02,5.998202868881915423e-03,9.512038679403563360e-03,-2.314530213877505072e-01,1.943792621978115420e-01,2.937422056789885938e-02,4.510739413722389957e-01,-1.801874925391118779e-02,1.018412317071309414e-01,-1.814269508790706392e-02,2.528579556368276138e-01,-5.863098067966396321e-02,-8.702621703191916469e-02,1.720068139060107817e-02,-7.592701383593800264e-03,-4.194290362139398848e-02,-1.382664769770006186e-01,3.218490432610107005e-02,-3.386193404775765525e-02,-7.352426681725686419e-02,3.554847681663350634e-02,-5.068893999255161265e-02,-2.428184012778291517e-02,-8.949002886526813416e-02,7.895443033177147740e-02,6.238486192492301852e-01,-6.791641726544578317e-02,6.451712324580333169e-02,6.491195635236877981e-02,1.341610025431713704e-01,2.531483033866879784e-01,-7.929687617180165848e-02,-2.820611647218498191e-02,-1.074812235969758827e-02,-1.895232603177122565e-03,7.728313921425085387e-02,9.388902109344432478e-02,-1.423505159000188793e-02,2.186910076581210366e-03,-2.012655942326018257e-02,-8.227440934527565503e-03,-6.087102238155166906e-02,-6.579490792554933132e-02,-4.333425500017117765e-02,-6.043822252492943997e-02,-1.608971831656570012e-02,-2.489880413195343090e-02,-3.327039005620570367e-02,1.052508107313372991e-03,-1.117806622690376978e-01,-4.669334909732925781e-02,-8.486546326124359829e-02,-1.241307884954000705e-02
0.000000000000000000e+00,-5.061530504544786008e-02,5.096692632008407303e-02,-5.225303533999287736e-02,2.279721169239489614e-02,8.545201381077227598e-02,8.994363979625502603e-02,-2.091023586603898976e-02,-6.876045129141183931e-02,9.351430830454209031e-02,-1.801874925391118779e-02,3.727114641238497561e-01,-9.189104876561030380e-03,-1.597579471992325861e-01,-5.813900405016404066e-02,3.233312774598952333e-02,1.912081924698244284e-01,-3.623308778708299038e-01,-2.321580458335002761e-01,-8.501801494737321052e-02,4.106588748183409021e-01,1.486869918696162862e-01,1.331708148007274828e-01,1.742235258729407654e-01,8.442247391126359024e-02,5.194476746580211669e-03,-4.892646023989014742e-02,1.413065672843343834e-01,-2.452314991761587459e-01,-1.000475337041252522e-01,-5.494437380201043497e-02,1.981803091837333053e-01,1.118329042857449385e-01,-3.926816202310719033e-03,-1.193752623970253113e-01,-2.461424601755409641e-02,-1.068346595406622496e-01,-5.117518756984251738e-02,-9.097099089093202418e-02,1.504011109790145684e-01,-7.363648809595038647e-02,9.984717578274762001e-03,-1.773015032920460810e-02,1.800414066429315355e-02,4.560960098734858498e-02,-9.721434666748741960e-02,-6.202941583135946485e-02,-1.309680895318145188e-01,7.226653099036405015e-02,1.550501184617851178e-02,-2.749413757502570943e-02,1.477303745477988317e-01,-9.605549463033515034e-02,1.296364752716497315e-01,-1.663758435739927030e-02,6.695396047714334380e-03
1.000000000000000000e+00,-3.676587811059348759e-02,-5.941284621533808596e-02,-5.596894818061597804e-02,2.681162352013826203e-02,2.363787723476630173e-02,1.274676413104845196e-01,-1.291697205768557455e-01,1.415359193830425730e-02,9.011566680324897827e-02,-1.801874925391118779e-02,8.453093455776914539e-03,-9.642674882148887308e-03,-2.822681775938272811e-02,6.251489762713420273e-01,-1.169609925916820226e-02,3.360932896062857056e-02,2.300056937154561568e-02,7.762065841080605100e-02,2.371387455009584325e-02,-1.415338852299884154e-02,9.761356843924857973e-02,3.036079794731210910e-02,3.554847681663350634e-02,2.745882579164428683e-01,-2.906322892422427348e-02,1.150818677631663262e-01,1.167158636632808777e-01,1.157006742365292024e-01,-1.490475114460521402e-02,2.552850099760005098e-01,2.668052991631820192e-01,-9.163791024926161433e-02,-1.669627866774166247e-01,4.139835498963373439e-02,-3.141641394037576057e-02,1.912410834670516188e-02,-4.633931806066409614e-02,1.081937385784340240e-02,-1.384036509666752013e-01,-9.088443552739312523e-03,-6.566779146052172979e-03,8.508351411948117393e-02,1.642640550212572884e-03,-7.887045452990909533e-02,-1.714894580428198978e-01,3.242293855455757184e-02,-6.377654788369820082e-02,-3.685907834832501950e-01,-6.720351353015989460e-02,-3.259475034164865948e-02,-1.197897487176202286e-01,-9.902409585406300729e-03,2.051458302852539675e-02,3.075836067546096342e-02,6.583652441866077315e-04
1.000000000000000000e+00,-2.999919083036829692e-02,1.017006727096984170e-01,-1.754597282256334378e-02,1.171018142335279386e-02,9.086668596247931455e-04,-2.403878384164638907e-02,-2.052007132558644198e-01,4.374975900986814714e-02,-4.802330213153047089e-02,-1.801874925391118779e-02,6.497478125224900869e-03,7.330382217127286723e-04,-1.233971240009672232e-01,-1.931400445912416775e-01,7.710360361559227826e-02,1.625300853132008103e-02,5.594649629370810479e-02,-1.165896527567349406e-01,-6.558551153394224544e-03,5.556794471882700592e-02,-2.688869656577518377e-02,-8.472695157041350289e-02,3.554847681663350634e-02,-4.056387137768539541e-01,-6.685670030455308221e-02,1.161273395927448588e-03,-3.106434791657753519e-02,3.999048990077321702e-02,-7.773140967379571498e-02,6.126769811087605655e-01,1.610390282745754326e-02,-2.998937470501522040e-01,-2.304217499411580911e-02,1.419759808338252327e-01,-2.593277436603604741e-02,-1.069797979917360281e-01,9.186697744198943361e-02,-9.296902708431747930e-02,-7.548641742893906492e-02,-1.198081377984453952e-02,-1.058633300780203665e-02,-1.416709566594020475e-01,2.384229550734321204e-02,-4.340323576847173598e-02,1.199376517687224253e-01,-7.488213266235224652e-02,-2.730194960830076290e-01,-7.849496368183217498e-02,2.375124685636658198e-02,-3.359299386402984922e-02,1.008191234056932395e-01,2.681763290968037020e-02,-1.604516662944101280e-02,-1.848011721578229211e-02,4.261064452638616863e-04
0.000000000000000000e+00,1.904996893204667641e-01,2.500312989868064620e-02,1.884424936965934105e-01,-8.940524436782787410e-02,-8.920282576729061941e-02,5.519360939490595280e-02,-3.561518242027812003e-02,2.399055032453537017e-03,-1.198367099386638858e-02,-1.801874925391118779e-02,-8.691937820150087701e-02,-1.101010732148760968e-01,1.111814413855837097e-01,-1.316930374254211555e-01,5.262135070405797588e-02,-2.338086740926425267e-01,4.233317721063880462e-02,-1.609218981737411125e-01,-3.100343089630922672e-02,-5.784832722025555485e-02,7.557837622775798181e-02,1.188737376887929187e-01,-1.031265722396737666e-01,5.024667226590600055e-01,-1.312611898314630654e-01,1.037740517017427533e-01,7.495043735879784730e-02,8.383929129984651896e-02,-1.620623822233725198e-01,1.135921845474986008e-01,4.624520772364565380e-02,-3.048262528249081060e-01,-4.882081225652516038e-02,-8.431623235340598987e-02,7.720207524201923299e-02,-2.468940540354379598e-01,-9.592890104247776828e-04,4.714912297201393626e-02,-3.408307796570240501e-03,-1.066586340828066110e-01,4.189304336204797974e-02,7.895374745257671689e-02,5.988452047538507864e-03,-7.685360243542112280e-02,5.961054935590139048e-02,7.619592472331049304e-02,-1.823237052571953856e-02,3.900413350333656881e-01,1.004575157473109187e-01,-6.798837102433061275e-02,6.279222834000465492e-02,-6.789803439431961463e-02,-4.130233071476522438e-02,-2.675093882100993900e-02,2.964986221275405301e-02
0.000000000000000000e+00,-3.680075013630268455e-02,-3.331420103192370835e-02,-1.880791867088742880e-02,-3.470966407887111915e-02,-4.288294688825526613e-02,-8.901195864294750293e-02,-1.424840722336835619e-01,-6.674796454386289213e-02,1.725723173149739109e-01,-1.801874925391118779e-02,-1.264760673011087501e-02,-8.986922340151084002e-03,1.063868683654175737e-02,4.414516735269173597e-02,3.414062456495314118e-02,-1.718163094103840674e-02,-1.033499246211785072e-01,1.349958209330742211e-02,7.740764080204233510e-02,-7.494095550423716251e-03,-1.591009591232538101e-02,3.004466093869042065e-01,1.742235258729407654e-01,2.076918159974610462e-02,-1.484818089861527322e-02,-3.931594287697658119e-02,-3.469433359479134199e-02,7.597571269123361629e-03,4.171242009254153699e-02,-2.273685346279696040e-01,-4.611398166220480321e-02,-1.864962529075882003e-01,2.300382486617576494e-01,6.837636881547710654e-01,-3.836993137633912948e-02,-2.179839146296447001e-03,-4.395941830174865395e-02,-6.903294245261945572e-02,2.410886676428819139e-02,-2.757669060996532917e-02,-1.814737563434063242e-02,-9.725215031551421793e-03,1.745361729191185964e-04,-4.399571508937208386e-02,4.640125517094286639e-02,-4.049698414174240230e-02,5.707293914234713023e-02,-1.799260811557145193e-02,3.592971941936505820e-01,-2.133338018528167530e-03,-8.218683730422338130e-02,3.524971528671741461e-02,2.348250877812592396e-02,2.700506659654106426e-02,-8.041221368557172067e-03
1.000000000000000000e+00,-3.680075013630268455e-02,-9.133946476652287511e-03,-3.841338359622711862e-02,-3.470966407887111915e-02,-4.288294688825526613e-02,-8.214091965915281540e-03,3.197914833245512622e-01,1.337480625390550550e-02,-1.606918670557022921e-01,-1.801874925391118779e-02,-1.059359690471072847e-02,-8.986922340151084002e-03,2.629196605611963319e-02,5.726740664856530549e-02,1.234178976254759197e-01,1.117280859553918329e-02,-7.045497207624096259e-02,2.328739970335834408e-02,1.781096221987443209e-03,-3.606914930840622591e-02,-7.143768671795712802e-04,-3.243295492448598494e-01,1.742235258729407654e-01,1.778478199448804697e-02,-1.484818089861527322e-02,-2.417242912719164138e-02,-1.297722699144486513e-03,-4.463204266340460580e-02,1.278555671466172737e-02,7.080018285215405882e-02,-3.524516938086188350e-02,1.059860867885523972e-01,-2.458417977060278065e-02,-1.740126679530808740e-01,-3.836993137633912948e-02,-1.765923604744201736e-02,-9.068394091487035416e-03,-1.766791042705245438e-02,-2.881365152340579217e-01,-2.757669060996532917e-02,-6.067091712245277491e-02,-1.431702861689313107e-02,1.745361729191185964e-04,-3.853973719705370421e-02,-5.968324098637749903e-02,-3.774213045623771301e-02,6.897095567584447112e-03,-2.117636007586277264e-02,7.283637948869733370e-01,-2.133338018528167530e-03,-2.130708636749446393e-03,-7.944309981738124915e-02,-1.344298447436452970e-03,1.686202878383141757e-02,-8.041221368557172067e-03
0.000000000000000000e+00,-4.160742903603466963e-02,4.342797796483097161e-02,-2.253429503032588002e-02,4.028888547788390950e-02,-3.221573485976587936e-02,-3.039793830675559250e-02,7.021837326289291914e-01,-2.725045477174911288e-02,-1.506338087790465297e-01,-1.801874925391118779e-02,-4.036812191814646844e-02,-7.526331538209523643e-03,-1.031759196294935316e-01,3.160635045658243686e-02,1.130946327497676374e-01,-2.274212811241849254e-06,-8.627450699342852081e-02,-9.260295223488144989e-02,-1.546799877710654768e-02,7.978569213167469032e-02,3.198986688300668041e-02,-8.896270591163307762e-02,3.554847681663350634e-02,8.913589587501416500e-02,-1.795910592744334039e-02,-4.055900563161823902e-02,-3.255633379371154768e-02,-4.424981666280981135e-02,-5.926863286440141321e-02,-4.205089986777612449e-02,-6.300933163474464749e-02,-2.797690765435638105e-01,7.771028404832519554e-02,2.597662092900224207e-01,-3.612286175490821843e-02,1.624820149261004334e-02,8.742505197619820922e-03,-3.583854628655235020e-02,-1.815295999916423375e-01,-1.943769207922080734e-03,1.660590647844309431e-02,1.599700387714024855e-02,1.917213449476175280e-02,-1.661765307152038990e-02,-1.437449091207025631e-02,-7.726818025016933544e-02,1.599125796089850837e-02,-5.800968614392607720e-02,-4.119026111877585605e-01,-3.184326364289492145e-02,4.321015235044566027e-02,3.060710747568589490e-02,-2.665732468211458317e-02,-5.997438225009115581e-02,6.940411613275456956e-03
0.000000000000000000e+00,-1.928105018663805181e-01,1.970286886097408763e-01,-1.765482624141571921e-01,-6.403114471534754326e-02,-7.450908817850772359e-02,-6.473691480488653893e-02,-2.671968592242041085e-01,8.683111659844988672e-02,4.499921796191615198e-02,-1.801874925391118779e-02,-9.229811030944475025e-02,-2.039251779756860172e-01,4.954768544718946705e-02,1.638194249048335327e-01,-5.269259792363171352e-02,1.937733765723367516e-02,-1.317445992537667754e-01,-1.402848834751447837e-01,-1.383974661786442628e-01,-1.494457220958938237e-01,2.316603074151572794e-02,-2.300239428610102166e-01,-1.031265722396737666e-01,-1.066541400248041671e-01,-1.047106707425631417e-01,-4.796266313060108116e-02,-1.077099609238153094e-01,-1.097089356471022403e-01,-1.532678865607517704e-01,-2.785408590159710318e-01,2.111389415627152114e-02,1.820463303972243430e-01,-6.755329215544862709e-02,1.199039777888632891e-01,2.780211200540226579e-02,-1.487536382342450891e-01,-5.799628997198402053e-02,1.290131366029760029e-01,-3.678480606404364583e-01,4.982856612481866704e-02,4.094869631218842065e-02,2.672667048348833715e-03,-5.130718067448813285e-02,-2.021178255769690846e-01,-1.950905533514207119e-02,-1.539619325381399832e-02,-1.114029608957129297e-01,1.945978451018316457e-01,-1.440873088639597344e-01,-4.618880554257653176e-02,1.798071437818454521e-01,4.013721173383426322e-02,-9.983012121324753851e-02,-9.446399956406201226e-02,-1.793991891691713164e-02
0.000000000000000000e+00,-1.325919451007980324e-02,-5.602203760205090545e-04,1.435731605234990410e-02,3.332392080708206777e-02,-5.184262807668291173e-02,-1.671082508892151874e-01,9.839845667440201560e-02,-2.207590248425270879e-02,1.605225110150656012e-02,-1.801874925391118779e-02,-1.691027515468308340e-03,-4.138594813932285066e-02,-3.237362427306605256e-02,-8.996092344133650720e-02,-1.298991458776897062e-02,-1.418681223166596596e-02,-3.496961512746081524e-03,2.915752242944915501e-02,-5.853438647564718211e-02,2.136315658162136338e-02,-2.311899545137152678e-02,5.562103206263284694e-01,3.554847681663350634e-02,-2.452332747774603125e-02,-1.579673532046198606e-02,-2.374592649226393848e-02,1.486919539062572966e-02,3.237559251956495521e-02,1.301150556249343511e-02,8.380664166955839600e-02,1.191664824898759807e-02,1.501777145845764327e-01,-1.024344266715085938e-01,-2.159771600584485529e-01,-3.356100755321853729e-02,5.414107283786140368e-02,-4.012096291328067291e-03,5.122605833203192766e-02,-3.298419663838808025e-01,3.159611559847504830e-02,-1.752149995628969267e-02,-7.911533455703874049e-03,-1.116548637891530242e-02,-3.636825991589757306e-02,9.742746796676002990e-03,-3.349836354905182112e-02,1.328787867181693534e-03,8.239077395292827800e-04,3.514898352212666999e-02,7.911507158628601055e-04,-1.616681360305481652e-02,6.310787818792462645e-01,-7.623711329120045482e-03,-4.982151971756065140e-02,-2.465470185457606725e-02
1.000000000000000000e+00,-4.448561680300219118e-02,2.603743882037628382e-02,-6.598758583562404356e-02,3.878058767792640082e-02,-2.713452226688799554e-02,1.541627432139694165e-01,-2.330906599073157698e-02,9.285498480172751923e-03,6.311920341806222245e-02,-1.801874925391118779e-02,-2.238853893478632076e-03,-7.842784607018116541e-03,1.027318620634860291e-01,6.941589040701268143e-02,-5.495446584179162347e-02,-2.242225738669873653e-02,-8.998409756791549141e-02,1.953717881585885843e-02,-4.002398156125051842e-02,-6.024126066290147463e-02,-3.395418382565727061e-02,-4.026064239406521028e-01,3.554847681663350634e-02,1.536194512270667653e-02,-1.872446389422541616e-02,-6.293886666479649172e-02,8.093363201540966501e-02,-3.788681303551143936e-02,-5.869446787324098663e-03,-1.097585099118282004e-01,2.183796608437296369e-04,-2.689251331163103886e-01,1.533862590430265516e-02,-8.300708155997968407e-02,-3.556862367819218357e-02,-2.460765069662960644e-02,-3.513232076968545586e-02,-5.408645388596276110e-02,4.440113551805419667e-01,-4.268000438529976313e-03,5.087656409446800199e-02,-1.915498876484263147e-02,3.016224176086491817e-03,1.075982264184484685e-02,-2.774831285571531525e-02,-2.457324970319474736e-02,5.815642362847080714e-03,3.863473629584842674e-03,6.529291938894514480e-02,-3.180374567024154414e-02,-9.559352111446171862e-03,6.553792126719478750e-01,-1.508992538570958289e-02,-1.113357809806677680e-02,-2.981609461599261067e-03
0.000000000000000000e+00,1.039065203677034255e-01,-5.657777242816047769e-02,-3.892729376500581040e-02,5.123337784941723455e-02,-1.342178503011705881e-01,-3.828781281553284010e-01,1.207134074402235746e-01,3.354324660873091168e-03,-2.595543562063022929e-03,-1.801874925391118779e-02,-2.559987293080042553e-02,-9.626411481323789154e-02,-1.866752000797392286e-01,1.755369017808095233e-01,-4.725715986633512861e-02,-2.690622119740865292e-01,1.398040634026013855e-02,1.213152334199152881e-02,-1.584081045199543514e-01,3.522245464397356918e-02,4.090292550573244867e-02,5.074555655774864310e-02,-1.031265722396737666e-01,-1.714617222741317282e-01,-4.254653698656119670e-02,-8.484198711698938411e-02,1.548132785822150907e-02,-1.099742900135688289e-01,1.335211023629412908e-01,7.155375033356667358e-02,1.360934677855108257e-02,1.723359021016504858e-02,-3.705199464652798036e-01,8.880303364519147313e-02,4.340354780988582573e-02,2.823755495558790130e-01,-2.293368508541089590e-02,1.906016524563414749e-01,3.657554815875775911e-01,-6.841195258536990342e-02,5.381659569812865390e-02,9.780883657994586533e-02,1.140944407643415190e-02,-1.373137175103386343e-01,-8.445991125305557512e-02,1.534493219248827915e-02,3.753782312876768109e-03,1.103546485626709928e-01,1.007221861729277468e-01,-6.160669477329964311e-02,1.840524515655743432e-01,-1.138523097080335472e-01,2.553407422357795512e-02,-6.059976629266278919e-02,1.800430777294877854e-02
0.000000000000000000e+00,4.518290557894406173e-02,1.531236589277211804e-02,-3.310290659224965348e-02,3.901468548574800466e-02,-7.435873709179216529e-02,6.115273930715546813e-01,1.644890020812825870e-01,1.656473094379782296e-01,-1.615403546059857587e-01,-1.801874925391118779e-02,-2.371920895979812496e-02,-8.638358366529887145e-02,5.791497710343494060e-02,-9.859535460084734027e-02,-3.122022769426950270e-02,3.768741620816931648e-02,-7.729584238898101756e-02,2.310290276125167436e-02,-9.156609642783167247e-02,-6.897237180163513781e-02,4.084035787931065975e-02,2.225020353889742286e-01,-1.031265722396737666e-01,-3.020889536596162994e-01,-7.657736903712782095e-02,4.667324593495978530e-02,-5.524691027288142209e-03,2.612317871372973888e-01,-2.082599262892133318e-02,-1.846001696212554166e-01,1.725747703657032617e-01,5.733613721291941356e-02,-2.360865577561065132e-01,6.055665703782513176e-02,4.768352109520005572e-02,-1.139949645195154808e-03,-1.296857691758019140e-02,-2.538934777090379874e-02,1.220064126847209829e-01,-7.234882914310450386e-02,-5.484434159448554197e-02,3.619576289139837116e-02,7.425671718900407094e-03,-1.833914308077069233e-01,1.517113524442978978e-01,1.399128872514915356e-02,2.293858482586420139e-02,-8.176809939415120854e-02,7.477583194076543871e-02,-6.198959697015003073e-02,-4.300595587582577151e-02,-8.883372627923705189e-02,-3.073363713736974173e-02,-7.371288488089268454e-02,1.162941660265576042e-02
1.000000000000000000e+00,-4.226406778856051094e-02,3.057894101383206928e-02,-9.976895747717874630e-02,4.011694758637074365e-02,2.167198911069485173e-02,-1.371029408966801810e-01,4.640058403525137293e-02,-2.104987322070048152e-04,-1.073110048460475530e-01,-1.801874925391118779e-02,-1.607336085002398357e-02,8.892719820034393138e-03,1.934919175096634358e-01,1.565275722525532875e-01,-1.691367541641025374e-01,-9.902011737996563659e-03,2.373805728121112721e-02,3.633987495933893586e-02,3.405086181527497424e-02,2.327384236923331351e-02,2.360357396190045087e-02,1.938958066681063894e-04,3.554847681663350634e-02,1.365810691543532240e-01,-5.468186941469103945e-03,-1.130740615900402979e-01,1.675053759200792192e-01,-1.432788189798931688e-01,-1.577779494872395827e-02,8.146604811229152254e-02,-3.485717403653095479e-03,1.926255130346248845e-01,4.100040582815989154e-02,-9.232093430570624537e-03,2.192502633687239220e-03,-1.306963873777898001e-02,-2.776530645491356170e-02,-1.124405800511184966e-01,8.634119871898272847e-02,-4.875834433807240548e-02,6.529676036110673709e-02,4.021369401770755192e-02,1.313732352404866841e-02,-1.292894066071542929e-03,8.141455255305738437e-01,-5.115082833559928682e-02,-7.608559668144371235e-02,-6.955191686458402078e-02,-2.997781571069338749e-02,3.478264896913631915e-02,-2.948109716829970528e-02,-4.468998820446846293e-02,-3.635775050327540864e-02,-2.301690351298899331e-02,-2.163958646844510361e-03
0.000000000000000000e+00,4.461709137844305922e-02,3.204873030528276184e-02,-1.781454994114839985e-01,2.961530343796124620e-02,-1.090446605158264665e-01,-1.958780495868299998e-01,-1.157454795767475647e-01,4.268362614280468703e-02,-2.975327110679716891e-01,-1.801874925391118779e-02,-1.964933385465246485e-02,-9.216089659416369650e-02,7.322977576125036525e-02,-3.628192893100177785e-01,-8.534582523094570716e-02,3.279028777563126884e-02,2.864067743319536133e-02,1.045851370709262665e-02,-8.172808084012207763e-02,-6.783950507943174724e-02,4.764128287441734416e-02,-6.904138063759256150e-02,-1.031265722396737666e-01,8.254322139175944428e-02,-6.517927790462774151e-02,1.120200790265347690e-01,5.028913403111751057e-01,1.602334736096062626e-02,-3.088937161318227459e-02,-9.740666106348927489e-02,7.351924999030028107e-02,4.961681245071664775e-02,-4.197343245302896653e-02,1.547667482961005703e-01,4.711297232182971167e-02,-7.301378280455617792e-03,-3.379747561982197890e-02,5.894196135358482219e-02,-4.693748577447259818e-02,-7.179589071059917782e-02,3.252615161088567852e-02,3.464786038317962252e-02,9.400111801607701281e-03,3.444945243730110351e-01,-1.844672068081088523e-01,2.040203037451190568e-02,2.615448007279224524e-02,-3.287057485761147313e-01,9.103170221880460024e-04,-6.197086692773502020e-02,-2.467603837190338392e-02,-1.297235714640075990e-02,-2.409720558852981517e-02,-5.402495209216349320e-02,2.659693191258225009e-02
0.000000000000000000e+00,1.039065203677034255e-01,-9.470649607561440475e-02,-3.527822148680878622e-02,5.123337784941723455e-02,-1.342178503011705881e-01,3.909319135767521519e-02,-1.256299872994588174e-01,5.752711287451960781e-02,-9.647113708803416177e-02,-1.801874925391118779e-02,-4.932122485768598678e-03,-9.626411481323789154e-02,-1.363269281549314427e-01,-5.831741183986047239e-02,-9.334899157298191807e-02,-2.480757853356954923e-01,-2.031675718963847632e-01,4.780252363340879024e-02,-8.792578550665841597e-02,8.052066924609292686e-02,-1.284674542389381835e-01,-3.915098341180270336e-02,-1.031265722396737666e-01,1.251248311686532430e-03,-4.254653698656119670e-02,9.217881982570712285e-02,-2.754815766153230830e-02,-1.708005610740211677e-01,1.721193841113993483e-01,3.027721157467643670e-02,1.524938904931961159e-01,-5.379718423024314189e-02,5.803368787695875053e-01,-1.955007044362043478e-01,4.340354780988582573e-02,2.261153149928916695e-01,2.642848932962346339e-02,2.587989157192044018e-02,-6.860258983265930810e-02,-6.841195258536990342e-02,-1.523754984244104216e-01,-7.403983010014813029e-03,1.140944407643415190e-02,-2.991014948914287319e-01,-2.851348484360125869e-03,4.354771339992334622e-02,4.572142116561814934e-02,-9.842699274449996649e-02,-5.729878791038021946e-02,-6.160669477329964311e-02,-1.643218625813362144e-01,-5.391956541794204472e-02,-5.176596461629591472e-02,-1.414635473128661447e-01,1.800430777294877854e-02
1.000000000000000000e+00,-1.667455428181270974e-02,1.154598959665873413e-02,-1.079685727967533149e-01,-5.200312634059152742e-03,-4.216519112211164488e-02,2.313620679442272010e-01,1.388590681406524918e-01,-1.533015917359400451e-03,1.789710957743184117e-01,-1.801874925391118779e-02,2.703695374991964273e-02,2.352454509630466650e-02,-1.377521538472646079e-01,-1.458410372001794353e-01,-7.206403685374426771e-02,-3.213036534454482424e-02,-1.904615619279355354e-02,1.368711992945898515e-01,3.063509565661509670e-02,-3.242725851397261772e-01,-9.354629090271189551e-02,2.084787944933539500e-02,-1.031265722396737666e-01,1.963213971880792830e-01,-8.027153365375505611e-02,-1.532427230354259096e-01,-4.545019392461514818e-02,-2.307001697776150106e-01,-7.802476511590837106e-05,3.781595101893528987e-01,-1.177821542072758076e-01,4.483394792677293239e-01,7.337095299574454554e-02,2.240920330396365956e-01,2.653116310546320498e-03,-1.436066250262985067e-01,-4.832538741217428518e-03,-1.071207200992934788e-01,1.558835160452487767e-01,4.069221582901097652e-03,7.741158045612354759e-03,9.989329765695297014e-02,1.153183230366966808e-02,4.481618337961641024e-03,-2.031894933351744981e-01,2.526996779210643335e-02,-3.757621177128822598e-02,4.754148965744111471e-02,-4.149067068534711272e-02,2.768691759668957808e-02,-3.374421603162889444e-02,2.190828615159345211e-02,-1.282543264399742533e-01,-1.661003274401826393e-02,-5.483606338622118437e-03
0.000000000000000000e+00,-5.674741557888884902e-02,-6.361885744324823067e-02,1.106853945327810479e-01,8.558348501339092806e-02,6.972413250563576359e-02,-1.909432337680246616e-01,-6.886216180831937483e-02,8.082415351128613423e-02,-3.863879488681642993e-02,-1.801874925391118779e-02,-2.161008470629721678e-02,2.946354980928966166e-02,-2.831838194156835464e-01,-2.141202854764524821e-01,-7.574557659075194238e-02,4.945062224547512597e-02,-7.794468636548689336e-03,-1.676317750179592281e-01,1.369887877347384375e-01,-9.524208521316990250e-02,-5.928148990171130256e-02,-1.454619258359669265e-01,1.742235258729407654e-01,2.661370763350165980e-01,3.936593521111429045e-02,3.773493160382361267e-01,-3.446039469952879575e-01,1.986104562695526488e-01,-7.662721410122959320e-02,-1.098976384521330313e-01,3.267844906774700076e-02,1.733610880648700503e-01,-1.877825673467669043e-01,3.263685178121406710e-02,6.140725153365721471e-04,1.016021089990256643e-01,-4.686131921072727441e-02,-2.121659874736778195e-01,1.106199138788076936e-01,-1.160142822084692660e-01,-1.405260569482250088e-01,-5.626400763780697173e-02,3.392258294578773259e-02,-1.547068037678305252e-01,8.407987972336415650e-02,1.430857872539908170e-03,-1.291069627829551786e-02,-1.843376804904373056e-01,-3.013270565786212510e-02,3.105174207269214767e-02,9.900168707686470004e-02,6.331130094341567982e-02,-4.321277847928821358e-02,-7.636667420512251170e-02,1.035805586427880967e-02
1.000000000000000000e+00,-1.120103399489811788e-02,4.041313081049893036e-02,1.891060533639466260e-02,6.036956931477982513e-02,5.024588777411267276e-02,1.876323923157797169e-01,-8.465653593935722199e-02,-2.320841643252575526e-01,8.867434646339149296e-02,-1.801874925391118779e-02,1.888324505606418791e-02,5.000166186479810398e-02,-1.451700526443578665e-01,-1.177819146630249142e-01,3.985338503972282731e-01,-4.884604732559027357e-02,1.175435652195697817e-01,9.268718500511535785e-02,-1.673575434925299310e-01,3.688120529902487454e-02,-4.622137285140833635e-02,-1.079183995772938637e-01,1.742235258729407654e-01,1.003946492959685577e-01,5.419070128852537110e-02,6.706256407451455237e-02,-1.438275276277092493e-02,-1.784443967106687842e-03,-3.618030460777978824e-02,-7.743011791977007577e-03,-5.086980389091023784e-03,1.136545046495473776e-01,3.021557114475556007e-03,6.653166920827076336e-02,-3.352796172715424156e-02,3.492531156449854568e-02,6.912274698450128485e-02,6.772136723838058092e-01,2.232412836049512198e-02,-6.091132143874940230e-02,-2.588317340930026966e-02,-2.309719095019904453e-02,7.214485260738359371e-03,3.218490392349909746e-02,2.048955301546202534e-01,-8.586355863982546299e-02,4.762260348694058454e-02,-8.693857073870378538e-02,-4.995329763298673315e-02,4.761153504484182120e-02,-1.669145295834227258e-02,3.164655974553447909e-02,-8.059512601365594053e-03,1.922730143884853610e-02,-1.154661043590975503e-02
0.000000000000000000e+00,-2.495300821525482660e-02,5.283434444362720278e-02,-3.962950829827766031e-02,3.009118237925071000e-03,1.378929676287235506e-02,3.502511825439738602e-02,4.921105101241576851e-02,-1.705860002034396972e-01,-3.289916022770010551e-02,-1.801874925391118779e-02,-2.735746530723249387e-02,-9.964169897216150484e-03,6.177233661386944547e-02,-6.226934182008407592e-02,-4.330637509938806140e-01,2.858174228885453083e-02,-1.154666128311647860e-01,1.368363171843082690e-02,6.859566088006318063e-01,9.666066194900468228e-03,4.370407302509980024e-02,4.280940341244442865e-02,3.554847681663350634e-02,-6.730938117627541240e-02,-3.905888764699332050e-02,-2.103237739921225147e-02,-5.644125667153948589e-02,-2.739091502758540450e-02,-6.353795696267854065e-02,1.654390907097103101e-03,-4.611760163800256856e-02,-1.062801378733119195e-01,-2.296306233817884193e-02,-9.160316299306678345e-02,-1.321653012205446440e-02,-5.672242388518554217e-03,-4.290716095627877813e-02,4.261827251389015969e-01,2.330920205126750175e-02,-1.524224986515606423e-02,-2.269123470354816180e-02,3.324378458935629138e-02,8.691887598557280700e-03,-2.283530011136422275e-02,-8.464512374889801571e-02,-7.571659140193610915e-02,-1.185687677193620337e-01,-1.658061675831148246e-02,9.683299978616177056e-03,7.332046299896436727e-03,-3.199640560395255497e-03,-6.079375389937209662e-02,-3.497766319748091268e-02,-3.060959498615291319e-02,-3.636210756590452578e-03
1.000000000000000000e+00,-1.164033568688364884e-02,1.218414653419627909e-02,2.045903230371621043e-02,2.025991845099032670e-02,-4.509131953640183738e-03,-1.761426565729073968e-02,-2.682094927202618995e-02,-4.180555449728205059e-02,3.550701350050335103e-02,-1.801874925391118779e-02,-6.636098336634463357e-05,-1.930931959338785114e-02,2.230215761293715196e-02,3.965651975882468483e-02,-8.757790594059385036e-02,-1.689329644449185860e-02,-5.351829751761362497e-02,5.473618791678048351e-02,5.590217787976204007e-03,8.857171636834564737e-03,-9.306010827647885966e-03,-3.584254307421038972e-03,3.554847681663350634e-02,3.274929802216863112e-02,8.914260635630257001e-03,-1.779945496963553087e-02,6.069369874871517918e-03,-1.632662485711926931e-02,1.375795408854879392e-03,-1.139693026077140264e-01,-1.464087258173119022e-02,9.258658138476330568e-03,-9.508788639467710690e-02,-9.999782015613441558e-03,-1.630915014346371802e-02,-1.649653792964920693e-02,9.583956775594713040e-01,-8.573493583328356538e-02,-1.012545552521291158e-02,-2.607876569202501396e-02,-3.957599095448087814e-03,3.931316809733266353e-03,1.622331775220688501e-03,3.636346540482501138e-02,-3.547286181432755120e-02,5.864843123586548773e-03,-7.975928871779299975e-03,5.997834615328052031e-03,-7.833698261157973769e-03,-1.739763851237036228e-03,-4.779285455797620957e-02,-2.756435645399368806e-02,-2.770861140874471967e-02,-2.407947761651915361e-02,-1.768783377410399274e-02
0.000000000000000000e+00,-5.398397419274644608e-03,-5.684195210671398255e-03,-1.767596187896781357e-01,5.832058439495743825e-03,-1.113209360743640658e-01,-6.352368845393892294e-02,-5.914555136454202611e-02,-2.629319373377422830e-01,1.965367972137397057e-01,-1.801874925391118779e-02,4.509530880721678708e-02,-9.034045241349347721e-02,6.998071003650115085e-02,-1.446193315710552763e-01,5.474353576217173556e-01,-4.536822531325970104e-02,4.305740079794335290e-02,8.846170717661616667e-02,4.307284547479939274e-01,-6.100028557189374895e-02,4.162905695512526642e-03,-4.670099568092559578e-02,-1.031265722396737666e-01,-4.653382597327083980e-02,-5.516612916327334748e-02,-1.079614556887220911e-01,1.047343129856877081e-01,-2.538854053138220671e-02,5.110685314853041089e-02,-1.088346963400582124e-01,1.237041347537572861e-01,-1.159632387003686413e-02,-1.522349415869501954e-01,-1.307537701072097325e-01,-2.778758068412946064e-02,1.257212990454835144e-01,-4.129487682404833077e-02,-2.905856275654763454e-01,-3.325197743598997530e-02,2.177162147915379445e-02,3.847843612864379481e-02,1.577481965812739875e-02,-1.238339801215592589e-02,-1.477608301263107493e-01,3.480050225477843845e-02,6.047924786709790723e-02,2.730207294051606101e-02,-1.942052534288546666e-03,-9.697597496420411189e-02,-1.298020525509023804e-01,-8.753196306602478716e-02,-6.106728430264379837e-02,-1.772923034826417998e-02,-5.512756520123492099e-02,-1.645158347077678310e-03
1.000000000000000000e+00,-2.594138817587527887e-02,4.058376782871900984e-02,5.645306591482306818e-03,6.340729349454241048e-02,-7.323627444712740853e-02,1.305423552442612316e-02,1.885121540843532825e-02,7.019024703243755825e-01,1.131382023009807752e-01,-1.801874925391118779e-02,3.300857769107222450e-02,-2.709522710926119682e-02,-4.828700568740061996e-03,2.240439338962307153e-02,1.388972490691640915e-01,1.782005157557588204e-03,4.736054747290134315e-01,-4.191007767799209000e-02,1.943114477160646225e-01,8.617820592539361668e-02,4.691457434171011215e-02,7.691168912276181990e-02,1.742235258729407654e-01,1.136961543215401528e-02,6.945296737331942789e-04,-8.381402466240360505e-02,3.421047747120004728e-02,-1.952308703314560856e-01,-8.044563519032849053e-03,-1.360329752281294047e-01,-3.942108516044191130e-02,-3.908170049376631129e-03,1.072153381426357299e-01,-7.805934997192068292e-02,-1.579110985498492423e-02,-1.784232489014277168e-02,2.553457006787243980e-02,7.581855868545524235e-02,5.761012705942897966e-02,-6.748652430618783116e-02,-5.132256032005049189e-04,-1.408663543646357028e-02,6.143829195631247270e-02,2.139163930982260382e-03,-8.058229714527152809e-02,-8.201229947645695406e-02,-1.007248823931171933e-01,-2.405853448911523390e-02,-1.359206431958466521e-02,-2.265544455782982428e-02,-1.378004033114776710e-03,-2.545709026061827515e-02,-3.622613604425171246e-02,-3.021615422628890629e-02,4.720289243760728698e-02
1.000000000000000000e+00,-1.075210368786309878e-02,3.814775385084744064e-02,-1.283057998144466749e-01,6.069680027538885969e-02,2.197455416256051744e-02,4.443251811642827398e-02,1.896583528091768181e-02,-4.763857642979021367e-01,-1.809652391948945657e-02,-1.801874925391118779e-02,-1.951201636178421378e-02,-3.798547892830068246e-02,-1.520336091155715351e-02,-2.538615295179760117e-03,-2.365091864509718256e-01,7.103467664102815216e-02,5.702659818781418144e-01,-3.364550423876136887e-03,-2.586033257597969981e-01,-7.485667304960898216e-02,3.766403611022408476e-02,8.162832535005622170e-02,1.742235258729407654e-01,-5.765733887250096279e-02,-5.034939334492652407e-02,-7.364219464117189966e-03,-3.684708776908067474e-02,-1.391504900864001248e-01,-9.324493420553485457e-02,-1.522915670089401707e-01,-3.458747996313612377e-02,-1.099583736591690369e-01,6.129121601603226138e-02,-1.361169049717187163e-01,1.744067420879749208e-03,-6.030501111427444966e-02,-6.489756397324371318e-02,-1.754880721918858910e-01,3.604110986135979772e-02,-7.539093739401758754e-02,-1.437884959619697145e-01,1.525888335539453237e-02,1.214876305409735412e-03,-1.381270932444993993e-01,-1.210614516625586889e-01,-1.179408999774126249e-01,-9.551597657956312215e-02,-2.324305733623885026e-02,7.040200321752705138e-03,-1.052925910844583653e-02,-2.809293516765319979e-02,-1.003757830751520613e-01,-2.240029868268075472e-02,-2.603936376770620356e-02,2.634096736783550843e-02
