0.000000000000000000e+00,-2.250797934750643492e-01,3.950465654542531513e-02,-1.208712144770463237e-01,1.011405087741308884e-01,1.152832691827806533e-03,-3.557078207121198987e-02,1.276507062493418415e-02,3.523877161936132818e-02,4.211939955201163266e-02,8.461585903916933604e-02,-3.206478755092377619e-02,-2.420260408630913861e-03,1.044414226774675880e-02,-2.456467401062611272e-02,-6.173715169492092862e-03,2.362379680724456185e-02,-3.207038726152421082e-02,-3.355663388979055611e-02,5.595117102758727888e-03,-1.378595330452080450e-03,-4.129051982746652361e-02,1.187598252333211396e-02,-4.591938744451840027e-02,1.201705457508418610e-02,-1.240951237182625830e-02,1.459325169211706137e-02,-9.396656630216482925e-03,4.427933184318434690e-02,1.568249355072810422e-02,-2.362218373916116776e-02,-6.638911780275423211e-03,1.430242184065479670e-02,-2.561299036557120566e-03,8.547980591247488630e-03,-1.069168678266940904e-02,-8.954435799613979369e-03,5.801601803747153882e-03,-6.617752027670304599e-03,-2.171823842555169193e-02,3.444477010677667733e-02,-3.057955178887243261e-02,2.711276231583600264e-03,1.483192391530216425e-02,-4.530203122603928753e-03,-4.384780871074753575e-03,-2.958027021743716775e-02,6.186004798318361919e-02,1.770940097124197241e-02,-4.330071825936668457e-03,-3.356798106274165930e-03,-1.124151172231987452e-03,1.494581753934584589e-02,7.055474645887099827e-03,3.899780330629213938e-03,4.856305826938891318e-02,-1.101507478339158394e-02
0.000000000000000000e+00,4.019667455513385897e-03,-1.460998707298918620e-01,-1.718008434300763998e-01,6.517744504460652732e-02,-7.387021120734833801e-02,-2.657559664262162079e-03,1.036400712715861670e-02,-5.691985345281319695e-04,1.008536844019225776e-01,5.879335183726574175e-03,-1.128420288532746285e-01,7.978101480800073309e-02,6.406310620773927877e-02,9.313854288443217111e-02,-6.474981527584465490e-02,1.272496758918612979e-03,-1.093529768092298404e-01,3.420091292564307606e-02,6.560448731583341797e-02,-4.453895236364729254e-02,8.188913562463341622e-02,-7.091616836603045759e-02,3.907150260885219883e-02,2.650221669532499408e-02,6.399525189487658729e-03,3.798537012119031220e-02,1.296032984171044920e-02,1.098513711991609861e-02,2.942307441411302904e-02,-3.042397945288749864e-02,-1.931735413125359319e-02,1.749055945859387395e-02,-3.297936258511620106e-03,-1.636847711637367045e-02,3.358713375756128272e-02,-2.339478050142016624e-02,1.375570006681533369e-02,-2.660967110481968212e-02,-1.996712961770125833e-02,-3.358957327706564577e-02,1.824142481125845712e-03,-4.511285957180899073e-03,1.315174632765333087e-03,-9.891956283243776016e-03,2.176822153606889493e-03,3.038856333609392217e-03,2.483657301619674341e-03,-3.514364298642174783e-05,-1.330126807587656522e-02,2.653673844347769969e-02,8.849589027207702824e-03,-6.155990781816647085e-03,5.899088262686091010e-03,-2.689574789870802229e-02,-3.873876664453877825e-03,-6.945623478431407066e-03
1.000000000000000000e+00,-4.935585605442842083e-01,-8.816405300037674642e-02,2.440261377473465221e-01,1.194052564946677247e-01,-1.138938418927254968e-02,-1.215615730164726349e-01,6.110817617744415675e-02,-5.594292484019622834e-03,3.538237034938887526e-02,-3.351906474940120895e-02,-1.190886042319339588e-01,1.135302322583451456e-01,-9.203201797699825382e-02,3.716712463435575819e-02,-7.660783736322596127e-02,1.320003378485410106e-01,-8.469247064731427743e-02,-1.603484951064812827e-02,-3.230113911866300258e-02,6.987927093092388686e-02,-7.471959991301217741e-02,1.042719501211460953e-01,2.433434783940224833e-02,-1.216441629629868432e-02,1.338924219839704097e-02,-2.326957961669526634e-02,1.083531880006417120e-02,4.257773915476222026e-03,-5.787615312105220261e-02,1.239600136758643896e-02,8.971997272773929097e-03,2.834281464686767144e-02,1.165024143274448996e-02,1.138240091498839840e-02,7.767651152683272692e-03,2.670160104549307994e-02,-1.289559694321419300e-02,-7.682924628909629282e-04,2.269530732428067486e-03,-5.188192415238079488e-03,1.322610704563825443e-02,-9.990917901667575873e-03,-1.087803730983986049e-02,-2.374798145702751787e-02,-9.651957704870573656e-05,8.214867848049502846e-03,1.673801216115245480e-04,5.293582326981959539e-03,2.881612934479480317e-03,9.768664342284587646e-03,1.077277572940996695e-03,3.427814752339880013e-03,3.601703398823626404e-03,-6.401032985315860228e-03,-7.171080031177784128e-03,-1.847328608774784675e-04
1.000000000000000000e+00,-1.950427611356859159e-01,6.852122107382470351e-02,-1.393920532811887270e-01,8.998442803430559134e-02,-2.990527152276700740e-02,-5.118009109297368131e-02,5.521565870904975720e-02,2.599585502212694785e-02,5.382610185342751735e-02,3.758003531859729907e-02,-4.927093433196472194e-02,5.060588856809410119e-02,3.137607132765382612e-02,4.273897861220825323e-02,-5.218736928919737172e-02,2.631161443227455696e-02,-2.044767096241313295e-02,-8.300849615088633573e-03,4.314681086754301731e-02,4.124289264492142330e-03,1.437025791706400893e-02,-3.417009032706496557e-02,-2.325537152357609258e-02,-1.182598625699830819e-02,-5.319773683502989313e-03,6.867357038074776120e-03,-3.100270969825739964e-02,4.624413796192488636e-03,2.232547297571024422e-02,-1.390559535515154552e-03,-1.611816298640880024e-02,-6.330261357003618295e-04,-1.763767811108174141e-02,1.787199102747632704e-02,-1.668780673622587488e-02,-1.775410334052201708e-02,-2.405085149855226700e-03,-3.150881299156255665e-03,-2.715956297666036624e-03,6.154717187681149788e-03,-1.608418505542104360e-02,1.950372955448718276e-02,-1.590058238336421875e-02,-1.480172763292101658e-02,1.921839698063920049e-02,1.392090344091076806e-02,1.545610957340659390e-02,-2.941393307571484820e-03,1.670537204490171040e-02,-2.418399270736044243e-02,-1.066142631412253516e-02,-6.633081247709185719e-04,-1.943927527756813753e-02,3.113074456613260793e-02,-1.418078724988089054e-02,4.959497616628016220e-02
1.000000000000000000e+00,-3.769398006493812625e-01,2.457053284690269845e-01,5.643335971485221453e-02,3.014611547865134536e-02,7.063309483199248229e-02,-8.439376125429015607e-02,1.544217940155377111e-01,4.652916355654640283e-03,5.741928168961229345e-02,-5.746614344901426058e-02,3.874281770016456405e-02,-1.557439101587531488e-02,2.906469715943940657e-02,1.456034519921249083e-02,-4.370012029108575474e-02,-1.024246973010242007e-01,-4.719744914388023654e-02,-2.989468684308083102e-02,-3.401585456885517639e-02,5.626195706422644494e-02,-1.411309766091102015e-02,-4.316810206761871604e-02,4.042256889969154249e-02,-2.090102492156906827e-02,-4.383307944260395050e-03,-4.783271706331934658e-02,5.763430262815803090e-02,1.487637433443060597e-02,1.307917813277356331e-02,-2.938417909669205352e-02,-2.623573834120723758e-02,2.914016542291608669e-02,-1.598052629072978931e-02,-3.102282994237646335e-02,2.088398710151877571e-02,1.027179001911268652e-02,-4.162142311949183250e-03,1.538293602110966593e-02,-1.299327882211170036e-02,2.922705931034246668e-02,2.812514095412386658e-02,1.035729352344403643e-02,1.100951714250107856e-02,2.616478587758854293e-02,-2.570001634103427635e-02,-5.239837192795981924e-02,-1.909175420073789056e-02,-1.769053889553628967e-02,-1.603582510516340931e-02,1.029562775287964612e-03,-5.974406802606976787e-04,9.894224843322045951e-03,-9.448689786585437109e-03,1.425562870388187402e-02,-5.781697412098569383e-03,6.144893773829288204e-03
1.000000000000000000e+00,-2.910049018600334714e-01,-4.081180841300444118e-01,4.711402091085092197e-02,-1.768041364450012032e-01,-1.314014016064250778e-01,8.866518143920594508e-02,1.828464586643778131e-02,5.724174546634560462e-02,-2.099887892973158546e-02,4.712657673014712841e-03,3.259407597379238020e-02,2.535619134387294069e-02,-2.506712260412423052e-02,4.370028955282889704e-02,-1.082720769227218070e-02,-7.380563851431582063e-03,-9.663982326072907691e-02,-4.714830971504436509e-03,-2.910264943066025178e-02,-2.559360002081026431e-02,-1.860979407172706074e-02,1.683355037967851006e-02,-3.085809568154882290e-02,-1.822138682896668957e-02,-1.050328935031117489e-02,3.553305537999339181e-03,-1.981231588075370656e-02,-6.321678695634323428e-03,-1.021884509787741868e-02,5.372437058266260612e-03,-8.335201830801247658e-03,1.253804856668894749e-03,-1.840450218075729422e-02,2.974632109907755697e-03,-3.583346909789387330e-02,-2.474332408048341564e-02,1.351821408885393178e-02,2.128796741678604110e-02,-1.074657193405200058e-02,-2.455403794826412772e-02,-4.600752770869295100e-02,-5.220765344770890264e-03,-3.646123490272287770e-02,4.881776594091666310e-02,-1.590707519179770935e-02,-1.948015259770328675e-02,-2.862931895237625854e-02,2.680002019799004528e-02,-1.005774205878736879e-02,-3.317382512414844553e-02,2.302796112152677779e-02,-1.981368487284668536e-02,3.396332471662852175e-03,-9.504750928583006889e-04,-1.594719179542469951e-03,-4.960342104485235097e-03
1.000000000000000000e+00,-2.237245928714098331e-01,4.317883522775274596e-02,-1.423629502285556903e-01,-7.635836517039200355e-02,-7.680365451841628111e-03,-5.738853808610408502e-02,1.794994611462823186e-02,2.197199362632512240e-02,7.943912313543055603e-02,1.100722243653173490e-02,2.346329701959924338e-02,-2.898206066455559851e-02,7.269116121519267337e-02,-1.333269346436028770e-02,-3.603740185881899871e-02,-8.738132619816757832e-03,1.329828576240948620e-02,-3.938439834660831251e-02,5.233761218253064895e-03,5.433674840921223770e-02,-3.556374177640805878e-02,-1.729736715755134796e-02,-5.411545235452822067e-02,-3.046467364163897920e-02,9.940043929603478365e-03,-4.870855196558588306e-03,-2.465394491152221937e-02,-6.014643723577432419e-03,1.287039660015782717e-02,-4.660651714077300792e-03,-2.337927352630830499e-02,-1.397247182393374261e-02,-9.913629183276709972e-03,1.756741952861280362e-03,-1.233881406940008293e-02,3.457057876124993660e-03,2.335753645235508213e-02,-9.939456552615764939e-03,1.923119856428226471e-02,4.339204027134499486e-02,3.012927192078088123e-03,1.862101345191237087e-02,-2.183468893800169335e-03,-5.609864820902875186e-03,1.066894058721442641e-02,3.088168170550804458e-03,-4.298229166030834159e-02,8.928359880515487207e-03,5.382345422968103088e-02,2.715361629022024909e-02,6.283480880636902084e-03,-2.243663078814074965e-02,2.652771548879126473e-02,-2.645119151524628551e-02,8.331647518343879288e-03,2.557042962346854371e-03
1.000000000000000000e+00,-1.000455645536809657e-01,-1.366110498414126739e-01,-1.819373781201335805e-01,-1.771096501685197055e-01,-9.422904208668198001e-02,-3.870830884443045294e-02,1.006463460687584133e-01,2.040850324222220555e-02,2.248524472101954760e-02,-1.834434204980835148e-02,-1.280093633026453855e-02,-9.028188313140100146e-03,7.724551016722035202e-02,8.443617796502492917e-03,7.876037219331845016e-03,-3.795749993878046874e-02,1.291421666199019970e-02,9.515849322832141063e-03,-7.149617849786833387e-03,1.498839931650604307e-02,7.229331856623883237e-03,3.011543225026526785e-02,-3.229357320399714459e-02,2.311323024758207140e-02,6.500396959091377103e-02,2.388727364404545433e-04,4.894142108343096237e-02,-3.822429687559857764e-02,-4.359515984577515268e-02,3.554658199328560204e-03,3.677812590511787133e-02,-1.702207080229600072e-02,-6.566572697953134211e-03,-1.261796266277920645e-02,-4.518400032781619974e-03,1.083523263264314120e-02,1.591694850943809955e-02,8.983266521620993095e-03,-3.666316259471465167e-02,3.056323308707549827e-02,-2.848057891030434090e-03,-3.766024565582380690e-02,3.880554398063894295e-02,2.857231740928363461e-02,-5.874831375478040650e-03,2.455036771956586525e-02,3.999409352426228081e-02,2.259208444434183602e-02,5.994517974099033628e-03,6.034953340428940265e-03,-1.130456748271156317e-02,-2.169064972062889618e-02,-1.643841280559469459e-02,-4.851492347193453458e-03,-2.250096835510179832e-02,4.479595342385923819e-04
1.000000000000000000e+00,-4.627506852919861802e-02,-2.006667939107077692e-01,-1.885791523005003190e-01,-1.722495279540713631e-01,-3.301834969558149063e-02,-1.689125179044118075e-02,1.187739226046633650e-02,2.350089022063482289e-02,7.259788950984541467e-02,4.316179940341748761e-02,-7.487115727668824938e-02,-3.306931374796838463e-02,8.828008753481796089e-02,3.687188931395095348e-02,2.581460315263519982e-03,4.600517365759954069e-02,6.801321061346263935e-03,2.946064063525595869e-02,1.976253411056356352e-02,5.155690181461475285e-02,7.372100061500547197e-04,-2.333123093481589971e-02,-7.209913496576353387e-02,-2.292066269529758130e-02,6.820258226981114336e-02,-2.954480509348651404e-02,-1.712978855343749718e-02,-2.766537623143100824e-02,9.275573495885008901e-03,1.859454966694782177e-02,2.548997926165627245e-02,-5.555735956815939861e-03,-1.054817658658380002e-02,-3.012165843089906897e-02,-1.023960665370371795e-02,7.965389150687729458e-03,-5.907599819836925267e-03,2.585027381401081362e-02,-2.474611027466479436e-03,-4.140878702962801777e-02,3.155263058841523832e-02,-1.164900961004751954e-02,-1.217133712122552697e-02,6.942951946505428011e-03,-5.591857875690767719e-03,1.888056598611995499e-02,-1.562973494215472506e-02,-2.821367823959768095e-02,5.926417313120937828e-03,-6.587250337419327077e-03,3.123904551393114157e-03,4.032267780620600595e-02,-1.768560114343420550e-03,1.977535601106504906e-02,2.097103315477273633e-02,-1.321970815631532195e-02
0.000000000000000000e+00,2.718281462173952404e-02,4.676210429467823060e-01,-7.359329456351505760e-02,-1.376640020478581694e-01,2.037380958983292176e-02,2.426787773704220177e-02,3.279353195880996275e-02,3.667169732786414865e-02,-1.042921462028734425e-01,-4.309195874481357852e-02,6.143621152208900149e-02,8.322988033838465971e-02,2.796526439540494152e-02,-1.082848298174258761e-01,-3.401135726427634981e-02,2.959620035419917479e-03,-4.508116972214971929e-02,-3.794169110668882405e-02,4.373767744761862530e-02,4.897872081239131731e-02,3.388645140242924764e-02,-5.362144281495639930e-02,-1.730403352638020670e-02,-1.189085964421568269e-02,2.787720746671685373e-02,-2.495370552890356988e-02,2.301233261146398701e-02,-3.354147012842455255e-02,-5.451764598888280550e-02,4.799494044413288654e-03,7.175022879639550086e-03,-1.307120205878632528e-02,4.287344942792983143e-02,8.041353920904063812e-02,1.559512726534353910e-02,-2.614140539361395690e-02,6.712064691138118315e-03,8.436659451084327008e-03,-1.315704343987767096e-02,-1.700541901902702380e-02,-4.094062373068067806e-02,4.470849468779966931e-03,1.825675158608061968e-02,-2.742445607062834675e-02,-1.223838602914539310e-02,-4.495360972419150739e-03,-1.701934774822451077e-02,-2.060718267196562023e-02,-9.606549783304116699e-03,-4.835724817475732518e-03,-1.330441260146576418e-02,3.824295048104967183e-03,-3.526627809472889657e-05,-4.558314657305269184e-03,5.701778235471575626e-03,-3.957707504599869246e-03
0.000000000000000000e+00,-4.536545903001154567e-01,-3.051304877965168583e-01,2.225531370836145439e-01,-1.838377458124575703e-01,-1.122969126960977337e-01,-1.005718051727511053e-02,-3.154057836763246581e-02,3.620808989873151862e-02,1.096880380155042592e-02,-8.629411991704627471e-02,9.799449495380947728e-02,-3.717024623183889237e-02,-5.723800838806217262e-02,-2.487179764100861962e-03,-6.758338790194837187e-02,-2.728097786739587874e-02,-5.987771741459035901e-02,-5.335383979940305083e-02,2.702718898290787028e-02,-5.987623019435788646e-02,5.757598723784411801e-03,1.329487327347078293e-02,-4.036152960745172796e-02,-4.012290407907993101e-02,-6.889108452759108714e-02,3.572285300213003806e-02,3.711987449243477760e-02,-1.257591273267361434e-02,3.058135884874852925e-02,2.228557278500657018e-02,-2.259568037853524128e-02,-1.444432588116454676e-02,1.094539391484241828e-02,-5.055135533220445759e-03,-6.075438408641407190e-02,-1.231489269047719368e-02,-1.635311024931839635e-02,-3.678162909381064299e-02,2.155440730903572868e-02,-1.204924963101909260e-02,2.477240393569798277e-02,-6.492343047917156600e-03,4.136722557337568079e-02,-1.237298152060863424e-02,-1.540318176089780847e-02,1.962537628042511709e-02,8.505584335299022983e-03,-1.529046584363980693e-02,5.301619463848799250e-03,9.400465236569156835e-03,-9.887419147427979269e-03,9.792109938826624310e-03,-1.171873648120533989e-02,3.294354769869400641e-03,1.442728871505959305e-03,-4.019524809446776113e-03
1.000000000000000000e+00,-1.385376635657385724e-01,-7.847033091882274491e-02,-1.376702790761460404e-01,-1.681589494198459100e-01,-1.344547074852988910e-01,-6.497071909745968932e-02,2.239800606364303892e-01,9.563806009668261721e-02,-1.291572061377208869e-01,-3.968256337572022285e-02,2.392609977859671763e-02,1.756329222854260269e-02,7.020067596146138678e-02,7.252599749035952559e-02,3.835328349911739515e-02,-4.225165084649641634e-02,9.058910443410907176e-02,4.330882998968527131e-02,8.247912053858233450e-03,3.269085497751674646e-02,8.736965794072203140e-03,7.297668955575274674e-02,6.807552712768388803e-02,4.503400723093747837e-02,-7.597187742661206007e-03,2.257173312994315353e-02,5.595550120355239493e-02,3.381103862386452413e-02,-1.667185766552517490e-03,1.903915188801909644e-02,2.726095523273934507e-02,6.348953550920263464e-03,-2.678705812195569455e-02,2.093359788635643093e-02,2.986045367872986410e-04,-1.362467177825432696e-02,-2.428053235111070005e-02,-4.718286036579569936e-02,2.178604295403830868e-02,-1.883928047949509285e-02,-7.657625100727880399e-03,2.185794170996899211e-02,4.701899162792997668e-03,-1.159220396033381522e-03,8.426465974466383624e-03,-2.626950583167802535e-03,-6.450950071420696180e-03,3.305130214010741294e-03,3.238928803149152512e-03,-6.375674310923694355e-03,1.188268533425529232e-02,1.198559394500585927e-02,2.051995557600675910e-02,1.377227469607246934e-03,1.208092761383383965e-02,7.301624731654986211e-03
0.000000000000000000e+00,-3.260113339140698896e-01,-3.890049984971939434e-01,9.026361695670798158e-02,-2.569884666918356708e-01,-1.513232861217179703e-01,7.854840421669519179e-02,5.696939412285818849e-02,5.091823886829278251e-02,-4.533679874295164919e-02,-2.439709140190070465e-03,8.988134971028956255e-02,-2.462900771914655618e-02,-5.989705569332429841e-02,1.825872344191310434e-02,2.099558021827076584e-02,-2.676653178055582796e-02,-3.201236839631647901e-02,-2.767508492439987779e-03,-2.323148855443712968e-02,-6.547092730999296006e-02,1.276257685083345694e-02,2.285007453944416442e-02,-4.987041532264473859e-02,4.165778718137932296e-02,1.298525028998243590e-02,-1.848469368826320680e-02,-1.983894465349521699e-02,-4.426781228357569431e-02,-3.788623615801702243e-03,-1.036234569934726610e-02,-1.835533384820091027e-02,-4.236631968459811381e-02,-1.781144651369711424e-02,-1.890978065370172226e-02,7.177244683779041012e-02,3.189308231317702219e-02,-7.878725271735116664e-03,1.886249502306329082e-02,-1.077354844004845512e-02,2.507923284687997925e-02,-1.048026632864212286e-03,1.939408142458110690e-02,-2.922318374958686113e-02,-4.065929712693708981e-02,3.116105446492523079e-02,-8.854999355054890553e-03,5.865202760531340077e-03,-9.498977130363090576e-03,-2.034991883564712944e-02,1.146401260700887458e-02,-7.859949066890716679e-03,8.955731927727798858e-03,5.374106765963810629e-03,-3.035639160922819040e-03,1.984643580269665562e-03,6.233550652205984560e-03
0.000000000000000000e+00,-1.267293353835718950e-01,-7.286098049330363979e-02,-1.836205938813634253e-01,-1.010083809429204310e-01,-5.450568557822588721e-03,-3.914964782838934593e-02,1.826897844971793819e-02,4.665737032309292404e-02,6.524962177604004890e-03,1.162451517690295810e-01,-5.219350044611643924e-02,-5.635919355815626614e-02,3.478107514550370788e-02,-4.021646410788738343e-03,2.356008994970898787e-02,8.364545888047512923e-02,9.304987604019926417e-02,-6.014487398210770566e-03,5.000202234582127626e-03,3.215754490425743600e-02,-1.695478926396639871e-02,8.783496008800677213e-03,-5.221560606328796289e-02,-1.928220231866010007e-02,-2.172098587078222427e-04,2.480260213105617631e-02,-1.766200357525729223e-02,4.491832922787664280e-03,2.299134227801074778e-02,1.120459690762017589e-02,6.955590295709426774e-03,1.258727203386905691e-02,8.697511845968343772e-03,-7.760395232563894151e-03,-1.495486410819650211e-02,-8.795879692868375024e-03,3.623437845975675982e-03,-1.356194749066026370e-02,2.802779915861669871e-02,-1.066836269323051967e-03,7.886426160973550661e-03,2.049995429951649920e-02,-2.004813665901041594e-03,-3.914914006204297386e-02,-3.706136288019764441e-02,-3.090625225537625351e-02,-2.783164090122454068e-03,1.215234850449306396e-03,-5.276623749842170724e-02,7.283266661025500875e-03,-7.807088700062788343e-03,-2.944015592770297257e-02,-7.068928232015586795e-03,1.981479343657393470e-04,-2.308640949481182564e-02,-5.830749641163484806e-03
1.000000000000000000e+00,1.126216900630025164e-01,4.525696197111779839e-01,-9.026859999433915760e-02,-1.743549268841683986e-01,5.956623294602342300e-02,3.235857999116140832e-02,-1.021247297654480496e-01,-1.053333844403850882e-02,-4.949293369689296979e-02,-1.764365789332329043e-03,2.321128056997321526e-02,4.464552978758024732e-02,4.948406490109236860e-03,-1.689837939091576660e-02,-3.170027960120264804e-02,1.258801127302051036e-02,1.886890921679274316e-02,-3.920568267332333323e-02,-1.456545818537928645e-02,-9.309086678670364101e-03,-4.847177233639689276e-02,9.144139256499322563e-03,-3.988170667504737504e-02,-1.009436652766319484e-02,-2.131263444835424653e-02,-3.646900145676167798e-02,-1.653122063866162283e-02,-2.927426249156726487e-02,-6.555705140666411024e-03,-2.569431095399482903e-02,-6.375181598423264664e-03,-1.220638189778907017e-03,1.037333167199976265e-02,2.808198382338696411e-02,3.373973980996052696e-02,-4.598226794195557632e-02,6.391302746218571924e-03,-3.255121104095931583e-02,2.659106369758563668e-03,-3.022763575963740429e-02,6.564104596331769848e-02,2.487723036160819495e-02,-1.216927507485795860e-02,4.561676428933459509e-02,2.634883277425684872e-02,-4.833899681206520020e-03,2.750607678611561094e-02,3.288712955622033474e-02,-6.976027591310907452e-03,9.859856893159347005e-03,7.221933884488724274e-03,4.915065824510064102e-03,3.316695787148988932e-03,3.947523130877478650e-03,-8.038835598193076054e-03,2.160116999526430221e-04
1.000000000000000000e+00,1.485997384327975845e-01,3.308583785079922124e-01,-1.271555132644347219e-01,-8.408629210995136050e-02,-7.140385154626346931e-02,-1.445639157122772731e-02,-9.588073122350946123e-03,-1.404567039838699460e-01,-3.637400166977419053e-02,-1.129380186695201488e-01,-7.927553922535822417e-02,8.893824743535898303e-02,1.303901784812092936e-02,4.183615764046623442e-02,5.941365036563791419e-02,-1.031578285685030762e-03,-1.322689363301815697e-02,1.027658594601044487e-02,4.565986846000320148e-02,-4.451837054408114280e-02,5.758718209530849785e-02,-1.761045635488403538e-02,-4.425262529643058523e-02,-7.872344917931825906e-03,-1.786250937214879306e-02,-2.917137625259206418e-02,2.971416577250744978e-04,-2.055020100437891795e-02,3.245430327757268391e-02,3.716015630578244078e-02,-5.983935749892916982e-03,2.569633002304687330e-02,1.352488116526196632e-02,3.479285008595583290e-02,2.048262879139621691e-03,6.537228231375562248e-02,-2.274599124818872317e-02,5.961263220144351165e-03,6.282566211052011129e-02,2.956798434142099766e-02,4.737682443223841314e-03,-4.042271080864542204e-02,-6.748227726409584265e-03,7.256387064100320097e-03,-2.383705373959595780e-03,-1.999412176421868845e-02,4.667314600060473197e-03,1.614200063306098568e-02,-4.089093507833314704e-03,-4.155545818388618230e-03,1.570378145028740804e-02,-2.928481961649184034e-03,-8.755371464412326377e-04,1.800604695669979008e-03,5.831083882927980654e-03,1.452505770779843148e-03
0.000000000000000000e+00,-2.990737437630068274e-01,1.843417258256390967e-01,-6.466975517402764884e-02,4.567795381357883655e-02,6.320332186951238898e-03,-7.219612605134646810e-02,1.502357417677517570e-01,-4.030893399732483895e-03,-4.507633518355304465e-03,-4.077207406003770761e-03,6.616833473153855422e-03,3.870922979905181555e-02,4.756382875681046743e-03,2.154826301001547956e-02,5.666550101485167724e-03,-3.070786455966391729e-02,6.858445715867797499e-02,-1.814704891120941938e-02,-7.801581429402459911e-03,6.722069673083874014e-03,-8.193390983765910796e-03,-1.623213347266945841e-02,8.608647092177623694e-03,1.535102614824611356e-02,-3.565687247373160174e-02,-1.648316319949548470e-02,-5.054500193069952352e-03,2.146133353764693649e-02,6.327294546513343929e-03,-1.671252100376169683e-02,-4.506143475053140529e-02,-1.028832617702461153e-03,-3.252797750906748220e-03,1.222973033924686873e-03,6.763446894112212272e-05,-1.285372959347428484e-02,-1.413848779500811136e-02,1.454384393524268439e-02,1.278411718166333477e-02,-5.125583828159568228e-03,-2.479383698935645058e-02,3.559307501806670705e-03,-2.966117052861181810e-02,-1.398497605315741910e-02,3.025358117047246762e-02,1.203076619352585683e-02,8.565262650577392875e-03,-2.156040707916235307e-03,2.614764150834510137e-02,-2.981768988597173291e-04,2.956692909220344761e-03,-2.003701761785611681e-03,-4.450762674287874615e-02,5.573059015414069325e-03,-1.547655697379682165e-02,-4.256018013178611281e-02
0.000000000000000000e+00,-3.478497379157715619e-01,2.472183467738021390e-01,9.100379249504460949e-03,4.878769041819232960e-02,7.675449803028935869e-02,-6.512623784416653183e-02,1.236353893164432727e-01,-5.753261960288628095e-03,3.451978269546224221e-02,-1.051316474422893214e-02,4.296769668095264810e-02,-1.490339059347977647e-02,-6.730459933140462737e-03,6.025390908514325662e-03,-9.917128636779178746e-04,-6.463928295724064021e-02,6.666827081186880999e-02,-3.369660309267703824e-02,-3.525966077130785609e-02,1.687135973571668793e-02,-3.367512069756675285e-03,-2.176530478557981568e-02,1.573629008646627511e-02,-3.435653240956491189e-02,-2.277138299927231740e-02,-3.682031422071730536e-02,-7.841191073289873912e-04,1.871392036615569798e-02,3.459437614770108360e-02,1.146933624060763289e-02,-3.445938867487082641e-02,8.318688076299332601e-03,1.865879207400319290e-02,-5.621494276658757852e-03,-6.824676407679914139e-03,-8.235460733342657436e-03,9.376368973342175464e-03,2.912465393026297117e-02,-7.551546931307836531e-03,-1.496993807143132994e-02,8.105541089145270120e-03,-4.205095036943971853e-02,-2.600426619177455614e-02,-9.127453045630288392e-03,1.722954308436720674e-03,5.608353742156685362e-02,1.773578219693621588e-02,1.497494401900329244e-03,-3.488764834918389041e-02,-1.820315446993090239e-02,-1.171583935759501482e-02,-9.904413996193656144e-03,3.468246721674546340e-02,-1.858625497347273642e-02,8.009521682724634120e-03,7.220367034681179907e-03
1.000000000000000000e+00,-2.166322704686465817e-01,6.273647154483098787e-02,-8.172647306284903934e-02,-1.697022250338782734e-01,8.507732485358739105e-02,-3.968835675183338130e-02,-1.555115917184017316e-01,-1.342787946879591965e-01,2.357022118091704477e-01,-1.789401337394791111e-02,-4.051097749694756306e-02,-1.079548197759406664e-01,4.616438457963976255e-02,-3.930376426442611787e-02,-3.902821687452662225e-02,-1.094667597402843306e-01,2.348939940538654139e-02,5.739433637474415650e-02,-1.106777488816173931e-02,-2.676428657183710369e-02,-2.007496588371628088e-02,4.043652256491341024e-02,7.630834040774935045e-02,-1.194078122305683703e-03,-1.244098562243756492e-02,2.513267639099969405e-02,-3.202937070600784392e-02,-4.521306089087794022e-02,-5.717963310066787042e-02,6.557353307145168120e-02,-2.553427280000978433e-02,1.669994853945240554e-02,-2.594931106638563231e-02,3.650123248486027844e-02,-3.086755082157362131e-03,2.941350221290705939e-03,6.518588792793807022e-04,1.730996829919463501e-03,-7.680220124325215676e-03,-1.505712358522426179e-02,-7.941998215330099697e-03,7.888980023634820093e-03,-1.182861208205352246e-02,-1.455430130184834532e-02,-2.125746937654022541e-03,-1.578542993515597709e-02,9.555031852791297936e-03,2.734013424653147805e-04,-1.374813594629993151e-03,1.801193642862983311e-03,-1.808399950898946637e-03,2.758891575555098667e-03,-4.911321009314849849e-03,-1.265868465613399036e-03,4.744946738885297451e-03,9.600139854309302275e-04
0.000000000000000000e+00,-1.258015547072264817e-01,3.279773276900029705e-02,-1.826582940736021510e-01,-7.049828943493463562e-02,-2.487783089257006655e-02,-4.714717476041536959e-02,5.274830077274616710e-03,-1.303989556631306168e-01,-2.078142957720348176e-03,-8.216740624305854390e-02,-1.967066616714628971e-03,4.120985437999362400e-02,-9.173434302145977784e-03,-7.150795303295767735e-02,1.597221404003890122e-01,1.413731090629475294e-02,1.209462624261697233e-02,-4.971825045521056224e-02,-8.304104860337772898e-03,-1.344759793214596669e-02,-3.911546266762076784e-02,2.652576069377534165e-02,2.725392246707150461e-03,-1.582424996433633158e-02,-1.918543170026897407e-02,-3.123733123240101457e-04,-6.257859058118823981e-02,9.137838931603976811e-03,-1.873125683706252514e-02,-5.330130572420618829e-02,-1.315432704690775584e-02,-6.545627796637105717e-04,-1.605579158903034862e-02,-4.147405670514306419e-02,2.958542192266053542e-02,-8.437814623166771735e-03,-1.639293445666485487e-03,-5.388318492170000168e-02,-3.171326786020110117e-02,-2.381462583186653298e-02,-5.221668473153563694e-03,-4.269266577628279269e-02,1.824708164203031266e-02,-1.760224892232763877e-02,-1.673419325128020288e-02,-4.253825951907938899e-03,-1.531771131725390665e-02,-1.759972384721896627e-02,1.170398071692309999e-02,-1.058370380583482928e-02,1.244797258706846141e-02,-7.330116257170485664e-03,-7.237838024014205465e-03,2.607450848019257986e-03,3.658568850060729336e-03,9.368725802839344974e-03
1.000000000000000000e+00,-3.892569356750956704e-03,5.553697511747203164e-01,3.636510338771131029e-02,-1.185067569008166344e-01,1.738777636044490094e-01,1.648514640157854039e-01,-5.708029798445027336e-02,3.133591844582312574e-02,-3.547934851424686120e-02,6.501232648809822379e-02,1.049724177753054710e-01,1.138067658972434504e-02,-4.269539690760776329e-02,1.458305110690332473e-01,1.010309605965832754e-02,6.487132018214968043e-02,5.222120145332193736e-02,-5.756697535202388166e-02,1.190838770344233855e-01,-7.643663122667480880e-02,-4.841912266331924869e-02,-1.982126835674601073e-02,1.486838321672399876e-02,1.757958314982180706e-02,3.565376422470675766e-02,1.971960367466482622e-02,2.342004953205104392e-02,4.175476549157773609e-02,-5.912878217298676159e-02,3.340173654082600335e-02,-2.671569920847121499e-02,2.984961008735987839e-02,-2.413937904506376769e-02,-1.969461028607069272e-02,-9.330840588580836814e-03,2.584900499828163625e-02,1.855337387569832783e-02,8.951108312674678838e-03,-2.167771248072584631e-02,2.422405988973076914e-03,1.034914788585849892e-02,-4.212565834454906795e-03,5.012268702375206886e-03,-7.059767973175781492e-04,-1.265886821844235165e-03,-5.432193788110550653e-04,-1.113376833409684442e-02,-4.619372616136627023e-03,3.875071206060165790e-03,-4.010645793871084504e-03,-2.767643872067055040e-03,-3.125045623397239552e-03,-2.455251045762456199e-03,-2.163106261401466154e-03,3.997664186724982430e-03,6.009459818079434038e-04
1.000000000000000000e+00,-5.147868241592118421e-01,-1.110115389411564513e-01,2.396911020244547885e-01,-4.310322474130177245e-02,-2.376778712329934498e-02,-1.319180412537380997e-01,7.904819365205478787e-02,-4.205446844665657741e-02,1.042797274072829877e-02,-4.882927740233703601e-02,-1.197287870954275545e-02,-7.667924291353189412e-03,-1.193879480971917623e-01,3.152873558434295381e-03,-5.735687092772902285e-02,1.090946246348463988e-01,1.423575475509911148e-01,5.361396585118648672e-04,-1.328344143488220663e-02,-7.598534910244741231e-03,7.343964112517314957e-02,-8.143600591115530973e-02,3.689621743617840094e-02,-5.112383701562275146e-02,-1.119766757372128024e-02,6.772777000185035978e-02,-2.170978305641648939e-02,-3.878415297650147919e-02,9.808912903764939115e-03,1.435977898375301147e-02,4.727106983455301586e-02,-1.128994578710895529e-02,3.324648151171411686e-03,6.544583755307558336e-03,2.864448922847459555e-02,-5.136597236470587594e-03,1.533866018453763913e-02,-2.405142776791207616e-03,-2.799800296484579454e-02,1.263762697240817558e-02,-2.285238854936327661e-03,-7.931009469850191021e-03,2.008613152899233335e-04,2.510993317645733927e-02,5.379161450024248260e-03,-1.918536909435559698e-02,-1.797022815445821985e-04,1.159432544484099038e-03,9.626367639078963617e-03,-1.371113560152085282e-03,2.866616968269047189e-03,1.150021204788469371e-03,4.831750470812772556e-03,4.635401179289442598e-03,6.476215476381992457e-03,-3.007184822958044144e-03
1.000000000000000000e+00,-4.521648119465475069e-01,-2.284904262584142864e-01,1.968025056934725736e-01,-1.475227146231160857e-01,-8.509913445586355166e-03,-3.085249705547430180e-02,-1.642781452811593879e-01,-1.025870038825059671e-01,1.373251488192076541e-01,-1.815482024047354245e-02,-7.344045158306274773e-03,-1.306841893268205768e-01,-6.775270171453243173e-02,-5.126854848796511682e-02,-6.341453267281132490e-03,2.296190903915856438e-02,3.965597482873016444e-02,8.184252533619222961e-03,9.117930011779899757e-02,1.541408658745255407e-02,2.880537619923525042e-02,1.111468296977383141e-02,-2.048096433034739955e-02,8.178778837510529420e-02,2.290298030166955379e-02,-8.099100360773611729e-02,4.267242889285535745e-02,8.197116203762032371e-02,2.064695273805224746e-02,-4.853442735571861233e-02,2.795230960443487178e-02,5.804076080807941095e-03,3.214639575701168372e-02,1.621363005669343438e-02,4.405789776207097962e-03,-9.215081963260079306e-03,-8.452257163408976801e-03,-3.922375106339295522e-03,5.299153688860067969e-03,-4.595770727346870990e-03,-1.733340847581774785e-02,-3.500478110390727927e-04,-3.451013579363824014e-03,1.188693670007029586e-02,8.922460983131520751e-03,5.030263827910168468e-03,-1.052097922398115282e-02,1.934042308971756132e-03,-8.272037541281705968e-04,-2.943062427478198868e-03,6.144387486117195395e-03,-3.975592587575180366e-03,2.392565610800491220e-04,1.233746714485223564e-03,-5.257442980222909110e-03,4.465446345425099633e-03
0.000000000000000000e+00,-1.034165866879709350e-01,5.718898592791124003e-01,8.342465274060795188e-02,-1.611937655931207081e-01,2.645487703912199895e-01,1.334737768856957552e-01,-4.633135619361272023e-02,-5.705329021928723376e-02,2.949767840759815254e-02,4.551565901971717232e-02,2.640100346088075645e-02,-3.091935008995511797e-02,-3.311443710256083139e-02,1.593810253332896831e-01,3.100054728093910514e-02,-3.231723301477758964e-02,-8.040010228743266207e-02,-3.145331897948290545e-02,-6.970866391196747780e-02,5.331758894853965564e-02,5.469621682965132570e-02,1.956615382503564676e-02,2.408390351936164075e-02,-1.439734321645053799e-02,-8.033432803888400364e-03,-1.685860133572731137e-02,-5.753637357911164929e-02,2.934453505586632951e-03,3.194380275269998598e-02,-2.283879129338032415e-04,8.199576592577491330e-02,-2.666652514145019873e-02,-8.307692308183879659e-03,-1.111157735704832242e-02,4.571846548013956332e-03,-1.843203620248714397e-02,-2.163285944390837615e-02,-3.715917969302541014e-03,1.488515102021276647e-02,6.444949950047968411e-03,-2.561537612458246807e-02,9.889395393077629950e-03,2.137415995099967853e-02,-1.036901038133175579e-02,-5.927156201997432934e-03,1.109923872984163243e-02,7.974950881429365007e-03,1.833580893809923012e-04,3.393233061796002183e-03,6.015677022249960211e-03,1.955088248266947156e-03,-1.143103347339810907e-03,7.201451659077068952e-04,8.376625124555904175e-04,-3.893514728144263897e-03,-3.940354896011874150e-03
0.000000000000000000e+00,-9.738068596588708714e-02,3.870852016592234851e-02,-1.846398839739253062e-01,-1.923970549995741852e-02,-5.444055109039244028e-02,-4.302556057977138804e-02,2.065125338028687627e-02,-1.277701213291743410e-01,5.914164475455898143e-03,-7.827338665707202214e-02,-5.845378817809484401e-02,7.689910539478125862e-02,-1.782409704679126586e-02,-1.255973634454054036e-02,1.556817942910580788e-01,4.827511184776648451e-02,-2.243369050326732630e-02,1.068316196301217005e-02,4.043964412269719644e-02,-1.901171766065167315e-02,-2.773193264656409820e-03,3.473644975577850486e-02,2.473587196763083265e-02,9.522782831575154691e-03,-4.151660671882603793e-02,1.382832004837679200e-02,-1.126580977035668372e-03,3.190412202024777225e-03,1.961718268724581271e-02,1.534047193461278435e-02,-9.070769988471238682e-04,-1.230256215615413429e-02,1.913650401771915810e-02,-1.077025427433493492e-02,-3.992985810291927590e-02,-2.569325376702100844e-02,-1.249302376581665902e-02,6.126874685301615664e-02,-3.155052416964730655e-02,1.093537896158878163e-02,5.887056660666691379e-03,5.158147273075655570e-02,5.881596803780455608e-03,2.433971390070962040e-02,5.341459508623540645e-03,1.270263544308256227e-03,-1.009139475131347677e-02,-3.904099494880376112e-03,-3.651153076387080986e-03,1.673409836686590157e-02,-3.464992169687294843e-02,7.938368895068577749e-03,1.113000025807076021e-02,-6.486857668454653995e-03,-4.173726689019809089e-03,-9.370211963514230892e-04
0.000000000000000000e+00,3.362666568193172223e-01,3.879654194454911220e-01,5.588611993948421237e-03,-2.260397180910914683e-01,-4.361164730251203964e-02,-2.054286192447083922e-02,-1.708173285009267350e-01,-5.072977873631626458e-03,-7.379715647840334736e-02,-5.625117573323162867e-02,-3.402585594770137639e-02,1.362864937127733489e-01,1.884220256347782577e-02,-4.739831605340071030e-02,-1.442245668629056066e-01,1.110480648682646461e-02,6.147777106550075810e-02,1.043874798041749818e-01,-7.926782305375644488e-02,-8.364671650360309962e-02,-6.210798866318294198e-02,7.084844072995844476e-03,1.422709066446850058e-02,-1.046652599865773893e-02,2.382761470931303235e-02,-3.523680195470486887e-02,1.497467982663455710e-02,2.995689464541358149e-02,6.321051869891970709e-02,-8.106228613349513584e-03,1.347940319310147669e-02,-6.018076359630667935e-03,-1.319670351742802464e-02,-3.386862014654641595e-02,-1.202734016230319614e-02,-3.161420627187715247e-04,-7.427080370144256358e-03,8.531084588923177128e-03,-2.179290947627719049e-02,9.894406294554623435e-03,-2.036685789927870915e-02,4.260327453632874704e-03,7.647155226564396682e-03,-1.879411041431806526e-02,-1.119489035803569732e-02,4.991433290489441510e-03,-9.358269111760703779e-03,-9.551011219923345036e-04,2.405924957526031811e-03,1.795690080275879274e-04,-4.278599536844014130e-04,-1.857885946274087392e-03,-8.679255830736357829e-04,1.431239891944749345e-03,1.414965470686740901e-03,2.416668905981700539e-04
1.000000000000000000e+00,-3.203834834994054859e-01,1.186163212823940216e-01,-5.396389622614438525e-02,-3.878025574093632577e-02,4.506723745054692920e-02,-7.689697360410330251e-02,2.101360680815265655e-02,-1.921344501921917053e-02,-3.443734784957783873e-02,-1.879160695529357231e-02,1.126633690839819180e-01,-7.868497276975611188e-03,2.093054144384376078e-02,-1.494332592728015718e-01,2.589002833068739830e-03,2.164277383613272612e-02,-7.264348396897737925e-02,9.878472726457612069e-03,3.719499604898299228e-02,2.712650092760469922e-02,-4.745130554658458233e-02,-7.876648821513743126e-02,5.010232085683534453e-02,2.318113059915215962e-02,5.111198430890310368e-03,6.044720544108012072e-02,-1.295909025044963102e-02,6.214037457987721044e-03,1.919747328585426089e-03,-1.376018915701072640e-02,4.298309734828224121e-02,8.146839734548751995e-06,-1.634775643795106925e-02,-4.091010349677141195e-02,-2.822397594437426726e-03,5.799383774740605318e-02,-7.576222747912876023e-04,2.667079912062414807e-02,3.580170631378336299e-02,-2.721770877557525004e-02,4.363957648989007405e-03,2.832675334710504228e-02,4.630893590987250966e-03,-7.940915913756181610e-03,1.264180583266519883e-03,1.565692908168122774e-02,1.719385551156315736e-02,3.093483549542694680e-02,-1.490159766610357891e-03,-1.153105072434476575e-02,1.752470105079016738e-02,3.126676433455345076e-03,-6.706129785538193647e-04,-5.613500285353169479e-03,-5.347606381415138596e-03,1.221422042218359887e-03
0.000000000000000000e+00,-8.424656264662754024e-02,-4.663081331540861463e-01,-3.782808563391744372e-02,-2.463495758278852199e-01,-5.222659267273533495e-02,1.536890658024105683e-01,5.079645306217789313e-02,5.266037566156190480e-02,-3.973137616021797658e-02,7.708660270969226735e-02,-3.086067908838019055e-02,-1.358913199688196148e-02,-8.024681695339546880e-03,-7.460305799243985639e-03,4.748631159479525105e-02,9.538686754756336636e-03,-1.347682845033071342e-02,4.246607935351713603e-02,-9.081301444957599889e-02,-5.463996332224974745e-02,2.537065343089165217e-02,-5.289948385092557021e-02,7.986249423217552101e-02,-3.941814650768097478e-02,4.909074801262700016e-02,-1.215679628591388728e-02,-4.866349880565395275e-02,5.599428630415150682e-02,-4.788222043107408232e-02,-4.349951791718127680e-02,-2.546015001321019419e-02,4.351546033295073529e-02,5.749032661325954169e-02,2.525525354053406724e-02,-1.914781888393540452e-02,-3.493687757686535136e-03,6.652633896386452722e-04,9.464688401684566432e-03,2.986906853031890546e-02,1.797524556655693759e-02,2.518088294176405381e-02,1.910062580154964348e-03,1.600041205462730126e-02,7.991242129143632383e-05,2.667896864210503403e-04,4.534788915373525776e-03,8.738266975949957743e-03,-4.398018298828287702e-03,1.341812864839196824e-02,-4.094610841936894164e-04,-5.526354461777227382e-03,3.201616924037742166e-03,-4.946442958267921290e-04,1.018638160675797632e-03,-3.686806550438280180e-04,2.491845235521424323e-03
0.000000000000000000e+00,-3.631825677481059084e-02,4.796632878933672628e-01,-5.845972773778474602e-02,-1.765015388918170502e-01,1.579263991547574519e-01,2.825180266650515262e-02,-6.883552646065195513e-02,-1.749402050100101400e-02,-5.490329984119932810e-02,9.508093575125978192e-02,-2.164908898566066803e-02,-1.652253615903218065e-02,-1.887213932823489718e-02,-5.820096011573320377e-02,-5.418044920903298395e-03,5.239988438872082016e-02,-4.105474261278099779e-02,5.234950274961143457e-02,-6.178485022711847907e-02,6.679061245907028099e-02,8.242560466472557967e-02,5.567098843336682618e-02,-6.575483951737350410e-03,5.673826881817665285e-02,-1.777791834726082099e-02,9.663648039782345156e-02,5.306329954468008009e-02,6.038429219684616524e-03,5.505246309533712995e-03,-1.909173896736724579e-02,-6.340891557426756031e-02,-3.787595461886516385e-02,2.203920901679775821e-02,-1.510381425287536834e-02,-1.000865165548336932e-02,1.074563883759893819e-02,1.961390369976647938e-02,-6.924383439007981110e-03,2.264568542065222359e-03,1.011421069509593935e-02,1.128671224067378902e-02,-2.615045593151422640e-02,-2.926154781084330109e-02,1.196854653109729813e-02,-1.072732584930138249e-03,-2.066218754760673106e-03,-5.972926998354973274e-03,-1.134970152175903725e-02,7.272190246369041912e-03,-6.702320914975058719e-03,-2.623771493959233328e-03,5.051520061442390554e-03,-5.566460519463759622e-04,3.955695290304016461e-03,6.215538139394904092e-04,3.707226234581400409e-03
0.000000000000000000e+00,4.339673470274987843e-01,-4.670706595448590459e-01,6.039128374654141596e-02,-6.150138059062846413e-02,3.149591005038457903e-01,1.499792349928697754e-01,1.162399635554815791e-01,8.604682290819424748e-03,1.554139376058170235e-02,1.978271756944274817e-02,-1.081228042780466303e-01,-4.717997124382708810e-03,1.389810950436092853e-02,-6.656564764467186313e-02,3.146163998357772579e-02,3.370773520024578085e-02,-6.005043685329785816e-03,-2.950704889773483539e-02,4.123527932968024112e-03,-3.541729157863639926e-02,-1.162727871814637180e-02,-3.712091280192816867e-02,1.895916237502512369e-02,-5.339688140081576967e-02,-2.530574120327126406e-02,-5.042147063799139184e-02,6.637517487814359463e-02,1.202973300537623150e-02,-7.591921531986276818e-03,3.801580903682975215e-02,-1.359640209978606618e-03,-5.168865850546002644e-02,-3.563141103700361804e-03,-1.713793081878349153e-02,2.010439928318610847e-02,2.678931260457818181e-02,-1.466846318545846073e-02,-3.902088088132187049e-02,4.120900033987585573e-03,-9.388631304692432455e-03,-2.404566875744949123e-02,2.006715643825760648e-02,-3.447097353819823101e-02,1.815562617263107026e-02,-2.365414115943713369e-02,7.583724841682874460e-03,1.624884237721841568e-02,5.461939358746227460e-04,1.144145554769348573e-02,9.951510422669515923e-03,-1.127182664399949651e-02,-6.055329666215792522e-03,-2.584678916510629951e-03,-2.487582401606706992e-03,4.444980219030733939e-03,3.573705350501852739e-03
0.000000000000000000e+00,6.688808893406802403e-01,-2.554236754945438115e-02,2.073196675567528513e-01,-3.490085496711866492e-02,-2.414287134605956273e-02,-2.223733353252094480e-01,1.023549913565310887e-02,4.408241574244874984e-03,-4.464383777008563980e-02,5.857940541373629628e-02,-4.377640209884732514e-02,-1.062396305657582578e-02,-7.975799162623471716e-02,-2.531024076970265699e-02,-6.905736596149654807e-03,-9.140540682182179966e-02,-1.049956501759748660e-02,-8.073522985678818764e-02,3.698385499192341497e-02,8.042637562832750941e-03,-1.381175888148659069e-02,1.227251774527062141e-02,1.304314058871636726e-02,8.251100212368600931e-03,1.139627976353238120e-01,5.827840403230469951e-02,-3.314425216784216977e-02,8.603052432555401141e-03,3.407871450389043239e-02,3.157498978672063777e-02,-3.646896721708826894e-02,-1.471725011191192837e-03,2.309562291362710421e-02,-1.160524794926256695e-02,2.476153528097142092e-02,-2.452153637781467888e-02,-6.519155342137661346e-02,2.731114337324225174e-03,3.950406299160765661e-03,-3.213346129330933287e-03,-4.375279887545768798e-03,-5.439344959535007476e-03,-1.034751131656818897e-03,1.049090150423338461e-02,-1.134844168492515383e-02,1.148341180617135386e-03,-9.907303378730022286e-03,2.304763620774306215e-02,4.145189029687371997e-03,5.215547698274326446e-03,-1.022600438826005813e-02,-1.536914372517230072e-03,-1.020499038124512026e-03,5.259600375773205647e-03,2.018024188331118702e-03,3.530707347596347872e-04
0.000000000000000000e+00,3.488818046262345818e-01,-1.291038032226290710e-01,-1.321221019410830366e-01,1.044262642707154687e-01,-4.325041326465760283e-02,-7.345450812385360267e-03,5.197252284725998282e-03,-1.293598658165089899e-01,-6.855919510878329126e-02,-1.611653879429740879e-02,-2.982415649957666226e-02,-9.333727336074934544e-02,-5.026446855578505651e-02,3.574259262359805178e-02,5.270699803215084939e-03,1.007799501954894945e-03,-1.476324975914182491e-02,-3.870970958869900808e-02,-4.802015316154616825e-02,-2.578381973964280482e-02,-2.352905609248527249e-03,-3.003195750591396498e-02,1.365777501748680935e-02,2.477703039001592430e-02,-1.023788124422748448e-02,2.205418944410819735e-03,4.593396043024813857e-02,-2.295959986693663774e-02,-3.481607411776201089e-03,-4.057242537961031764e-02,1.288535843235954700e-02,1.697134087343146400e-02,-4.384899894877768156e-02,2.953703532836000553e-02,-1.219817227477410383e-03,-9.723621791756570029e-03,4.422839473547988953e-02,-1.820645083159130265e-03,1.760809459352157989e-03,7.793762449901924828e-03,6.534322709588688549e-03,-3.087193268589243957e-03,-1.193479561321986009e-02,-3.105263854118626640e-02,-2.598331115356563442e-02,2.720268756885952516e-02,-3.274172725479287949e-02,5.138109467803052971e-02,-9.502219123336886394e-04,8.421908503146561392e-03,-2.120230101185757027e-02,1.420477120180986888e-02,-1.480208704451038953e-03,2.487640909667430955e-02,6.950849945710551800e-03,-4.712480777112742006e-03
0.000000000000000000e+00,5.354358050576898398e-01,5.295305890953207889e-02,2.589383995095136722e-03,-4.463038390912715120e-02,-5.601658952423597265e-02,-1.785476623961836373e-01,-3.469137596368183918e-02,2.316274170638003838e-02,-1.358516593435214470e-01,-3.130995597895049054e-02,-1.143356717927692251e-01,-5.019040559993730860e-02,-9.330855309900201733e-02,1.987541315602081929e-02,-6.595907151711775766e-03,-1.039095884340030251e-01,-7.909489394972095411e-03,-3.222449362829749725e-02,4.942334527562022850e-02,2.256464631811789037e-02,7.830995903479539763e-03,2.286467026958423701e-02,1.778929210868306077e-02,-4.083448106285406110e-02,1.810012898871750722e-02,-1.146154635839010880e-02,-3.174678856274953248e-02,1.514804660387334030e-02,1.308979311995754581e-03,-2.898079268757017615e-02,1.765527457516827964e-02,-2.098798455581171729e-02,-3.956750533578638068e-03,9.410271818935439861e-03,-4.871737785829147876e-02,4.947208081843056798e-02,7.237768099614495798e-02,-1.975591067888446406e-02,-1.597356879038859187e-02,2.327048207184726750e-04,2.587748759277380835e-04,2.065806705075780292e-02,-1.716777878498862431e-02,2.954593802921774356e-03,1.308909138196818686e-02,-4.173138866300768815e-03,1.573583522888617053e-02,-2.882272391572372749e-02,-9.381341278957344709e-03,-1.733071078672855864e-03,1.013576036708044477e-02,6.970886728640703252e-03,-1.504959378953557711e-03,-9.816777218742325090e-03,-7.870244676885792406e-03,-3.109126196194853583e-03
0.000000000000000000e+00,4.027069532633257287e-01,1.362067623904341940e-01,-9.242483125609202155e-02,-9.861574658051644113e-03,-2.087388701462841722e-02,-1.095123645310095706e-01,-1.182609091201213408e-01,1.446439436455931593e-01,-3.713472495025032377e-02,2.153581030555478878e-02,-4.310171366828744605e-02,-7.626741153673879947e-02,-5.030191371831384262e-02,-7.491268037124639879e-03,-7.242069286409651488e-03,7.082136896794427941e-03,1.704394913240433670e-02,4.528867300826027722e-04,1.645559425098839373e-02,-6.482552775867032879e-03,5.803675942204453153e-02,4.165909287839297120e-02,-1.440818294128746319e-02,-3.940570354334135827e-02,-5.915604611225052517e-02,-1.281388899873748405e-02,3.469839625687903828e-02,-6.485354011540550578e-02,-3.470120152102627864e-02,-4.779954152325956857e-02,2.842206953003847719e-04,8.724036733015155809e-02,-1.048381902476886417e-02,-4.445030444763362065e-02,3.010789644595065692e-02,-3.901922539467173566e-03,-2.252993579545413058e-02,3.302266772635544662e-02,2.215987700570867802e-02,-1.263558420021724388e-02,-2.253707648932897281e-02,1.803496785280917988e-02,9.337594421959458102e-03,7.569436145575447229e-03,-1.793484255266894999e-03,1.196379995565021066e-02,8.303648400283424741e-03,-1.227497589899601352e-02,1.587921161802233541e-02,-5.901558292937230353e-03,-4.982034113603850053e-03,-1.594878370943299262e-02,3.829475581168603412e-03,-3.834309728837734244e-03,8.891613480461336982e-03,3.277400778280262043e-03
0.000000000000000000e+00,4.573245454004906674e-01,-2.381591139191548689e-01,-8.518757683958133597e-02,2.786298243108950579e-02,9.760966658450008493e-02,-3.856247514718354197e-02,-2.453851104099640662e-02,7.825958277259247725e-03,1.481848606082479015e-02,1.377232959937081148e-02,-6.571909434483158563e-02,-6.042858541293553293e-02,-3.010938826121885986e-02,1.889071379577256585e-02,1.534397945987235785e-02,4.998725657766371622e-02,-4.072674590821480367e-03,-2.925771610923236232e-02,-3.723205398065645294e-02,-3.220760168812060280e-03,-3.459397806472754716e-02,-2.583416432188936213e-02,1.675242208107024719e-02,-1.741947672690032783e-02,-9.144190682826591505e-05,-4.854432180056326290e-03,5.262904861128488154e-02,3.396078114613766685e-03,8.765770036113441216e-03,-1.065844049964104374e-02,-2.322051866489647023e-02,-6.123980274337055552e-02,-4.647827794066942964e-02,2.436512132673842451e-02,-1.247515849061733330e-02,-1.316930463914687925e-02,-1.528013460367167939e-02,4.654630962927784610e-02,1.282363899653450427e-02,-2.772559123426636060e-02,4.961281047060812389e-03,-2.821802867356199007e-02,5.090599113245938834e-02,-1.881745887761004238e-02,5.020062819950836530e-02,-3.491770870432937129e-02,1.349288861973436341e-03,-2.412300220147700451e-03,-1.494135315034779627e-04,-1.151191343377007230e-02,1.287272713260648356e-02,-6.965454346653102320e-03,1.314951511953927656e-02,-2.838393098057028462e-03,-7.514081063368114287e-03,1.571750312414123881e-03
1.000000000000000000e+00,-4.870693854176951221e-01,-1.215828865955500132e-01,5.228655644794008017e-01,1.450853282000469369e-01,1.284435053166639862e-01,-1.289388719365836822e-01,-2.163964753465066893e-01,4.939373841016446443e-02,-1.988869657140154290e-01,-1.129950054848671975e-01,-8.369822249867393815e-02,-7.369204779099365610e-02,2.395920726951723534e-01,4.536382070938507760e-02,4.243789431033174325e-02,2.367356960073871766e-02,-2.628385061683193827e-04,-3.126004040714926852e-02,-1.619120878823939944e-02,-2.532282273791951546e-02,-1.692601647258187218e-04,-1.856776261410355428e-02,-4.157079855285186797e-04,1.884664131504926524e-02,2.287722628699607411e-03,1.232489103669502303e-02,-1.606086527779368445e-02,-4.705144906694146492e-03,-1.859446597017381381e-02,-7.117065943248370580e-03,-1.199141017842328058e-02,-7.892217330641005876e-03,5.341145819430966057e-03,-1.110980850821558950e-03,1.104648358093571463e-03,-9.076786181192420325e-03,-3.874365582124975234e-03,5.652474880234232071e-03,-3.055824264306221394e-03,9.446732172236986178e-03,-3.562534849091904439e-03,3.189949480087185259e-04,-6.987183079398389882e-03,-1.206444961758571096e-03,-1.272662216842467518e-03,1.675030963369535282e-03,3.076436043878652549e-03,-7.243206026903351155e-04,-2.606433215556159307e-03,-2.310474542202259080e-03,-8.203156580594564906e-04,1.025252629964457486e-03,2.742960057030841437e-03,1.094800479518286129e-03,-2.243670768426598953e-03,-4.081542898878576784e-04
0.000000000000000000e+00,5.140662579309324132e-01,-4.498695089601692509e-01,2.320056436891941021e-01,-1.892013275248030299e-02,3.908093967404470681e-01,1.771146271683813889e-01,2.441267428600636391e-01,-7.526800026213389949e-02,-2.317631429503126325e-02,-7.496395440103473251e-02,7.774464039487691790e-03,2.498474354257025284e-02,4.130875409554921746e-02,-6.360321890935083378e-02,-7.982339676028193942e-02,-1.205950283351056758e-02,1.563393965961146562e-02,4.427205435096574770e-02,7.036602070166336764e-02,-2.563123467921933022e-03,2.137839294946686577e-02,7.662473354633486666e-02,-4.313543908634705215e-02,4.471476199029750416e-03,-9.519306365262859837e-03,3.106920105313304772e-02,-5.409057541980017564e-02,2.115450568914187517e-03,1.209199990110266382e-02,-3.096229447468333215e-02,2.715386811586584584e-03,4.017373221522371057e-02,-2.465442852089884049e-02,8.620050253608131652e-03,-7.103923068514003116e-04,-1.658281387720865821e-02,1.295083719313138912e-02,1.949176236677422139e-02,8.410327899808817294e-04,1.476315407891524642e-02,9.360801651247070351e-03,-5.078059088527745249e-03,1.700497183617093178e-02,-1.438076992322466973e-03,1.071424861847654862e-02,4.597262309581855340e-03,-9.489099131601884743e-03,-8.698708996340163892e-04,-1.002812095195181226e-02,-3.126254561065325028e-03,4.672752551412286126e-03,3.002890070984593884e-03,-2.211540718530776502e-04,5.919870190901452452e-04,-1.403567784389529553e-03,-2.311906210099560436e-03
0.000000000000000000e+00,3.344546505034611261e-01,-1.600800182666949067e-01,-9.345543790787730343e-02,1.249307648887033467e-01,-6.143006942866313658e-02,3.942350304534653072e-02,2.574155044697828618e-02,-1.730591210747777220e-01,-1.377807166825820995e-01,-6.655128414981292817e-02,6.689875745209918068e-02,-1.232317291903546608e-01,-4.362374943040264047e-02,1.063789288044296039e-01,-3.705597036875621364e-02,1.594204415309731851e-02,-1.107552465201757166e-02,1.346937435102516789e-01,5.061224665453047285e-03,8.232373702347728361e-02,-6.109450603631460391e-02,-4.682997145314663628e-02,-3.734337299786852360e-02,-6.703993337134514854e-03,-2.151174195328572902e-02,-2.201960150805002802e-03,-1.280495035218211231e-02,3.968405006871088270e-03,-2.034704236795584209e-02,2.052396355177474319e-02,-4.926409415530944025e-02,-9.046113105166871463e-03,4.842140982873163052e-02,-9.412698905326912988e-03,1.641100858423263573e-02,5.582434962486298828e-03,-1.419872462177192152e-02,-5.504421578115308022e-03,-1.830843748494840120e-02,-7.692784655093253335e-03,-1.486355341580712641e-02,1.526475759636881403e-02,1.703878472790040788e-02,4.283588792913924255e-03,-8.328841101787552367e-03,8.459225285690794710e-03,1.370212891299771654e-02,-3.292455277189158033e-03,3.888531227055225400e-04,9.797249366672143231e-03,1.396402657443857748e-02,-1.218024260234024277e-02,3.035527455150673765e-03,8.720077077960257730e-03,2.952806554490986640e-03,2.270626096276810290e-03
0.000000000000000000e+00,9.241116290224334062e-02,-3.855400997193953599e-02,-1.928720093556002546e-01,1.089068964568302156e-01,-3.924559746427531970e-02,1.881093986645524310e-02,-4.729954713278956141e-02,-7.232968788208292421e-02,-4.219197168788717950e-02,1.276332139606605603e-02,2.512424864567307237e-02,-6.240067230387920383e-02,-1.246266006788917038e-02,-2.719308077144280689e-02,-2.250491584726677097e-02,3.472030245834460682e-02,-3.988015711912907407e-02,2.533283531828879869e-03,-3.990816034348786123e-02,-5.329573588626686231e-03,-6.276544888084936713e-02,-4.503265104347971975e-02,-2.384721971400535767e-02,1.003123422146611279e-02,1.197581724902623858e-02,2.881984913985071936e-02,-3.601182354684720694e-04,7.888742784642240741e-03,-2.275391064355218942e-03,1.585809037320290785e-02,2.864513922328282280e-02,4.411724070442202966e-02,-4.638396321145903112e-02,1.045036777422202884e-02,4.586290551640510860e-03,-1.416499951873814722e-02,-2.855326580080313689e-02,-4.310566107355442989e-02,2.021193705482361019e-02,3.304769195228588613e-02,-1.863056300391858003e-02,-1.670825507075711369e-02,-1.344753616757161756e-02,3.357485916348769417e-02,2.666930640399806443e-02,7.565305772314644996e-03,-6.540079075269156217e-03,-3.715718814322706287e-02,-1.526552117500752995e-02,-1.341055439646964345e-02,-2.894476970165209967e-02,1.986235978157280604e-02,1.737392760424331505e-03,-2.590091664410540048e-02,-1.561763639340863624e-02,-4.392234275308231142e-03
0.000000000000000000e+00,-2.719026137575398794e-01,2.432230455510099865e-01,-7.884716981738591410e-03,2.221930514895078257e-01,7.157270188918339604e-02,-1.718439126130997391e-02,9.374586319517930200e-02,5.308276316258037086e-02,-5.120933514428637617e-02,1.026133283496136750e-01,-6.385363237993543079e-03,-2.664295079774651326e-02,-2.814852522691821055e-02,-3.167383464476612037e-02,2.064251454558825496e-03,-2.902513048504396301e-02,4.818667850329069052e-02,1.103531227763551031e-02,-4.649837212662932817e-02,-5.598283754537675128e-02,1.509108185683761877e-03,-8.071772049827074386e-03,-3.808379685664052550e-02,3.117622652402756225e-02,-1.445367018584708431e-02,-9.380692305179912094e-03,-1.993962347625718307e-02,-1.292252051956528647e-02,-2.263811185742302043e-02,-1.436046115890773391e-02,1.223475607022765123e-02,5.016299701113661211e-05,2.897443765926285483e-03,1.145483002769944088e-02,-4.327113827927486084e-02,1.778005831343127535e-02,-2.591779204074813950e-02,1.267008962010882783e-02,-6.979191909827787803e-03,-2.771943735253840080e-02,-2.217504728655594198e-02,-1.862066575805042951e-02,2.791715483184876393e-03,1.917388661493627661e-02,-4.006668706584579163e-04,-1.182401541282128085e-03,-1.707385812478528012e-02,2.968464189475343053e-03,-1.224922548858826087e-02,5.881292193960387799e-02,2.099539948361848693e-02,1.892609414757366951e-02,-1.613603286801564701e-02,-1.147571822515398680e-02,2.993183856494315963e-03,2.028604196685520472e-02
0.000000000000000000e+00,1.064422802394018319e-01,-5.140793098225553831e-02,-1.834947658237892354e-01,1.639319223652737356e-01,-2.718509908774347991e-02,7.147978906715094644e-03,-7.868778498367601237e-02,1.187143476068575065e-01,-2.781571395024095769e-02,-1.725224369445094988e-03,8.757426490729021407e-02,-6.098633000251141995e-02,-1.059146974089270575e-03,3.975140453743026062e-03,-4.595769756880327059e-03,3.869443990262166899e-02,8.415265179971003276e-03,6.026604581106480285e-02,8.012150600095024888e-02,1.368974966922718167e-02,2.808329153666227693e-02,4.570357626378455246e-02,4.885255452074638988e-02,-6.218310595522828776e-02,-1.510736483889563858e-02,-3.867607773063592297e-02,-2.140393038336359938e-02,4.534444900933164331e-03,6.255498847359837640e-03,-2.715031992501293519e-03,-5.581234196674654882e-03,-4.458236565518444022e-02,1.339866390936084173e-03,-2.095019565208294712e-03,1.217623441149527641e-02,-2.589002502910559000e-02,-1.199646515418725974e-02,9.213907520023847247e-03,-4.016545636808067053e-03,2.560161980950088206e-02,1.170373834636398956e-02,-2.313282281642610461e-02,-1.139571555483823162e-02,-1.103452833413621353e-02,-2.765376822050775660e-02,-1.160916087000331623e-02,-1.515897261485598139e-03,3.208940935415380280e-02,7.438600475285952161e-03,-1.383362323923146252e-02,2.315186586994179719e-03,3.750335265770213256e-02,-1.670226924876000441e-02,-3.196730029018244462e-02,-1.029153482026292678e-02,3.740608107146468648e-03
0.000000000000000000e+00,-1.968365940083291743e-01,1.849498268953093660e-01,-7.066936497964441954e-02,2.524687046980522709e-01,2.667100276166775152e-03,1.510744460899487475e-02,1.948033367404392729e-02,2.048291427240697335e-02,2.482344733244027171e-02,1.417498445858711952e-02,3.813976070307397576e-02,1.456594658798881625e-03,-2.814490712790533242e-02,-4.689338219049048878e-02,1.723882058462850378e-02,-1.435409510682359585e-02,-1.217583341233535905e-02,2.180655600397108165e-02,2.273394309511630323e-02,-7.496922447875654927e-02,8.343145143537913921e-03,1.997939372684636242e-02,-1.309391204136801760e-02,-4.675311663953135230e-03,3.396505254791059442e-02,-1.175842460786652400e-03,4.886470915237825161e-03,-5.800887491572401938e-03,-9.865164019425654712e-03,6.680518097087168906e-03,-3.237417057097844060e-03,-6.372788797973961104e-03,-6.699994381005817956e-03,-1.128065486142567318e-03,3.427785238716121556e-03,-2.293246786099479781e-02,1.017836418961908830e-02,1.636597977957662603e-03,1.439102651810296798e-02,8.565394787775378396e-03,-1.263497454146904342e-02,-4.324252754621936770e-03,-8.384559678262517093e-03,-2.952373266843684192e-03,-2.718937529474786674e-02,-2.133053457463880784e-03,2.260469383081424935e-02,-2.038505621216153696e-02,1.888585867000911259e-02,1.044648136366854545e-02,2.186147600087540166e-02,1.167592321151683307e-02,5.046670627151208371e-02,3.274755409535131528e-02,-3.491955679232115056e-02,-1.231137139262832893e-02
0.000000000000000000e+00,-3.555558750948245028e-01,2.153324866463841303e-01,8.742056848100158983e-02,2.606090473330635593e-01,9.175280468517406363e-02,-2.200544957085423525e-02,4.290985792922696190e-02,-9.637937959786509884e-03,-1.040139886400908396e-02,-4.899206467723083921e-03,2.607733771019609542e-02,-3.598789698015952138e-02,-2.948900925365712314e-02,-3.181379078170546576e-02,9.238760780096275105e-02,-2.872970670440832056e-02,-4.742084808495709847e-02,8.065824224623957539e-02,-2.693132632444148952e-02,-5.280836147773151912e-02,9.016942882804818843e-03,3.221502795518029622e-02,-3.540273902803507677e-02,-5.807600867736240069e-02,7.506316498967779971e-02,-3.442473534210598214e-03,5.493660252049127612e-02,-4.491643543644997100e-03,2.665046635182779372e-02,5.214490775807118644e-02,2.265911622827856964e-02,2.594076792792726627e-02,3.368594115845376102e-02,-2.382954476223118206e-02,9.372175202192793708e-03,-3.111477511028795315e-02,4.895853655463282966e-02,-1.808613184927794840e-02,8.994089440756889570e-03,-1.136800467169262613e-02,6.153103164752822540e-03,1.116110542935430314e-02,3.380669749975125614e-03,-1.519304694114921063e-02,3.719159482632729274e-02,-1.026056871708054888e-02,-1.173867306987206281e-02,9.218858303451900674e-03,2.431865449032513497e-03,-8.821654845530301978e-03,1.180182317201988306e-03,-9.999497624123419165e-03,-1.933949674855341833e-02,-4.496501401853177440e-03,1.188860236004836077e-02,2.532208788399992194e-03
0.000000000000000000e+00,-2.820548788026930320e-01,1.858193599387892025e-01,-8.709932334014932123e-03,2.467252444126191435e-01,5.073260036402423012e-02,-3.180371499824468512e-02,6.502230747275315748e-02,4.778672511997157646e-02,-2.907022448140159435e-02,9.212769808960002971e-02,-3.457270721428937904e-02,-2.542747475716800737e-02,-2.663953222792077649e-02,-1.576431217676816862e-02,-2.167108632821481903e-02,-2.430324050880923112e-02,-2.400115270392295247e-02,6.579035655714114694e-02,6.523511848456089307e-03,-5.118664570037428224e-02,3.483194633487574077e-02,-3.535841626539776295e-03,-1.257113590335226343e-02,4.490221459055385861e-02,-8.234557775290548762e-03,-3.665574946500076148e-02,-3.415936861382370265e-02,-2.380913050099078138e-02,-8.006668575296672918e-04,-1.587194825729644140e-02,8.761168218353964851e-03,-2.501818414985346184e-02,-1.267555049711108044e-02,2.901101099390279020e-02,-1.673851641934319054e-02,4.548748769907688672e-02,-4.855145432187137067e-02,-2.857787578078842608e-02,-3.601843458799191405e-02,-7.753676499071331281e-03,4.253859894294495514e-02,1.622842298696920010e-02,1.560290431423457663e-02,1.246079315230681382e-03,-9.045472558142444303e-03,-1.135347353165358595e-03,-1.672833463769224024e-02,2.320033690640318363e-03,1.064148879480541349e-02,-3.624782077459092616e-02,-2.054765729001963373e-02,-2.738446406931803814e-02,8.958551752816441491e-03,-1.627232527822108227e-03,4.695347774984735996e-03,-1.318172100940739021e-02
0.000000000000000000e+00,1.675154930120014707e-01,-8.199957827693329926e-02,-1.996335256585507201e-01,8.094211471591643281e-02,-2.680299582061050970e-02,-1.965128345301086696e-02,-7.094209846818683163e-02,1.192771563344715569e-01,-1.490313586922116691e-02,-2.929826705568360293e-02,7.867293436006016216e-02,-1.405232498174991546e-02,2.090787566693416699e-02,-4.013911076152800600e-02,-2.059886390120857155e-02,2.835580534957404114e-02,-5.345619715367268959e-02,1.305689943102457742e-02,5.391175389271366664e-02,9.219163763027386771e-03,-9.848655262530533333e-03,1.783053527849957562e-02,8.760204279762261181e-02,-1.195162145374706678e-02,-1.525055162201350602e-02,-1.071449526531234597e-02,-2.155555865837106497e-02,8.351593687579515063e-03,-5.533023949880228921e-03,8.406715329737995956e-03,3.439684094686124710e-02,-2.337170012850899731e-02,-1.990185555190859216e-03,-8.868500628201721409e-04,-6.857891687616165903e-03,-1.391931715453102562e-02,-8.628714257514148028e-03,-5.274719564843193247e-04,5.218071666041749004e-03,2.593995069400488462e-02,1.436488667912683495e-02,-3.371951917281340583e-02,-2.409082711783181591e-02,1.120001595790755429e-02,2.630936033116580350e-02,9.138374659713026718e-03,-1.141869829668307537e-02,-1.554202603097929250e-02,-2.179529159405405730e-02,3.033771857938123012e-02,-7.222122431964043835e-04,-3.710027126299749595e-02,-6.751926626121976423e-03,3.514615444594241384e-02,2.083252590973482671e-02,-4.813171263355437053e-03
0.000000000000000000e+00,-3.360583362167116617e-01,-1.757233474323804390e-01,3.988569479854858768e-02,2.319203160703303679e-01,-3.174430737265862557e-02,3.803563132709581601e-02,-7.762921951047550839e-02,-5.396775299260721248e-02,2.015565757922925874e-02,3.854493854482694132e-02,-3.198822032809640198e-02,1.313935246815674251e-01,-4.439750446090347247e-02,2.653697556800908505e-02,-2.525021100906283192e-02,-3.991146166400999507e-02,5.993812910813577088e-02,1.525628668714749253e-02,1.519490054959410363e-02,7.275641780032100769e-03,-1.460565717490209907e-02,1.110391861542798890e-02,1.820503898575599744e-02,3.569402395806618722e-02,2.367246605288700345e-02,-1.196377342408421092e-02,-1.754385346752313987e-02,-2.827215720665973361e-02,-3.352071295566180081e-02,-1.812672066745185662e-02,-2.592577149620516747e-02,-6.389670569730883376e-02,-1.871125247118951562e-02,-2.007994508620556534e-02,1.895202389220967606e-02,-1.698022445394255925e-02,3.875861732113242836e-02,3.089627412642424308e-03,7.570531704483940416e-02,3.323463355239399987e-03,-8.049322071840782702e-03,1.383933929466433371e-02,3.159607699848960422e-02,2.899976293676055639e-02,-1.865703910522967940e-02,1.371544519149694476e-02,-3.774027936046199863e-03,-1.349738229696062497e-02,-1.599142902886312514e-02,-9.092665973147770475e-03,-1.086357331932349783e-02,-2.287948971954190894e-03,-8.664547611313409489e-03,-3.921009056163020888e-03,1.618887352866916693e-02,1.833934840345555466e-03
0.000000000000000000e+00,2.197202920695727479e-01,-2.613445971345801921e-01,-1.506063990912040740e-01,9.482903514994658889e-02,4.168442467206025237e-03,7.176751679125736860e-02,2.160369047936206918e-02,-3.448139210598856474e-02,-3.213183911259503284e-02,9.644752961437160280e-03,-7.305057696926451662e-03,1.004819326137361413e-02,1.735828228456694558e-02,3.903599437862542015e-02,-6.639091560684785842e-02,-7.545620851190922018e-02,1.740877592514543382e-02,-5.100301078811367295e-02,-4.082258204343105004e-03,-2.788436297233035793e-02,-5.958115227878404280e-02,-2.616091725093209509e-03,-2.526222567961980241e-03,7.012383071167953286e-02,-4.798403520697150371e-02,2.426588377805672866e-02,5.112957160876323986e-03,-7.866721391442201700e-03,-4.677873938944006674e-03,5.450694499891901162e-03,7.444030152380878840e-02,-4.569915009898064921e-03,8.123350885174854263e-02,-2.274725434763951240e-02,3.779225152713928081e-03,-1.509610757119378768e-02,1.330143647863427439e-02,2.531637590559194725e-02,1.126658732617272056e-02,-1.648203476874146936e-02,1.869787928732609059e-02,-2.519557261770262457e-02,-2.628956453168346599e-02,-1.570150338414785449e-02,-8.549849794903334119e-03,-3.616703738370850851e-02,4.545532467465615394e-03,-1.417620251122170966e-02,2.952646860105246143e-02,-1.114962044699436064e-02,-1.453598876335486338e-02,-3.972902398061094881e-03,1.228179770276013145e-03,-7.867537947078234381e-03,3.599877636683323817e-04,6.153938227497781320e-03
0.000000000000000000e+00,4.982700684873431207e-01,-1.954258091214978454e-01,-2.104384946959861682e-02,1.072868705001597395e-01,2.998606980034447533e-02,-2.959942351629497870e-02,-1.042670157244455532e-02,3.670149616256886127e-02,6.675157582930808797e-02,-8.460753731107317765e-02,1.578381463594724088e-01,1.881258193131209525e-02,3.063829340707146381e-02,8.219809218329285003e-03,-1.889495628806224514e-02,8.577500064548868042e-02,2.068270301476683379e-02,-4.158052412467044823e-02,-5.258565962847590314e-02,2.542671315599906098e-02,6.614548255941254951e-02,1.292402438663542083e-02,3.405001284770452219e-02,5.838376508138219678e-02,3.567575933740545213e-02,-6.152855970043252104e-02,-3.944155434705726160e-02,-3.814391150562058269e-02,2.051236446904339955e-02,1.790810792450648128e-02,-3.539069167325759740e-02,2.383563316421313458e-02,1.643547310119702898e-02,-3.213939078350807471e-02,-4.000154400038893887e-02,2.896590993010167078e-02,2.232444791088723790e-02,-3.051248148781503938e-02,3.441416093994067830e-03,-2.770005446922332165e-02,-2.380884424913500691e-02,1.558444624440400187e-04,7.391089184203536097e-03,5.212512610605544300e-03,1.408346629660267579e-02,-2.608821412505425708e-02,7.992878326846589859e-03,1.307377763777976647e-02,2.488310721112223407e-03,3.766135672938336447e-03,-2.639421027841322778e-02,6.713058670715668814e-03,8.141166981980977463e-03,3.468074156536439870e-03,-4.359790398630198835e-03,-1.319834803388227453e-03
0.000000000000000000e+00,6.532218598241721352e-01,-1.275080898039984978e-01,2.455985745993134184e-01,-7.015461654066462716e-02,1.405647712245600145e-01,-2.407931973871156872e-01,-5.638783747065615609e-02,2.169262655251933680e-01,1.647994383668627272e-01,-5.533001697055461160e-02,4.288452571283907222e-02,1.020710792557672220e-01,-6.651035321158987879e-02,3.217382247244608695e-02,1.138374731306379395e-01,-3.214109087582198154e-02,-5.152122306802958338e-03,9.351387716777465053e-02,-2.685629640431191553e-02,2.576497147795577328e-02,-2.950949915952055108e-02,-7.405366519798495251e-02,-5.551895552953100416e-02,5.132521989100727322e-02,-4.437351328278244661e-02,1.261916712979322709e-02,-4.838048158998253974e-03,1.869181942343379685e-02,-2.906943112224413817e-02,1.261919391613348061e-02,1.354745274394382297e-02,3.977627591525657522e-03,-6.250023124354151492e-03,1.665927585395271873e-02,2.828728254521372916e-04,-1.340522456466672861e-02,1.281026358465523797e-02,-7.143019343890444350e-03,3.152079879103295706e-04,1.394140956209020954e-02,1.088252596815041801e-02,-5.414280098682460254e-03,-4.039618703908534787e-03,-7.215606653669576209e-03,-1.068585209141090925e-02,5.803398057985346969e-03,-1.935196886838355061e-03,1.646487659935701436e-03,-9.794979293991281505e-04,-8.470618398544006245e-04,1.392858619252571170e-03,4.271912516925869402e-03,-7.173048807059880525e-04,-2.589321496610239373e-04,-2.290332634198693519e-03,3.054859119051995522e-04
0.000000000000000000e+00,2.183474518508224382e-01,5.359994624086420467e-01,3.266943116176826978e-01,6.806945828413493715e-02,-2.191110575545373307e-01,4.022064651424679393e-01,7.043022977197312129e-02,1.418145256480016769e-01,1.291773342197341246e-01,-9.386211397041960280e-02,-9.411407700940453702e-02,-7.187905011726913873e-02,-4.440410693162766438e-03,-7.313560954123308339e-03,5.518144240216005941e-02,1.603721394941535691e-02,2.239566799968050609e-02,1.322961849939140525e-02,2.066244271521820719e-02,2.937549324928325281e-02,-8.154248608348163563e-02,-7.868482265119509239e-03,3.698861358004777722e-02,1.424996910003549326e-02,1.898368263433279982e-02,3.044924838452007718e-02,4.791242286606967569e-03,-6.619651768722040197e-02,4.877990847511672057e-02,-4.020272564734001658e-02,-6.747598501734676860e-03,-1.551186297971941200e-04,1.696397132573486399e-02,1.320476562977704500e-02,-8.907062467691581956e-03,7.713256780246176628e-03,-2.746300925628008399e-03,-7.809388593734186389e-03,2.338089367960811190e-04,1.380445229336643102e-03,-7.445331200061060077e-03,-2.609824494506764268e-03,-3.509472522003452642e-03,1.523020742371698766e-03,-6.377454725247469784e-04,3.184060598500691990e-03,1.649218683122016240e-03,-2.228876225383878522e-03,-8.387826623427192384e-04,-2.324455596255330710e-03,6.584688514770149249e-04,4.179356639100234496e-04,-2.440014388142189294e-03,-1.088864379346144492e-03,4.955491454532249531e-04,2.816782657156741230e-04
0.000000000000000000e+00,3.998231571624050185e-01,4.181128395613006310e-01,2.539869543025775056e-01,7.531203776042866282e-02,-3.394259031114209568e-01,1.671480378978335568e-01,5.997408189646104282e-02,-6.409399525584143567e-03,-5.272286414448051559e-03,-1.320841394319727247e-02,-8.334807823953954697e-02,-3.958416670952729505e-02,1.415853872258824100e-02,-8.547058981648988918e-02,-3.325910003519234187e-02,-6.515503814039709518e-03,-4.369578942637237194e-03,-2.562338891520863152e-02,-2.514210890457742667e-02,2.640977937527990219e-02,7.639082086638837588e-02,-1.667723501072248746e-02,-3.276031068054039569e-02,1.663550526012517322e-02,-4.386115371564706239e-02,-2.184919108902208529e-02,-3.212841041076989340e-02,8.518255564168672467e-02,-6.128199129271519330e-02,7.064195052776381378e-02,7.358109635479235903e-03,-7.845186107384776938e-03,-3.619192970445696961e-02,-4.087283949219156637e-02,6.142959592991409368e-03,-2.006224423434784659e-02,1.039542312611688342e-02,8.365869418416131340e-03,1.371373542775464497e-03,-2.821094045852207133e-03,1.617501066532289755e-02,5.423722918569753859e-04,9.407889878219201363e-03,-5.855875440776543706e-03,5.877474807049095674e-03,-4.059247394428701708e-03,-1.025551289104391448e-03,9.558579987222984992e-03,9.277261774969545538e-04,5.016738775970979716e-04,-1.857381216174802631e-03,-1.330420872114546071e-03,8.744951706700803719e-04,1.370410572618126126e-05,-5.588907342623468172e-04,1.023605730600544766e-04
0.000000000000000000e+00,7.106704528144663913e-02,-1.825213359399216195e-01,-1.871425735403657031e-01,7.197531671039894552e-02,1.849072608805196055e-02,3.722054206268463755e-02,-8.045875972775334839e-02,7.813096161138771700e-02,7.146403568456591304e-02,7.812381942668483736e-02,-5.340955923555111562e-02,2.059343028828893377e-02,4.132438501896896349e-02,-6.575802869627693156e-03,-1.763243099154892038e-02,-2.850503083578381433e-02,1.662967052162948531e-02,-5.637505232590808713e-02,-1.273139623970361185e-02,-1.265482073860323652e-02,-1.380979795242791991e-02,1.977453604699801887e-02,7.303796470957600595e-03,-1.015373551651959499e-02,-6.050487102120497007e-02,1.814382223167868013e-02,-7.626790793893595006e-04,4.454632949893692385e-03,2.569539431213930473e-03,3.100918324931997011e-02,-1.868950479542449668e-03,1.308284027720211812e-03,7.072162706482534866e-02,-1.041552245612041919e-02,3.376508967997832178e-02,3.987550022350983686e-02,9.559564898855142656e-03,-1.538137697540403227e-02,-2.082803344106311585e-02,2.350250115961399419e-02,-1.946325307483591505e-02,1.076099285233473798e-02,4.036179541146515254e-02,8.946829419514896672e-03,2.790372513572901558e-02,2.446415870673527768e-02,-3.780042139781526062e-02,1.573738594809273930e-02,-2.039628282542061896e-02,-1.688132625617378216e-02,1.843867651989893747e-02,2.174287106805099581e-02,4.661516833557319620e-03,1.557862323285945545e-02,-1.196498201838698018e-02,-6.307069245910876948e-03
0.000000000000000000e+00,-3.011880109326015020e-01,-3.786362503953994985e-01,6.678187964770744556e-02,2.775121914377471147e-02,-4.080237376082784112e-02,1.193758516509225986e-01,-1.347649148419020060e-01,5.802772313197850779e-02,-1.182248115791547510e-01,1.078583094970975848e-01,2.228257465778970409e-02,3.879201465466239340e-02,-1.630738310862455895e-02,-3.507787749249101361e-02,4.724254780557594902e-02,-2.273522977700177111e-02,-2.030871140508503769e-03,3.606433353805228205e-03,-1.026041858384114979e-03,6.055623739463282529e-02,-1.415626576660134785e-02,1.361910150625243732e-02,1.863271795029591144e-02,1.522652851320874939e-02,-2.544422186535363894e-02,-1.186225051356153137e-02,-1.276225372523016703e-02,1.686646306967204412e-02,9.029246122581771616e-02,5.309563129437869927e-02,-8.530121483539557237e-03,4.181941908714766759e-02,-3.954603035672782374e-02,4.839918156001013494e-02,4.583444008769366890e-02,2.369509266319308818e-02,3.549990574799516407e-02,2.210597829900550620e-02,-1.641199636475535600e-02,-2.445942145386120412e-02,5.225964487089083087e-03,-1.349475296885753635e-02,1.777879409297180094e-02,1.116115235069746643e-02,-1.622527638465239008e-02,1.073236618735871548e-03,8.397432667302228912e-03,-1.191126106618143644e-02,2.220871024338370511e-02,1.508929847486940347e-02,-8.808519524049979524e-03,-5.882675098503229415e-03,-6.648395359636931866e-03,7.513047747132773095e-04,-5.748511904712419983e-03,1.340144652995639476e-03
0.000000000000000000e+00,4.020540855110631973e-01,-1.691824718404222327e-01,-1.056050396572721095e-01,1.153246363502545141e-01,-1.745007769648671339e-02,-2.483495044057747094e-03,-3.753119077462683043e-03,-4.755348077324303424e-02,2.474691218579689808e-02,-2.305382007936735908e-02,4.629332959936997838e-02,-7.922492095652978322e-03,-5.266312530403820247e-03,-1.760236375986736976e-02,3.723050122215855809e-03,6.474520424656406148e-02,3.905780731995652216e-03,-8.555920012031524580e-02,-6.324211539695770434e-02,-1.883103742948982057e-02,3.133761641504466400e-02,7.065590960952467837e-03,2.269534387678226114e-02,6.138899203300009905e-02,2.651709477081120800e-02,-1.249571454520287395e-02,1.895936851677019336e-02,-2.844389625764194227e-02,1.945036065075825618e-02,3.256305128340179766e-02,-2.156550982482935853e-03,1.009169289525759482e-02,-2.629736754838018619e-03,1.967589246374329762e-02,-1.005670380226103208e-02,-2.290367373582296098e-02,-7.660798177798141574e-03,1.160801253575380158e-02,-1.704501041871112760e-02,2.877152273630933371e-02,2.704155108008611183e-02,3.374645105606428191e-02,-6.193229156808754098e-03,-5.351686287112400291e-03,-2.327645281157000520e-02,2.399249047018769954e-02,9.605368780915550520e-03,-2.845424108532011720e-02,-2.465673406258779479e-03,-1.387928329034162321e-02,5.471599552697826302e-02,-8.889616978826151567e-03,-1.708412835679663788e-02,-1.537247177593691061e-02,8.902000209228022251e-03,3.241656492518500687e-03
0.000000000000000000e+00,-1.881131577209918526e-01,-4.417253715629437805e-01,7.406617990701913623e-02,1.097193670714855795e-01,5.521388687197249963e-03,2.359673701307637428e-01,-2.067003268451245712e-01,-7.744454462516661697e-02,-4.532038059036919836e-02,5.525676488691515231e-02,1.330979663251952334e-02,1.483513132908455268e-01,-3.136705583191905233e-02,-1.860726230113069271e-02,3.033241473601096250e-02,-9.359266229802876147e-02,5.572642864792651946e-02,-2.978633199237093899e-03,1.913009573192709159e-02,9.490612645867504971e-02,3.724061891667172081e-02,-4.051019895798594478e-02,-5.162806582396938654e-03,-2.991773913755922318e-02,1.553991284721986492e-02,3.706055635533860113e-03,4.150672591261743427e-02,-3.377963608109509769e-02,-2.595367463589696999e-02,-1.325001757562097038e-02,7.783013826437468891e-03,2.200830572314767253e-02,-1.367453801074009281e-02,-2.625108616503869438e-02,-4.840299588403221970e-02,-6.649947611169540126e-03,-4.008708205590600510e-02,-1.615461146044227733e-02,-2.328763485884030593e-02,1.449230016988030910e-02,9.371395713111871015e-03,1.647736536387869519e-04,-1.766468477866843176e-02,-2.530941421677083969e-02,1.972679855429682050e-02,-8.472819635398694954e-03,5.240571190807031925e-03,1.324200361378079401e-02,-4.081693171197355724e-03,1.604565430213099374e-03,9.567164747587257254e-03,9.804067399284525659e-04,8.059436619593027609e-03,1.937199489553894510e-03,-1.435504669130113937e-03,-1.391890783535368976e-03
0.000000000000000000e+00,6.411911986702825139e-01,8.128286321186746488e-02,5.115684400417753741e-01,-1.758615994109220468e-02,-2.297238466344285190e-01,-1.508757921888312925e-01,6.966373733931865986e-02,-1.895857188514646352e-01,6.569314441204007760e-02,2.500964881090017577e-01,1.307777645971086311e-01,4.096231079781056938e-02,1.222603734412869569e-01,1.544107621638437372e-02,2.997840976006023103e-02,2.893745789504510724e-02,-1.296200941160727260e-02,2.120856813325208007e-02,1.971297185807361491e-02,-1.897667004257581544e-02,-1.388654386954554093e-02,2.072097467362211259e-02,2.200626232827912476e-02,-4.166430510455014502e-02,-3.146461038257739040e-02,-1.039062199153416993e-02,2.352305641965191790e-02,-2.149279491274842455e-02,7.154646941237317653e-04,-2.929451560694045290e-02,1.442595186723376333e-02,-6.168037768114760511e-03,6.694646211277812363e-03,1.196456310329151694e-02,-9.366492783347629084e-04,8.718551095097795689e-03,6.843315752920024926e-03,-1.781407450304051034e-03,-3.848924788531261649e-04,9.374961607695503525e-04,-2.899900151945144361e-03,-3.923285405819078309e-03,-4.060107510669831374e-03,2.718652301434382017e-03,3.775997229969337531e-03,-7.638239165343531140e-05,6.366243286435222491e-04,-9.558942723558359889e-03,-6.128160484704304778e-06,-9.350196544670299819e-04,5.993506829667667041e-04,6.785566677688242582e-04,6.146493428354321250e-04,-8.019422376659209473e-04,-5.995169902513498026e-04,-1.876864231176649065e-04
1.000000000000000000e+00,2.228569910720466785e-01,-5.477232595682163946e-02,-1.104866610297221136e-01,2.430233410241700587e-01,-6.751380658340264129e-02,8.064524588184518450e-02,-1.026263717411752957e-01,3.873057643785914397e-03,1.201855366867322639e-01,-1.223585697832582642e-01,1.103741434911237745e-01,2.911384998058162699e-02,4.316895417645607441e-02,3.700357226830025548e-02,-6.169088130528425397e-03,-1.749227271352304589e-02,3.860698083708732214e-02,-2.745670487591149456e-02,-5.921379653242481167e-02,-7.126688042047954474e-03,3.674212685913064852e-02,4.814696511102949800e-02,-5.284389186914802139e-02,-6.904472891048044070e-02,3.344978992437491749e-02,7.363518545445069119e-02,1.697263811089442381e-02,8.024651557614607966e-02,-1.225526396970050454e-02,-4.235977336573418239e-02,1.567359798255357761e-02,-1.846407313798646005e-02,-3.194464685068754920e-03,3.932769493950318690e-02,2.371589787438022762e-02,4.550860516452358978e-02,-1.840856614871725153e-02,1.669441877496539300e-02,-2.579717829433555727e-03,-2.692398728643258937e-02,3.993692069934275460e-03,1.764791569753657724e-02,-1.326317362132962280e-02,9.587542131491670963e-03,-9.028088802360537471e-03,1.696653944350758839e-03,1.493064267806521643e-03,-5.118172013902713008e-03,-1.189430042900215282e-03,3.521173164871130041e-03,-1.119305893079842150e-02,-7.263414806448038712e-03,-5.003377734890209275e-03,-1.427791804492653624e-04,2.119041759317580927e-03,-6.598488743678506535e-05
