ID,length,imagepath-length,width,imagepath-width,label,L-length,T-length,A-length,E-length,L-width,T-width,A-width,E-width,weight-pre1,weight-pre2,weight-day1,weight-day2,weight-day3,weight-day4,weight-day5,weight-day6
1111,60.42,200630_052003_0000000190_CAM2_OK.bmp,46.598,200630_052008_0000000191_CAM2_OK.bmp,F,1.039276896,0.765558834,0.039276896,0.306235336,1.044896296,0.769924241,0.044896296,0.298829088,53.662,,53.078,52.72,,,,
1112,62.926,200630_052129_0000000192_CAM2_OK.bmp,46.65,200630_052133_0000000193_CAM2_OK.bmp,M,1.091703444,0.738523372,0.091703444,0.354053289,1.100967191,0.742236355,0.100967191,0.347279735,56.094,,55.647,55.368,,,,
1113,65.545,200630_052158_0000000194_CAM2_OK.bmp,47.543,200630_052203_0000000195_CAM2_OK.bmp,Not fertile,1.119694911,0.717144747,0.119694911,0.394418635,1.115169974,0.720103972,0.115169974,0.388688355,59.476,,58.932,58.589,,,,
1114,62.113,200630_052231_0000000196_CAM2_OK.bmp,47.746,200630_052236_0000000197_CAM2_OK.bmp,F,1.068241643,0.762896053,0.068241643,0.310794565,1.056596604,0.766578165,0.056596604,0.304498414,57.315,,56.809,56.493,,,,
1115,60.932,200630_052259_0000000198_CAM2_OK.bmp,45.77,200630_052304_0000000199_CAM2_OK.bmp,F,1.088259803,0.746555674,0.088259803,0.339484831,1.079604218,0.748530251,0.079604218,0.335951351,52.197,,51.601,51.236,,,,
1116,64.649,200630_052345_0000000200_CAM2_OK.bmp,47.372,200630_052402_0000000201_CAM2_OK.bmp,Not fertile,1.055884867,0.725669601,0.055884867,0.378037606,1.042330695,0.726443446,0.042330695,0.37656965,58.078,,57.54,57.225,,,,
1121,65.984,200630_052522_0000000202_CAM2_OK.bmp,46.955,200630_052529_0000000203_CAM2_OK.bmp,F,1.08212335,0.711370683,0.08212335,0.405736873,1.075267784,0.713822167,0.075267784,0.400909142,59.681,,59.084,58.719,,,,
1122,63.678,200630_052624_0000000204_CAM2_OK.bmp,49.285,200630_052629_0000000205_CAM2_OK.bmp,F,1.063480352,0.767426355,0.063480352,0.303056631,1.065204721,0.770734576,0.065204721,0.297463526,61.054,,60.451,60.079,,,,
1123,62.214,200630_052706_0000000206_CAM2_OK.bmp,46.446,200630_052712_0000000207_CAM2_OK.bmp,F,1.079218265,0.743128785,0.079218265,0.345661774,1.083125934,0.743742967,0.083125934,0.34455053,54.856,,54.374,54.077,,,,
1124,62.352,200630_052748_0000000208_CAM2_OK.bmp,47.283,200630_052754_0000000209_CAM2_OK.bmp,F,1.122754473,0.747768377,0.122754473,0.337312503,1.114533428,0.752384711,0.114533428,0.329107285,55.918,,55.326,54.967,,,,
1125,61.85,200630_052829_0000000210_CAM2_OK.bmp,48.499,200630_052835_0000000211_CAM2_OK.bmp,F,1.117238675,0.758477099,0.117238675,0.318431369,1.110772352,0.764210789,0.110772352,0.308539495,60,,59.436,59.089,,,,
1126,63.798,200630_052920_0000000212_CAM2_OK.bmp,48.502,200630_052926_0000000213_CAM2_OK.bmp,M,1.098335598,0.732665497,0.098335598,0.36487934,1.105916985,0.737112826,0.105916985,0.356644418,62.293,,61.805,61.519,,,,
1131,63.426,200630_053126_0000000214_CAM2_OK.bmp,47.768,200630_053133_0000000215_CAM2_OK.bmp,M,1.039395121,0.746903493,0.039395121,0.338861057,1.041146959,0.750345754,0.041146959,0.332718943,58.181,,57.668,57.35,,,,
1132,62.98,200630_053207_0000000216_CAM2_OK.bmp,46.866,200630_053212_0000000217_CAM2_OK.bmp,F,1.079522509,0.740399839,0.079522509,0.35062158,1.049481563,0.748098606,0.049481563,0.336722181,57.094,,56.545,56.199,,,,
1133,60.153,200630_053246_0000000218_CAM2_OK.bmp,44.431,200630_053251_0000000219_CAM2_OK.bmp,M,1.08336606,0.728267967,0.08336606,0.373120946,1.080679974,0.732042904,0.080679974,0.366040153,49.175,,48.621,48.281,,,,
1134,64.088,200630_053326_0000000221_CAM2_OK.bmp,46.879,200630_053330_0000000222_CAM2_OK.bmp,M,1.073643247,0.725925558,0.073643247,0.377551718,1.075773337,0.729062265,0.075773337,0.37162496,56.818,,56.324,56.015,,,,
1135,61.791,200630_053404_0000000223_CAM2_OK.bmp,45.664,200630_053409_0000000224_CAM2_OK.bmp,M,1.13325924,0.730857702,0.13325924,0.368255404,1.11777367,0.735208566,0.11777367,0.360158255,52.545,,52.001,51.666,,,,
1136,62.551,200630_053449_0000000225_CAM2_OK.bmp,47.809,200630_053453_0000000226_CAM2_OK.bmp,M,1.051475379,0.749345528,0.051475379,0.334497855,1.060101336,0.748299998,0.060101336,0.336362425,58.821,,58.36,58.086,,,,
1141,63.982,200630_053549_0000000227_CAM2_OK.bmp,44.896,200630_053553_0000000228_CAM2_OK.bmp,M,1.068144521,0.689835227,0.068144521,0.449621534,1.075752014,0.691513681,0.075752014,0.446102987,51.204,,50.646,50.32,,,,
1142,65.359,200630_053619_0000000229_CAM2_OK.bmp,49.068,200630_053625_0000000230_CAM2_OK.bmp,M,1.047837327,0.745723386,0.047837327,0.340979803,1.046607824,0.74643453,0.046607824,0.339702224,62.684,,62.093,61.726,,,,
1143,61.393,200630_053651_0000000231_CAM2_OK.bmp,45.226,200630_053656_0000000232_CAM2_OK.bmp,F,1.038532978,0.759692596,0.038532978,0.316321898,1.0130133,0.763130432,0.0130133,0.310391983,55.11,,54.548,54.208,,,,
1144,60.626,200630_053724_0000000233_CAM2_OK.bmp,46.938,200630_053728_0000000234_CAM2_OK.bmp,F,1.061865081,0.769417626,0.061865081,0.299684289,1.050325897,0.770468637,0.050325897,0.297911364,54.331,,53.807,53.491,,,,
1145,60.817,200630_053756_0000000235_CAM2_OK.bmp,47.422,200630_053805_0000000236_CAM2_OK.bmp,M,1.095091581,0.769165043,0.095091581,0.300111087,1.082190031,0.775380462,0.082190031,0.289689448,56.46,,56.001,55.727,,,,
1146,61.655,200630_053836_0000000237_CAM2_OK.bmp,47.189,200630_053840_0000000238_CAM2_OK.bmp,M,1.075394453,0.75702768,0.075394453,0.320955662,1.067096443,0.760681408,0.067096443,0.314610807,55.702,,55.184,54.876,,,,
1151,62.671,200630_053925_0000000239_CAM2_OK.bmp,47.389,200630_053930_0000000240_CAM2_OK.bmp,M,1.119648264,0.731414209,0.119648264,0.367214347,1.117979593,0.733699745,0.117979593,0.362955359,58.853,,58.291,57.947,,,,
1152,61.303,200630_054003_0000000241_CAM2_OK.bmp,48.46,200630_054008_0000000242_CAM2_OK.bmp,F,1.069495669,0.782239452,0.069495669,0.278380933,1.097275289,0.786385119,0.097275289,0.271641561,57.44,,56.894,56.557,,,,
1153,62.694,200630_054037_0000000243_CAM2_OK.bmp,46.743,200630_054043_0000000244_CAM2_OK.bmp,M,1.077510441,0.723154964,0.077510441,0.382829477,1.09181704,0.723172845,0.09181704,0.382795285,56.487,,56.015,55.728,,,,
1154,65.73,200630_054110_0000000245_CAM2_OK.bmp,46.923,200630_054114_0000000246_CAM2_OK.bmp,F,1.106188278,0.705901684,0.106188278,0.41662787,1.096260613,0.70877406,0.096260613,0.410886848,58.057,,57.507,57.169,,,,
1155,60.764,200630_054150_0000000247_CAM2_OK.bmp,46.71,200630_054200_0000000248_CAM2_OK.bmp,F,1.068330765,0.76116797,0.068330765,0.313770467,1.067997214,0.764764659,0.067997214,0.307591803,53.595,,52.973,52.591,,,,
1156,59.599,200630_054301_0000000249_CAM2_OK.bmp,46.345,200630_054306_0000000250_CAM2_OK.bmp,F,1.058182993,0.77485494,0.058182993,0.290564141,1.064120415,0.778066894,0.064120415,0.285236537,52.135,,51.568,51.224,,,,
1161,62.888,200630_054352_0000000251_CAM2_OK.bmp,46.591,200630_054357_0000000252_CAM2_OK.bmp,F,1.08911228,0.732664493,0.08911228,0.364881211,1.09881892,0.736654576,0.09881892,0.357488342,55.626,,55.031,54.669,,,,
1162,63.297,200630_054419_0000000253_CAM2_OK.bmp,45.707,200630_054424_0000000254_CAM2_OK.bmp,F,1.085696167,0.714671984,0.085696167,0.399243321,1.09139394,0.717139707,0.09139394,0.394428436,53.901,,53.392,53.082,,,,
1163,61.089,200630_054448_0000000255_CAM2_OK.bmp,46.974,200630_054452_0000000256_CAM2_OK.bmp,NR,1.098403491,0.760446337,0.098403491,0.315017182,1.079737256,0.764632055,0.079737256,0.30781857,54.323,,53.784,53.45,,,,
1164,61.507,200630_054515_0000000257_CAM2_OK.bmp,47.727,200630_054519_0000000258_CAM2_OK.bmp,M,1.107549948,0.737051694,0.107549948,0.356756939,1.096801399,0.739547244,0.096801399,0.352178657,58.169,,57.61,57.27,,,,
1165,59.975,200630_054544_0000000259_CAM2_OK.bmp,45.974,200630_054549_0000000260_CAM2_OK.bmp,M,1.047051052,0.754184693,0.047051052,0.325935158,1.098772872,0.749103292,0.098772872,0.334929389,53.003,,52.485,52.171,,,,
1166,60.748,200630_054610_0000000261_CAM2_OK.bmp,48.142,200630_054615_0000000262_CAM2_OK.bmp,F,1.106501225,0.7861433,0.106501225,0.272032719,1.107721989,0.78995557,0.107721989,0.265893979,57.164,,56.589,56.241,,,,
1211,62.651,200630_054747_0000000263_CAM2_OK.bmp,46.564,200630_054803_0000000264_CAM2_OK.bmp,Not fertile,1.087936158,0.738582235,0.087936158,0.353945373,1.089049558,0.73990224,0.089049558,0.351529899,54.543,,54.017,53.719,,,,
1212,62.622,200630_054829_0000000265_CAM2_OK.bmp,47.724,200630_054834_0000000266_CAM2_OK.bmp,M,1.048098098,0.75313142,0.048098098,0.327789511,1.042331083,0.756935726,0.042331083,0.321116134,57.4,,56.887,56.58,,,,
1213,61.322,200630_054845_0000000267_CAM2_OK.bmp,47.395,200630_054848_0000000268_CAM2_OK.bmp,F,1.096421771,0.76543683,0.096421771,0.306443537,1.097415616,0.768447286,0.097415616,0.301325436,55.567,,55.035,54.717,,,,
1214,60.327,200630_054907_0000000269_CAM2_OK.bmp,47.224,200630_054912_0000000270_CAM2_OK.bmp,F,1.058230432,0.754673861,0.058230432,0.325075708,1.062030194,0.756961707,0.062030194,0.32107079,55.96,,55.418,55.088,,,,
1215,58.992,200630_054940_0000000271_CAM2_OK.bmp,47.741,200630_054944_0000000272_CAM2_OK.bmp,M,1.020752026,0.802626826,0.020752026,0.245909018,1.021073701,0.807074889,0.021073701,0.239042391,54.777,,54.262,53.952,,,,
1216,63.841,200630_055000_0000000273_CAM2_OK.bmp,47.422,200630_055003_0000000274_CAM2_OK.bmp,M,1.117861588,0.732322691,0.117861588,0.365518252,1.09227754,0.737645693,0.09227754,0.355664393,57.766,,57.214,56.901,,,,
1221,62.009,200630_055033_0000000275_CAM2_OK.bmp,46.183,200630_055036_0000000276_CAM2_OK.bmp,M,1.106240267,0.734433389,0.106240267,0.36159387,1.1073006,0.740055735,0.1073006,0.351249579,53.806,,53.292,52.987,,,,
1222,62.127,200630_055111_0000000277_CAM2_OK.bmp,47.269,200630_055115_0000000278_CAM2_OK.bmp,F,1.118471488,0.747677171,0.118471488,0.337475637,1.121686335,0.752407421,0.121686335,0.329067168,55.529,,54.895,54.517,,,,
1223,61.063,200630_055146_0000000279_CAM2_OK.bmp,48.564,200630_055152_0000000280_CAM2_OK.bmp,F,1.096242749,0.785327492,0.096242749,0.273354122,1.090417977,0.789007986,0.090417977,0.267414295,57.605,,56.978,56.597,,,,
1224,62.041,200630_055215_0000000281_CAM2_OK.bmp,48.155,200630_055218_0000000282_CAM2_OK.bmp,NR,1.026612297,0.767971851,0.026612297,0.302131059,1.017429757,0.771117893,0.017429757,0.296818565,58.181,,57.751,57.489,,,,
1225,60.072,200630_055235_0000000283_CAM2_OK.bmp,48.663,200630_055239_0000000284_CAM2_OK.bmp,F,1.069535853,0.795331471,0.069535853,0.257337395,1.058666621,0.801045602,0.058666621,0.248368379,57.103,,56.617,56.332,,,,
1226,61.258,200630_055258_0000000285_CAM2_OK.bmp,44.762,200630_055302_0000000286_CAM2_OK.bmp,Not fertile,1.156828329,0.723646058,0.156828329,0.381891036,1.140335856,0.727719768,0.140335856,0.374155332,50.944,,50.424,50.117,,,,
1231,62.771,200630_055326_0000000287_CAM2_OK.bmp,49.884,200630_055331_0000000288_CAM2_OK.bmp,F,1.140060256,0.793934506,0.140060256,0.259549739,1.086036114,0.789703144,0.086036114,0.266298618,62.623,,62.043,61.695,,,,
1232,63.972,200630_055349_0000000289_CAM2_OK.bmp,47.608,200630_055353_0000000290_CAM2_OK.bmp,NR,1.059000826,0.738333081,0.059000826,0.354402269,1.056303211,0.742022876,0.056303211,0.347667346,59.041,,58.444,58.08,,,,
1233,63.197,200630_055411_0000000291_CAM2_OK.bmp,48.378,200630_055415_0000000292_CAM2_OK.bmp,M,1.093115707,0.756185887,0.093115707,0.322426162,1.089417746,0.761478135,0.089417746,0.313235344,59.911,,59.366,59.031,,,,
1234,63.513,200630_055437_0000000293_CAM2_OK.bmp,48.463,200630_055441_0000000294_CAM2_OK.bmp,F,1.093232228,0.752291313,0.093232228,0.329272294,1.085779184,0.757432136,0.085779184,0.320250293,59.145,,58.623,58.306,,,,
1235,65.656,200630_055505_0000000295_CAM2_OK.bmp,48.097,200630_055509_0000000296_CAM2_OK.bmp,M,1.106939381,0.724528999,0.106939381,0.380207005,1.056162515,0.737569935,0.056162515,0.355803637,61.226,,60.638,60.285,,,,
1236,61.515,200630_055527_0000000297_CAM2_OK.bmp,46.48,200630_055532_0000000298_CAM2_OK.bmp,M,1.038871686,0.752342608,0.038871686,0.329181664,1.030791885,0.754119201,0.030791885,0.326050309,54.905,,54.379,54.077,,,,
1241,60.513,200630_055550_0000000299_CAM2_OK.bmp,47.654,200630_055553_0000000300_CAM2_OK.bmp,M,1.075085338,0.781746892,0.075085338,0.27918641,1.087173021,0.786472436,0.087173021,0.271500379,56.463,,55.896,55.559,,,,
1243,64.387,200630_055631_0000000302_CAM2_OK.bmp,48.544,200630_055639_0000000303_CAM2_OK.bmp,M,1.088185813,0.746318319,0.088185813,0.339910832,1.086946356,0.747809664,0.086946356,0.337238669,60.66,,60.125,59.794,,,,
1244,64.73,200630_055658_0000000304_CAM2_OK.bmp,46.92,200630_055702_0000000305_CAM2_OK.bmp,M,1.09322581,0.719758243,0.09322581,0.389355397,1.093911549,0.724191092,0.093911549,0.380851008,57.818,,57.278,56.939,,,,
1245,63.86,200630_055725_0000000306_CAM2_OK.bmp,48.856,200630_055729_0000000307_CAM2_OK.bmp,F,1.121211227,0.756093584,0.121211227,0.322587603,1.116591533,0.760829085,0.116591533,0.314355642,61.388,,60.898,60.596,,,,
1246,61.057,200630_055749_0000000308_CAM2_OK.bmp,45.043,200630_055755_0000000309_CAM2_OK.bmp,M,1.030441538,0.733383729,0.030441538,0.36354266,1.03818581,0.738002418,0.03818581,0.355009111,51.986,,51.562,51.303,,,,
1251,62.829,200630_055828_0000000310_CAM2_OK.bmp,48.259,200630_055832_0000000311_CAM2_OK.bmp,M,1.098986366,0.755045195,0.098986366,0.32442403,1.091694227,0.758787384,0.091694227,0.317892233,57.794,,57.165,56.771,,,,
1252,64.169,200630_055851_0000000312_CAM2_OK.bmp,46.754,200630_055856_0000000313_CAM2_OK.bmp,M,1.07951737,0.722284717,0.07951737,0.384495583,1.0730775,0.727630455,0.0730775,0.374324003,57.778,,57.218,56.866,,,,
1253,62.968,200630_055913_0000000314_CAM2_OK.bmp,48.285,200630_055917_0000000315_CAM2_OK.bmp,F,1.0871532,0.757488105,0.0871532,0.320152744,1.138456486,0.76520169,0.138456486,0.306844996,59.281,,58.772,58.453,,,,
1254,63.76,200630_055933_0000000316_CAM2_OK.bmp,48.68,200630_055937_0000000317_CAM2_OK.bmp,M,1.067722295,0.755279095,0.067722295,0.324013873,1.070129775,0.75902245,0.070129775,0.317484088,60.497,,59.852,59.441,,,,
1255,63.698,200630_055955_0000000318_CAM2_OK.bmp,46.985,200630_060001_0000000319_CAM2_OK.bmp,M,1.05180249,0.7300081,0.05180249,0.369847813,1.048622326,0.732370562,0.048622326,0.365428995,56.548,,56.014,55.685,,,,
1256,48.289,200630_060021_0000000320_CAM2_OK.bmp,64.093,200630_060041_0000000321_CAM2_OK.bmp,error,1.06680489,0.753460042,0.06680489,0.327210396,1.05549411,0.747581581,0.05549411,0.337646654,60.443,,59.926,59.609,,,,
1261,62.885,200630_060106_0000000322_CAM2_OK.bmp,45.832,200630_060110_0000000323_CAM2_OK.bmp,F,1.08572234,0.716305063,0.08572234,0.396053234,1.073684954,0.720511161,0.073684954,0.387903553,52.35,,51.796,51.456,,,,
1262,61.908,200630_060128_0000000324_CAM2_OK.bmp,45.392,200630_060132_0000000325_CAM2_OK.bmp,F,1.027293059,0.73189222,0.027293059,0.366321397,1.030306642,0.737003511,0.030306642,0.356845639,53.446,,52.972,52.674,,,,
1263,62.907,200630_060151_0000000326_CAM2_OK.bmp,47.109,200630_060154_0000000327_CAM2_OK.bmp,M,1.095122732,0.741140869,0.095122732,0.34927116,1.093789201,0.743119238,0.093789201,0.345679064,56.327,,55.774,55.428,,,,
1264,63.027,200630_060209_0000000328_CAM2_OK.bmp,48.308,200630_060212_0000000329_CAM2_OK.bmp,M,1.086112253,0.759362667,0.086112253,0.316893815,1.075287205,0.763427181,0.075287205,0.309882625,59.25,,58.756,58.446,,,,
1265,60.759,200630_060226_0000000330_CAM2_OK.bmp,46.235,200630_060229_0000000331_CAM2_OK.bmp,M,1.084670925,0.753555013,0.084670925,0.327043125,1.07937494,0.759081607,0.07937494,0.317381412,53.57,,53.028,52.685,,,,
1266,65.935,200630_060246_0000000332_CAM2_OK.bmp,46.773,200630_060250_0000000333_CAM2_OK.bmp,M,1.145666988,0.697556898,0.145666988,0.433574814,1.141797445,0.702992725,0.141797445,0.422489828,58.321,,57.852,57.567,,,,
1311,62.552,200630_060418_0000000334_CAM2_OK.bmp,46.584,200630_060421_0000000335_CAM2_OK.bmp,F,1.068213296,0.735260393,0.068213296,0.36006238,1.035277983,0.738165183,0.035277983,0.354710332,55.416,,54.838,54.492,,,,
1312,60.058,200630_060436_0000000336_CAM2_OK.bmp,44.348,200630_060440_0000000337_CAM2_OK.bmp,M,1.091256637,0.72741011,0.091256637,0.374740309,1.086650639,0.730359502,0.086650639,0.369188731,47.571,,46.667,46.122,,,,
1313,64.002,200630_060515_0000000338_CAM2_OK.bmp,46.62,200630_060519_0000000339_CAM2_OK.bmp,M,1.120273087,0.71901943,0.120273087,0.390783,1.098553449,0.72355924,0.098553449,0.382056845,56.434,,55.795,55.412,,,,
1314,61.394,200630_060540_0000000340_CAM2_OK.bmp,46.046,200630_060543_0000000341_CAM2_OK.bmp,M,1.07760286,0.74584575,0.07760286,0.340759802,1.072838518,0.749802774,0.072838518,0.33368405,53.63,,53.1,52.792,,,,
1315,64.689,200630_060820_0000000342_CAM2_OK.bmp,46.987,200630_060824_0000000343_CAM2_OK.bmp,F,1.096836784,0.71688046,0.096836784,0.394932706,1.09399964,0.718971122,0.09399964,0.390876448,56.893,,56.276,55.914,,,,
1316,64.183,200630_060843_0000000344_CAM2_OK.bmp,49.512,200630_060847_0000000345_CAM2_OK.bmp,Not fertile,1.100214505,0.76083008,0.100214505,0.314353922,1.101939778,0.76441679,0.101939778,0.30818686,59.039,,56.968,55.775,,,,
1321,60.745,200630_060909_0000000346_CAM2_OK.bmp,44.786,200630_060913_0000000347_CAM2_OK.bmp,F,1.10001049,0.732666178,0.10001049,0.364878072,1.093442766,0.735262833,0.093442766,0.360057866,50.506,,49.973,49.654,,,,
1322,64.007,200630_060934_0000000348_CAM2_OK.bmp,47.524,200630_060938_0000000349_CAM2_OK.bmp,M,1.106024399,0.735075643,0.106024399,0.360404211,1.109798667,0.738184226,0.109798667,0.354675385,58.661,,58.098,57.777,,,,
1323,63.336,200630_060954_0000000350_CAM2_OK.bmp,48.744,200630_060959_0000000351_CAM2_OK.bmp,M,1.068565956,0.758715699,0.068565956,0.31801675,1.064898792,0.762336112,0.064898792,0.311757352,60.551,,60.046,59.755,,,,
1324,63.646,200630_061016_0000000352_CAM2_OK.bmp,47.93,200630_061021_0000000353_CAM2_OK.bmp,M,1.114270693,0.739772221,0.114270693,0.351767437,1.094307837,0.742582002,0.094307837,0.346652622,59.517,,58.999,58.701,,,,
1325,59.807,200630_061043_0000000354_CAM2_OK.bmp,45.363,200630_061047_0000000355_CAM2_OK.bmp,M,1.083469266,0.752806438,0.083469266,0.328362711,1.076674383,0.758205889,0.076674383,0.318902971,51.598,,51.108,50.821,,,,
1326,64.463,200630_061110_0000000356_CAM2_OK.bmp,46.076,200630_061114_0000000357_CAM2_OK.bmp,NR,1.091078605,0.70975823,0.091078605,0.408930475,1.114641403,0.712109167,0.114641403,0.404279071,56.085,,55.503,55.159,,,,
1331,63.953,200630_061137_0000000358_CAM2_OK.bmp,48.288,200630_061142_0000000359_CAM2_OK.bmp,M,1.075208061,0.749317754,0.075208061,0.334547319,1.053273768,0.753542687,0.053273768,0.327064834,59.945,,59.178,58.707,,,,
1332,60.702,200630_061203_0000000360_CAM2_OK.bmp,46.023,200630_061206_0000000361_CAM2_OK.bmp,M,1.040642695,0.750769752,0.040642695,0.331966288,1.030967181,0.751718496,0.030967181,0.330285214,53.419,,52.861,52.516,,,,
1333,57.705,200630_061222_0000000362_CAM2_OK.bmp,46.152,200630_061226_0000000363_CAM2_OK.bmp,F,1.086609172,0.789680531,0.086609172,0.266334879,1.081134427,0.790915383,0.081134427,0.264357757,50.367,,49.741,49.369,,,,
1334,62.831,200630_061243_0000000364_CAM2_OK.bmp,48.137,200630_061246_0000000365_CAM2_OK.bmp,M,1.032695652,0.761449069,0.032695652,0.313285472,1.025939817,0.765385721,0.025939817,0.306530775,59.032,,58.397,58.015,,,,
1335,61.67,200630_061302_0000000366_CAM2_OK.bmp,47.974,200630_061306_0000000367_CAM2_OK.bmp,M,1.11462268,0.76422055,0.11462268,0.308522782,1.111250997,0.768015203,0.111250997,0.302057558,57.43,,56.834,56.479,,,,
1336,60.78,200630_061329_0000000368_CAM2_OK.bmp,46.534,200630_061333_0000000369_CAM2_OK.bmp,M,1.137434428,0.752798548,0.137434428,0.328376633,1.13258902,0.759059808,0.13258902,0.317419246,53.588,,52.977,52.616,,,,
1341,62.129,200630_061354_0000000370_CAM2_OK.bmp,47.194,200630_061357_0000000371_CAM2_OK.bmp,M,1.077030341,0.748819881,0.077030341,0.33543463,1.094060624,0.754028035,0.094060624,0.326210635,55.584,,55.062,54.741,,,,
1342,64.855,200630_061410_0000000372_CAM2_OK.bmp,45.384,200630_061414_0000000373_CAM2_OK.bmp,F,1.125530492,0.707411279,0.125530492,0.413604828,1.103365209,0.719327056,0.103365209,0.39018822,57.986,,57.512,57.221,,,,
1343,63.628,200630_061430_0000000374_CAM2_OK.bmp,48.815,200630_061433_0000000375_CAM2_OK.bmp,M,1.095287574,0.753606548,0.095287574,0.326952376,1.082247128,0.760959576,0.082247128,0.314130252,61.533,,60.92,60.536,,,,
1344,65.03,200630_061450_0000000376_CAM2_OK.bmp,46.807,200630_061454_0000000377_CAM2_OK.bmp,F,1.0952597,0.707557408,0.0952597,0.413312882,1.094667258,0.712923992,0.094667258,0.402674074,58.044,,57.551,57.247,,,,
1345,64.466,200630_061511_0000000378_CAM2_OK.bmp,46.03,200630_061515_0000000379_CAM2_OK.bmp,Not fertile,1.079561745,0.705946093,0.079561745,0.416538756,1.063829035,0.708196247,0.063829035,0.412037982,55.458,,54.95,54.653,,,,
1346,60.572,200630_061535_0000000380_CAM2_OK.bmp,47.807,200630_061538_0000000381_CAM2_OK.bmp,M,1.093578055,0.77515231,0.093578055,0.290069045,1.095930226,0.779462318,0.095930226,0.282935656,56.078,,55.543,55.218,,,,
1351,58.479,200630_061557_0000000382_CAM2_OK.bmp,46.093,200630_061600_0000000383_CAM2_OK.bmp,F,1.063153908,0.775856514,0.063153908,0.288898116,1.065994833,0.779400736,0.065994833,0.283037024,51.499,,51.021,50.728,,,,
1352,64.004,200630_061616_0000000384_CAM2_OK.bmp,47.506,200630_061621_0000000385_CAM2_OK.bmp,Not fertile,1.07305455,0.728845082,0.07305455,0.37203368,1.066257165,0.730861667,0.066257165,0.36824798,57.931,,57.449,57.151,,,,
1353,63.293,200630_061635_0000000386_CAM2_OK.bmp,48.119,200630_061639_0000000387_CAM2_OK.bmp,M,1.09124228,0.748194015,0.09124228,0.336551722,1.081267347,0.753250415,0.081267347,0.327579753,58.663,,58.089,57.736,,,,
1354,63.192,200630_061654_0000000388_CAM2_OK.bmp,46.001,200630_061657_0000000389_CAM2_OK.bmp,M,1.058039131,0.719628543,0.058039131,0.389605803,1.087194414,0.723153525,0.087194414,0.382832228,54.661,,54.167,53.865,,,,
1355,62.7,200630_061711_0000000390_CAM2_OK.bmp,46.196,200630_061714_0000000391_CAM2_OK.bmp,F,1.09652467,0.734380129,0.09652467,0.361692617,1.092089704,0.73896119,0.092089704,0.353251041,55.664,,55.184,54.889,,,,
1356,60.379,200630_061740_0000000392_CAM2_OK.bmp,46.084,200630_061743_0000000393_CAM2_OK.bmp,Not fertile,1.122133327,0.754941646,0.122133327,0.324605691,1.114968882,0.753789891,0.114968882,0.326629624,52.227,,51.706,51.391,,,,
1361,65.278,200630_061806_0000000394_CAM2_OK.bmp,47.334,200630_061809_0000000395_CAM2_OK.bmp,M,1.093162533,0.718113355,0.093162533,0.392537811,1.077046678,0.722036755,0.077046678,0.384971047,59.023,,58.374,57.963,,,,
1362,64.412,200630_061824_0000000396_CAM2_OK.bmp,48.048,200630_061828_0000000397_CAM2_OK.bmp,F,1.068572924,0.725561236,0.068572924,0.37824342,1.045252287,0.731553833,0.045252287,0.366953402,59.974,,59.506,59.214,,,,
1363,65.08,200630_061842_0000000398_CAM2_OK.bmp,48.859,200630_061845_0000000399_CAM2_OK.bmp,Not fertile,1.082607016,0.741931418,0.082607016,0.347833473,1.08187286,0.745989975,0.08187286,0.340500589,62.158,,61.575,61.218,,,,
1364,62.902,200630_061902_0000000400_CAM2_OK.bmp,47.679,200630_061905_0000000401_CAM2_OK.bmp,F,1.10177405,0.748698741,0.10177405,0.335650704,1.102547238,0.752579117,0.102547238,0.328763949,57.459,,56.914,56.575,,,,
1365,63.96,200630_061923_0000000402_CAM2_OK.bmp,48.898,200630_061927_0000000403_CAM2_OK.bmp,F,1.071224804,0.752854074,0.071224804,0.32827866,1.085227677,0.755837451,0.085227677,0.323035791,61.218,,60.663,60.327,,,,
1366,64.877,200630_061942_0000000404_CAM2_OK.bmp,48.457,200630_061946_0000000405_CAM2_OK.bmp,F,1.116644125,0.740121234,0.116644125,0.351129996,1.109472113,0.744881651,0.109472113,0.342495146,61.291,,60.802,60.505,,,,
2111,63.942,200630_062049_0000000406_CAM2_OK.bmp,48.593,200630_062053_0000000407_CAM2_OK.bmp,Not fertile,1.05156945,0.751013071,0.05156945,0.331534747,1.061747425,0.753992467,0.061747425,0.326273197,60.084,,59.492,59.125,,,,
2112,57.721,200630_062115_0000000408_CAM2_OK.bmp,46.026,200630_062118_0000000409_CAM2_OK.bmp,M,1.061739361,0.785727834,0.061739361,0.272705327,1.061929261,0.790778364,0.061929261,0.264576834,50.817,,50.231,49.863,,,,
2113,60.251,200630_062139_0000000410_CAM2_OK.bmp,47.268,200630_062143_0000000411_CAM2_OK.bmp,F,1.088246999,0.771151423,0.088246999,0.296762179,1.048719494,0.772121002,0.048719494,0.295133791,54.802,,54.231,53.86,,,,
2114,59.633,200630_062202_0000000412_CAM2_OK.bmp,46.049,200630_062205_0000000413_CAM2_OK.bmp,F,1.106607161,0.762086757,0.106607161,0.31218656,1.103849002,0.768163676,0.103849002,0.301805893,52.753,,52.147,51.756,,,,
2115,61.231,200630_062221_0000000414_CAM2_OK.bmp,47.917,200630_062226_0000000415_CAM2_OK.bmp,M,1.060568691,0.774351377,0.060568691,0.291403398,1.050193228,0.777453929,0.050193228,0.286249851,57.246,,56.63,56.242,,,,
2116,61.019,200630_062241_0000000416_CAM2_OK.bmp,46.135,200630_062244_0000000417_CAM2_OK.bmp,M,1.118122858,0.743823093,0.118122858,0.344405693,1.119576806,0.748872698,0.119576806,0.335340442,54.025,,53.575,53.296,,,,
2121,64.552,200630_062306_0000000418_CAM2_OK.bmp,49.755,200630_062309_0000000419_CAM2_OK.bmp,F,1.063144153,0.760451884,0.063144153,0.315007591,1.058554329,0.762816533,0.058554329,0.310931209,63.829,,63.201,62.809,,,,
2122,61.93,200630_062332_0000000420_CAM2_OK.bmp,47.373,200630_062337_0000000421_CAM2_OK.bmp,M,1.060370959,0.745521852,0.060370959,0.341342306,1.080793425,0.752607312,0.080793425,0.32871417,57.203,,56.495,56.042,,,,
2123,62.858,200630_062354_0000000422_CAM2_OK.bmp,48.271,200630_062357_0000000423_CAM2_OK.bmp,M,1.058543493,0.756992737,0.058543493,0.321016637,1.052134874,0.759943018,0.052134874,0.315888134,59.303,,58.639,58.217,,,,
2124,61.246,200630_062417_0000000424_CAM2_OK.bmp,46.005,200630_062421_0000000425_CAM2_OK.bmp,nan,1.065261597,0.744535752,0.065261597,0.343118846,1.060542747,0.746933368,0.060542747,0.338807506,52.96,,52.426,52.103,,,,
2125,59.493,200630_062436_0000000426_CAM2_OK.bmp,46.112,200630_062439_0000000427_CAM2_OK.bmp,nan,1.090903236,0.762140533,0.090903236,0.312093974,1.125997044,0.768298181,0.125997044,0.301577987,52.042,,51.488,51.145,,,,
2126,60.646,200630_062458_0000000428_CAM2_OK.bmp,46.076,200630_062502_0000000429_CAM2_OK.bmp,nan,1.048613103,0.744756672,0.048613103,0.342720432,1.060251231,0.750125864,0.060251231,0.333109613,52.893,,52.309,51.945,,,,
2131,61.156,200630_062522_0000000430_CAM2_OK.bmp,48.698,200630_062525_0000000431_CAM2_OK.bmp,nan,1.033286885,0.789293559,0.033286885,0.266955734,1.032318488,0.789734095,0.032318488,0.266248989,58.121,,57.319,56.816,,,,
2132,67.471,200630_062546_0000000432_CAM2_OK.bmp,46.063,200630_062550_0000000433_CAM2_OK.bmp,nan,1.122980835,0.678428542,0.122980835,0.473994588,1.119759534,0.682171198,0.119759534,0.465907682,58.923,,58.274,57.861,,,,
2133,61.062,200630_062610_0000000434_CAM2_OK.bmp,46.225,200630_062613_0000000435_CAM2_OK.bmp,nan,1.066932896,0.744196662,0.066932896,0.343730832,1.039361061,0.748258369,0.039361061,0.336436774,52.596,,51.952,51.547,,,,
2134,62.798,200630_062636_0000000436_CAM2_OK.bmp,46.231,200630_062639_0000000437_CAM2_OK.bmp,nan,1.094132946,0.729750199,0.094132946,0.370331931,1.087760811,0.736192539,0.087760811,0.358340307,55.69,,55.034,54.608,,,,
2135,61.515,200630_062654_0000000438_CAM2_OK.bmp,44.736,200630_062658_0000000439_CAM2_OK.bmp,nan,1.077309014,0.724296654,0.077309014,0.380649758,1.075042093,0.728886724,0.075042093,0.371955294,50.833,,50.163,49.742,,,,
2136,60.062,200630_062712_0000000440_CAM2_OK.bmp,46.356,200630_062716_0000000441_CAM2_OK.bmp,nan,1.064881185,0.763935562,0.064881185,0.30901093,1.060804798,0.768161579,0.060804798,0.301809446,52.43,,51.82,51.43,,,,
2142,61.931,200630_062753_0000000443_CAM2_OK.bmp,48.708,200630_062756_0000000444_CAM2_OK.bmp,M,1.135974993,0.77234573,0.135974993,0.294756948,1.165911256,0.778639583,0.165911256,0.284291246,58.593,,57.891,57.443,,,,
2143,62.844,200630_062811_0000000445_CAM2_OK.bmp,46.957,200630_062814_0000000446_CAM2_OK.bmp,F,1.100952934,0.732831626,0.100952934,0.36456993,1.1105744,0.73392719,0.1105744,0.362532978,55.536,,54.881,54.457,,,,
2144,61.843,200630_062830_0000000447_CAM2_OK.bmp,46.103,200630_062833_0000000448_CAM2_OK.bmp,M,1.06246848,0.739613129,0.06246848,0.352058206,1.061958778,0.745530267,0.061958778,0.341327166,54.14,,53.568,53.206,,,,
2145,62.383,200630_062847_0000000449_CAM2_OK.bmp,46.816,200630_062850_0000000450_CAM2_OK.bmp,M,1.176309005,0.729367101,0.176309005,0.371051696,1.17033275,0.738692958,0.17033275,0.353742429,55.193,,54.647,54.307,,,,
2146,57.875,200630_062907_0000000451_CAM2_OK.bmp,48.082,200630_062910_0000000452_CAM2_OK.bmp,F,1.087144538,0.808775115,0.087144538,0.236437646,1.091852162,0.81366402,0.091852162,0.229008504,54.577,,53.96,53.569,,,,
2151,64.195,200630_062930_0000000453_CAM2_OK.bmp,48.673,200630_062933_0000000454_CAM2_OK.bmp,M,1.110892882,0.748711102,0.110892882,0.335628652,1.120968361,0.754891659,0.120968361,0.324693403,60.853,,60.215,59.798,,,,
2152,61.636,200630_062950_0000000455_CAM2_OK.bmp,47.435,200630_062953_0000000456_CAM2_OK.bmp,M,1.123546358,0.753822601,0.123546358,0.326572059,1.095553038,0.76113662,0.095553038,0.313824581,56.46,,55.885,55.521,,,,
2153,61.571,200630_063008_0000000457_CAM2_OK.bmp,46.074,200630_063012_0000000458_CAM2_OK.bmp,F,1.058638875,0.743837093,0.058638875,0.344380389,1.064926131,0.746198678,0.064926131,0.340125666,53.545,,52.993,52.641,,,,
2154,61.26,200630_063027_0000000459_CAM2_OK.bmp,45.731,200630_063030_0000000460_CAM2_OK.bmp,M,1.087275717,0.740310126,0.087275717,0.350785252,1.079247558,0.744302736,0.079247558,0.343539331,52.651,,52.019,51.618,,,,
2155,62.55,200630_063047_0000000461_CAM2_OK.bmp,46.266,200630_063050_0000000462_CAM2_OK.bmp,F,1.051670755,0.730847549,0.051670755,0.368274412,1.040398332,0.735534329,0.040398332,0.359555851,54.527,,53.946,53.578,,,,
2156,64.273,200630_063108_0000000463_CAM2_OK.bmp,48.657,200630_063111_0000000464_CAM2_OK.bmp,M,1.107204091,0.746663185,0.107204091,0.33929196,1.085884347,0.750615815,0.085884347,0.332239449,62.018,,61.393,61,,,,
2161,66.068,200630_063134_0000000465_CAM2_OK.bmp,50.234,200630_063137_0000000466_CAM2_OK.bmp,F,1.159439603,0.740092441,0.159439603,0.351182561,1.122424388,0.746093355,0.122424388,0.340314847,65.702,,65.086,64.691,,,,
2162,62.213,200630_063153_0000000467_CAM2_OK.bmp,47.5,200630_063156_0000000468_CAM2_OK.bmp,M,1.054543919,0.752394215,0.054543919,0.329090496,1.045248301,0.757528511,0.045248301,0.320082328,57.357,,56.664,56.219,,,,
2163,63.317,200630_063213_0000000469_CAM2_OK.bmp,45.954,200630_063216_0000000470_CAM2_OK.bmp,F,1.088048253,0.740833541,0.088048253,0.349830893,1.090666176,0.745804901,0.090666176,0.340833238,58.814,,58.179,57.774,,,,
2164,61.519,200630_063232_0000000471_CAM2_OK.bmp,45.148,200630_063237_0000000472_CAM2_OK.bmp,Not fertile,1.096249412,0.724657229,0.096249412,0.379962774,1.101443754,0.72992429,0.101443754,0.370005101,51.9,,51.184,50.726,,,,
2165,64.232,200630_063258_0000000473_CAM2_OK.bmp,48.429,200630_063302_0000000474_CAM2_OK.bmp,NR,1.024222227,0.744754928,0.024222227,0.342723576,1.029422464,0.749325096,0.029422464,0.334534242,60.796,,60.2,59.838,,,,
2166,65.64,200630_063320_0000000475_CAM2_OK.bmp,48.669,200630_063324_0000000476_CAM2_OK.bmp,F,1.079738739,0.742948509,0.079738739,0.345988299,1.018426349,0.736796812,0.018426349,0.357226285,62.82,,62.147,61.736,,,,
2211,60.532,200630_063435_0000000477_CAM2_OK.bmp,46.776,200630_063441_0000000478_CAM2_OK.bmp,M,1.092457081,0.768046148,0.092457081,0.302005097,1.083159439,0.770087155,0.083159439,0.298554317,54.047,,53.5,53.147,,,,
2212,62.136,200630_063456_0000000479_CAM2_OK.bmp,46.533,200630_063503_0000000480_CAM2_OK.bmp,F,1.086127406,0.743338528,0.086127406,0.345282078,1.084062694,0.745582532,0.084062694,0.34123314,55.264,,54.705,54.348,,,,
2213,61.21,200630_063521_0000000481_CAM2_OK.bmp,46.364,200630_063528_0000000482_CAM2_OK.bmp,M,1.08977238,0.749502673,0.08977238,0.334218057,1.086558062,0.752330135,0.086558062,0.329203701,53.807,,53.294,52.57,,,,
2214,62.795,200630_063546_0000000483_CAM2_OK.bmp,46.681,200630_063551_0000000484_CAM2_OK.bmp,M,1.054364622,0.740302124,0.054364622,0.350799852,1.056270449,0.743328266,0.056270449,0.345300651,56.435,,55.88,55.528,,,,
2215,65.15,200630_063609_0000000485_CAM2_OK.bmp,49.526,200630_063614_0000000486_CAM2_OK.bmp,F,1.041560527,0.753384409,0.041560527,0.327343634,1.049412165,0.758161747,0.049412165,0.318979762,63.969,,63.291,62.861,,,,
2216,62.122,200630_063635_0000000487_CAM2_OK.bmp,47.677,200630_063709_0000000488_CAM2_OK.bmp,M,1.081034063,0.761451287,0.081034063,0.313281647,1.080426138,0.763748171,0.080426138,0.309332104,57.211,,56.414,55.913,,,,
2221,63.35,200630_070303_0000000489_CAM2_OK.bmp,48.894,200630_070307_0000000490_CAM2_OK.bmp,M,1.097337098,0.762039581,0.097337098,0.312267795,1.111841462,0.765430385,0.111841462,0.306454538,59.435,,58.619,58.101,,,,
2222,62.266,200630_070330_0000000491_CAM2_OK.bmp,49.893,200630_070335_0000000492_CAM2_OK.bmp,M,1.03133902,0.803118275,0.03133902,0.245146613,1.030389105,0.803292288,0.030389105,0.244876883,62.789,,62.154,61.752,,,,
2223,60.13,200630_070357_0000000493_CAM2_OK.bmp,45.543,200630_070402_0000000494_CAM2_OK.bmp,M,1.109246879,0.752216194,0.109246879,0.329405041,1.128424357,0.754192734,0.128424357,0.325921021,51.118,,50.625,50.324,,,,
2224,65.203,200630_070417_0000000495_CAM2_OK.bmp,48.423,200630_070421_0000000496_CAM2_OK.bmp,M,1.114306955,0.729077998,0.114306955,0.371595361,1.152766162,0.732840303,0.152766162,0.364553773,60.498,,59.895,59.521,,,,
2225,63.451,200630_070439_0000000497_CAM2_OK.bmp,47.801,200630_070443_0000000498_CAM2_OK.bmp,F,1.085787714,0.749681012,0.085787714,0.333900665,1.099881646,0.752187494,0.099881646,0.329455765,58.174,,57.461,57.021,,,,
2226,65.953,200630_070459_0000000499_CAM2_OK.bmp,49.201,200630_070502_0000000500_CAM2_OK.bmp,F,1.085278341,0.739002012,0.085278341,0.353176288,1.088532499,0.742640048,0.088532499,0.346547364,63.631,,62.895,62.429,,,,
2231,62.252,200630_070521_0000000501_CAM2_OK.bmp,46.126,200630_070525_0000000502_CAM2_OK.bmp,F,1.09490768,0.737255526,0.09490768,0.356381831,1.076836848,0.740767675,0.076836848,0.349950913,54.843,,54.25,53.88,,,,
2232,63.842,200630_070545_0000000503_CAM2_OK.bmp,46.609,200630_070550_0000000504_CAM2_OK.bmp,F,1.128699443,0.723994913,0.128699443,0.381225174,1.118820251,0.727330019,0.118820251,0.374891691,56.761,,56.184,55.828,,,,
2233,63.003,200630_070606_0000000505_CAM2_OK.bmp,46.418,200630_070610_0000000506_CAM2_OK.bmp,F,1.095517122,0.734814746,0.095517122,0.360887225,1.083685261,0.735480078,0.083685261,0.359656135,55.75,,55.171,54.808,,,,
2234,63.58,200630_070625_0000000507_CAM2_OK.bmp,48.236,200630_070630_0000000508_CAM2_OK.bmp,M,1.088921079,0.753414534,0.088921079,0.327290561,1.085886876,0.753444237,0.085886876,0.327238236,59.198,,58.574,58.184,,,,
2235,63.435,200630_070646_0000000509_CAM2_OK.bmp,47.29,200630_070650_0000000510_CAM2_OK.bmp,M,1.084998881,0.735712357,0.084998881,0.359226863,1.089350347,0.742941062,0.089350347,0.346001791,57.441,,56.842,56.468,,,,
2236,62.951,200630_070705_0000000511_CAM2_OK.bmp,48.889,200630_070708_0000000512_CAM2_OK.bmp,M,1.070132462,0.770258861,0.070132462,0.298264845,1.081104239,0.771229723,0.081104239,0.296630524,60.045,,59.448,59.072,,,,
2241,58.666,200630_070725_0000000513_CAM2_OK.bmp,48.724,200630_070729_0000000514_CAM2_OK.bmp,F,1.076059424,0.798103267,0.076059424,0.252970689,1.061308878,0.801268399,0.061308878,0.248021263,57.405,,56.725,56.297,,,,
2242,60.848,200630_070752_0000000515_CAM2_OK.bmp,45.844,200630_070755_0000000516_CAM2_OK.bmp,F,1.08822349,0.748194405,0.08822349,0.336551027,1.101113978,0.749436847,0.101113978,0.334335247,52.29,,51.624,51.21,,,,
2243,64.435,200630_070816_0000000517_CAM2_OK.bmp,48.373,200630_070820_0000000518_CAM2_OK.bmp,M,1.060679164,0.742667029,0.060679164,0.346498446,1.059599522,0.746320732,0.059599522,0.3399065,60.509,,59.738,59.247,,,,
2244,63.469,200630_070838_0000000519_CAM2_OK.bmp,47.664,200630_070842_0000000520_CAM2_OK.bmp,M,1.074316785,0.74697709,0.074316785,0.338729143,1.0861409,0.74867664,0.0861409,0.335690132,58.599,,57.976,57.59,,,,
2245,64.391,200630_070902_0000000521_CAM2_OK.bmp,48.228,200630_070907_0000000522_CAM2_OK.bmp,Not fertile,1.114731294,0.74526599,0.114731294,0.341802811,1.111255975,0.744693651,0.111255975,0.342834062,60.086,,59.559,59.24,,,,
2246,63.278,200630_070925_0000000523_CAM2_OK.bmp,48.354,200630_070928_0000000524_CAM2_OK.bmp,Not fertile,1.081382829,0.757051175,0.081382829,0.320914666,1.078200219,0.760089378,0.078200219,0.315634751,59.221,,58.608,58.23,,,,
2251,64.875,200630_070946_0000000525_CAM2_OK.bmp,47.311,200630_071001_0000000526_CAM2_OK.bmp,F,1.045295739,0.722909449,0.045295739,0.383299114,1.03663724,0.728450686,0.03663724,0.372776524,59.351,,58.746,58.361,,,,
2252,61.568,200630_071016_0000000527_CAM2_OK.bmp,46.483,200630_071019_0000000528_CAM2_OK.bmp,M,1.086514078,0.749457557,0.086514078,0.334298374,1.054419953,0.751482522,0.054419953,0.330702938,54.332,,53.643,53.199,,,,
2253,61.634,200630_071035_0000000529_CAM2_OK.bmp,45.786,200630_071040_0000000530_CAM2_OK.bmp,M,1.102086241,0.739974902,0.102086241,0.351397186,1.090710759,0.742665936,0.090710759,0.346500427,52.878,,52.261,51.875,,,,
2254,65.686,200630_071103_0000000531_CAM2_OK.bmp,49.108,200630_071117_0000000532_CAM2_OK.bmp,M,1.122672105,0.742823335,0.122672105,0.346215113,1.118324292,0.745578677,0.118324292,0.341240075,63.284,,62.466,61.947,,,,
2255,62.374,200630_071135_0000000533_CAM2_OK.bmp,46.997,200630_071139_0000000534_CAM2_OK.bmp,Not fertile,1.13377802,0.747619699,0.13377802,0.337578453,1.123917722,0.749412069,0.123917722,0.334379365,55.289,,54.627,54.203,,,,
2256,63.375,200630_071155_0000000535_CAM2_OK.bmp,47.503,200630_071201_0000000536_CAM2_OK.bmp,M,1.087389675,0.743763619,0.087389675,0.344513196,1.073804917,0.746359782,0.073804917,0.339836395,57.277,,56.601,56.175,,,,
2261,62.229,200630_071222_0000000537_CAM2_OK.bmp,48.79,200630_071226_0000000538_CAM2_OK.bmp,M,1.085870675,0.780355622,0.085870675,0.281467029,1.08742829,0.781170721,0.08742829,0.280129905,58.497,,57.452,56.779,,,,
2262,64.302,200630_071241_0000000539_CAM2_OK.bmp,48.715,200630_071245_0000000540_CAM2_OK.bmp,F,1.12911994,0.748701238,0.12911994,0.335646249,1.141609729,0.750766351,0.141609729,0.331972322,60.889,,60.279,59.882,,,,
2263,62.544,200630_071303_0000000541_CAM2_OK.bmp,47.801,200630_071311_0000000542_CAM2_OK.bmp,F,1.077119567,0.756702023,0.077119567,0.321524153,1.072674832,0.759278195,0.072674832,0.317040325,57.351,,56.653,56.199,,,,
2264,60.988,200630_071329_0000000543_CAM2_OK.bmp,46.144,200630_071333_0000000544_CAM2_OK.bmp,M,1.016868966,0.748670172,0.016868966,0.335701672,1.020934158,0.751845748,0.020934158,0.330060059,52.916,,52.306,51.917,,,,
2265,64.897,200630_071349_0000000545_CAM2_OK.bmp,45.336,200630_071353_0000000546_CAM2_OK.bmp,M,1.082434674,0.689134458,0.082434674,0.451095629,1.085567468,0.692112036,0.085567468,0.44485278,53.618,,53.031,52.66,,,,
2266,62.77,200630_071410_0000000547_CAM2_OK.bmp,47.472,200630_071414_0000000548_CAM2_OK.bmp,F,1.074827824,0.753576978,0.074827824,0.327004446,1.054383904,0.757896278,0.054383904,0.319441761,57.844,,57.354,57.042,,,,
