ID,length,imagepath-length,width,imagepath-width,label,L-length,T-length,A-length,E-length,L-width,T-width,A-width,E-width
1111,60.42,200630_052003_0000000190_CAM2_OK.bmp,46.598,200630_052008_0000000191_CAM2_OK.bmp,F,1.038300682,0.76561392,0.038300682,0.306141352,1.046642445,0.769992113,0.046642445,0.298714601
1112,62.926,200630_052129_0000000192_CAM2_OK.bmp,46.65,200630_052133_0000000193_CAM2_OK.bmp,M,1.091254768,0.738410503,0.091254768,0.354260261,1.101433496,0.742138083,0.101433496,0.347458139
1113,65.545,200630_052158_0000000194_CAM2_OK.bmp,47.543,200630_052203_0000000195_CAM2_OK.bmp,Not fertile,1.119409083,0.717219428,0.119409083,0.394273441,1.115202455,0.720048802,0.115202455,0.388794755
1114,62.113,200630_052231_0000000196_CAM2_OK.bmp,47.746,200630_052236_0000000197_CAM2_OK.bmp,F,1.067727759,0.762732536,0.067727759,0.311075578,1.058816524,0.765878945,0.058816524,0.305689374
1115,60.932,200630_052259_0000000198_CAM2_OK.bmp,45.77,200630_052304_0000000199_CAM2_OK.bmp,F,1.089647604,0.74670802,0.089647604,0.339211544,1.079656787,0.748315409,0.079656787,0.336334903
1116,64.649,200630_052345_0000000200_CAM2_OK.bmp,47.372,200630_052402_0000000201_CAM2_OK.bmp,Not fertile,1.056145683,0.725546738,0.056145683,0.378270961,1.041672421,0.726251929,0.041672421,0.37693266
1121,65.984,200630_052522_0000000202_CAM2_OK.bmp,46.955,200630_052529_0000000203_CAM2_OK.bmp,F,1.082102808,0.711245761,0.082102808,0.405983775,1.074893803,0.713740715,0.074893803,0.401069013
1122,63.678,200630_052624_0000000204_CAM2_OK.bmp,49.285,200630_052629_0000000205_CAM2_OK.bmp,F,1.063509589,0.767348571,0.063509589,0.303188717,1.06568959,0.770699116,0.06568959,0.297523222
1123,62.214,200630_052706_0000000206_CAM2_OK.bmp,46.446,200630_052712_0000000207_CAM2_OK.bmp,F,1.078749439,0.743007604,0.078749439,0.345881246,1.091414009,0.744557247,0.091414009,0.343080071
1124,62.352,200630_052748_0000000208_CAM2_OK.bmp,47.283,200630_052754_0000000209_CAM2_OK.bmp,F,1.122606493,0.74768386,0.122606493,0.337463672,1.115227589,0.751874253,0.115227589,0.330009635
1125,61.85,200630_052829_0000000210_CAM2_OK.bmp,48.499,200630_052835_0000000211_CAM2_OK.bmp,F,1.09093042,0.761438568,0.09093042,0.313303583,1.110932791,0.764226683,0.110932791,0.308512281
1126,63.798,200630_052920_0000000212_CAM2_OK.bmp,48.502,200630_052926_0000000213_CAM2_OK.bmp,M,1.099107867,0.7325719,0.099107867,0.365053724,1.090924672,0.737547765,0.090924672,0.355844391
1131,63.426,200630_053126_0000000214_CAM2_OK.bmp,47.768,200630_053133_0000000215_CAM2_OK.bmp,M,1.049661951,0.746949511,0.049661951,0.338778573,1.04118387,0.750340801,0.04118387,0.33272774
1132,62.98,200630_053207_0000000216_CAM2_OK.bmp,46.866,200630_053212_0000000217_CAM2_OK.bmp,F,1.050447987,0.74298135,0.050447987,0.345928804,1.05285153,0.747831922,0.05285153,0.337198869
1133,60.153,200630_053246_0000000218_CAM2_OK.bmp,44.431,200630_053251_0000000219_CAM2_OK.bmp,M,1.083095231,0.728161967,0.083095231,0.373320834,1.081233062,0.731943682,0.081233062,0.366225333
1134,64.088,200630_053326_0000000221_CAM2_OK.bmp,46.879,200630_053330_0000000222_CAM2_OK.bmp,M,1.072868681,0.726067988,0.072868681,0.377281489,1.075920388,0.729359633,0.075920388,0.371065734
1135,61.791,200630_053404_0000000223_CAM2_OK.bmp,45.664,200630_053409_0000000224_CAM2_OK.bmp,M,1.130871279,0.730314112,0.130871279,0.369273829,1.117685907,0.735065054,0.117685907,0.360423809
1136,62.551,200630_053449_0000000225_CAM2_OK.bmp,47.809,200630_053453_0000000226_CAM2_OK.bmp,M,1.051244032,0.749470955,0.051244032,0.334274522,1.05914392,0.748136378,0.05914392,0.336654692
1141,63.982,200630_053549_0000000227_CAM2_OK.bmp,44.896,200630_053553_0000000228_CAM2_OK.bmp,M,1.067894755,0.689868999,0.067894755,0.44955057,1.075708116,0.69146287,0.075708116,0.446209252
1142,65.359,200630_053619_0000000229_CAM2_OK.bmp,49.068,200630_053625_0000000230_CAM2_OK.bmp,M,1.047742942,0.745641567,0.047742942,0.341126949,1.047112821,0.746268012,0.047112821,0.340001157
1143,61.393,200630_053651_0000000231_CAM2_OK.bmp,45.226,200630_053656_0000000232_CAM2_OK.bmp,F,1.041001321,0.759778199,0.041001321,0.31617359,1.012320574,0.763142653,0.012320574,0.310370998
1144,60.626,200630_053724_0000000233_CAM2_OK.bmp,46.938,200630_053728_0000000234_CAM2_OK.bmp,F,1.053791542,0.767505426,0.053791542,0.302922385,1.050500684,0.770252207,0.050500684,0.298276059
1145,60.817,200630_053756_0000000235_CAM2_OK.bmp,47.422,200630_053805_0000000236_CAM2_OK.bmp,M,1.110614167,0.769155447,0.110614167,0.300127307,1.082713572,0.775225735,0.082713572,0.289946856
1146,61.655,200630_053836_0000000237_CAM2_OK.bmp,47.189,200630_053840_0000000238_CAM2_OK.bmp,M,1.073030045,0.757695666,0.073030045,0.319791105,1.068039385,0.760591399,0.068039385,0.314766379
1151,62.671,200630_053925_0000000239_CAM2_OK.bmp,47.389,200630_053930_0000000240_CAM2_OK.bmp,M,1.122882672,0.730525248,0.122882672,0.368878082,1.107457688,0.735110182,0.107457688,0.360340292
1152,61.303,200630_054003_0000000241_CAM2_OK.bmp,48.46,200630_054008_0000000242_CAM2_OK.bmp,F,1.069634857,0.782311601,0.069634857,0.278263034,1.090339917,0.7855781,0.090339917,0.27294791
1153,62.694,200630_054037_0000000243_CAM2_OK.bmp,46.743,200630_054043_0000000244_CAM2_OK.bmp,M,1.077374073,0.723088202,0.077374073,0.382957152,1.083034219,0.723665795,0.083034219,0.381853346
1154,65.73,200630_054110_0000000245_CAM2_OK.bmp,46.923,200630_054114_0000000246_CAM2_OK.bmp,F,1.109491515,0.706027519,0.109491515,0.416375387,1.096627038,0.708634066,0.096627038,0.411165577
1155,60.764,200630_054150_0000000247_CAM2_OK.bmp,46.71,200630_054200_0000000248_CAM2_OK.bmp,F,1.084825733,0.760548786,0.084825733,0.314840045,1.06760084,0.764650774,0.06760084,0.307786553
1156,59.599,200630_054301_0000000249_CAM2_OK.bmp,46.345,200630_054306_0000000250_CAM2_OK.bmp,F,1.055866384,0.774900121,0.055866384,0.290488894,1.075939289,0.777860234,0.075939289,0.285577994
1161,62.888,200630_054352_0000000251_CAM2_OK.bmp,46.591,200630_054357_0000000252_CAM2_OK.bmp,F,1.0887819,0.73257225,0.0887819,0.365053071,1.098821187,0.736690003,0.098821187,0.357423063
1162,63.297,200630_054419_0000000253_CAM2_OK.bmp,45.707,200630_054424_0000000254_CAM2_OK.bmp,F,1.086609939,0.714629545,0.086609939,0.399326416,1.106616993,0.718520113,0.106616993,0.39174949
1163,61.089,200630_054448_0000000255_CAM2_OK.bmp,46.974,200630_054452_0000000256_CAM2_OK.bmp,NR,1.0970892,0.760195594,0.0970892,0.315450929,1.082023671,0.764265232,0.082023671,0.30844628
1164,61.507,200630_054515_0000000257_CAM2_OK.bmp,47.727,200630_054519_0000000258_CAM2_OK.bmp,M,1.081402491,0.739683774,0.081402491,0.351929075,1.098996224,0.739389379,0.098996224,0.352467358
1165,59.975,200630_054544_0000000259_CAM2_OK.bmp,45.974,200630_054549_0000000260_CAM2_OK.bmp,M,1.093030916,0.745968976,0.093030916,0.340538323,1.095655797,0.747487094,0.095655797,0.337815739
1166,60.748,200630_054610_0000000261_CAM2_OK.bmp,48.142,200630_054615_0000000262_CAM2_OK.bmp,F,1.106252421,0.786037517,0.106252421,0.272203907,1.108339478,0.789972319,0.108339478,0.26586714
1211,62.651,200630_054747_0000000263_CAM2_OK.bmp,46.564,200630_054803_0000000264_CAM2_OK.bmp,Not fertile,1.087724723,0.738453303,0.087724723,0.35418177,1.089162154,0.739761797,0.089162154,0.351786486
1212,62.622,200630_054829_0000000265_CAM2_OK.bmp,47.724,200630_054834_0000000266_CAM2_OK.bmp,M,1.048366125,0.75297552,0.048366125,0.328064423,1.042333345,0.756657092,0.042333345,0.321602626
1213,61.322,200630_054845_0000000267_CAM2_OK.bmp,47.395,200630_054848_0000000268_CAM2_OK.bmp,F,1.097845297,0.765403771,0.097845297,0.306499966,1.090908488,0.768748738,0.090908488,0.300815144
1214,60.327,200630_054907_0000000269_CAM2_OK.bmp,47.224,200630_054912_0000000270_CAM2_OK.bmp,F,1.057891479,0.754740489,0.057891479,0.32495873,1.062446285,0.756831168,0.062446285,0.321298649
1215,58.992,200630_054940_0000000271_CAM2_OK.bmp,47.741,200630_054944_0000000272_CAM2_OK.bmp,M,1.021101649,0.802464271,0.021101649,0.2461614,1.020965957,0.807001079,0.020965957,0.239155717
1216,63.841,200630_055000_0000000273_CAM2_OK.bmp,47.422,200630_055003_0000000274_CAM2_OK.bmp,M,1.117868982,0.732124954,0.117868982,0.365887058,1.090007459,0.737537129,0.090007459,0.355863943
1221,62.009,200630_055033_0000000275_CAM2_OK.bmp,46.183,200630_055036_0000000276_CAM2_OK.bmp,M,1.102833497,0.734619056,0.102833497,0.361249741,1.108016203,0.739907047,0.108016203,0.351521119
1222,62.127,200630_055111_0000000277_CAM2_OK.bmp,47.269,200630_055115_0000000278_CAM2_OK.bmp,F,1.115803388,0.747535969,0.115803388,0.337728273,1.11862913,0.752099505,0.11862913,0.329611299
1223,61.063,200630_055146_0000000279_CAM2_OK.bmp,48.564,200630_055152_0000000280_CAM2_OK.bmp,F,1.096740928,0.785378531,0.096740928,0.273271373,1.089403615,0.788993543,0.089403615,0.267437495
1224,62.041,200630_055215_0000000281_CAM2_OK.bmp,48.155,200630_055218_0000000282_CAM2_OK.bmp,NR,1.026273594,0.767764487,0.026273594,0.302482749,1.016894034,0.770857053,0.016894034,0.297257379
1225,60.072,200630_055235_0000000283_CAM2_OK.bmp,48.663,200630_055239_0000000284_CAM2_OK.bmp,F,1.069952999,0.795138589,0.069952999,0.257642395,1.058402774,0.801011914,0.058402774,0.248420882
1226,61.258,200630_055258_0000000285_CAM2_OK.bmp,44.762,200630_055302_0000000286_CAM2_OK.bmp,Not fertile,1.157045325,0.723555864,0.157045325,0.382063293,1.140579755,0.727651155,0.140579755,0.374284907
1231,62.771,200630_055326_0000000287_CAM2_OK.bmp,49.884,200630_055331_0000000288_CAM2_OK.bmp,F,1.140355619,0.793821551,0.140355619,0.259728965,1.091782021,0.790371082,0.091782021,0.265228477
1232,63.972,200630_055349_0000000289_CAM2_OK.bmp,47.608,200630_055353_0000000290_CAM2_OK.bmp,NR,1.059374547,0.738197169,0.059374547,0.354651633,1.056486164,0.741952018,0.056486164,0.347796052
1233,63.197,200630_055411_0000000291_CAM2_OK.bmp,48.378,200630_055415_0000000292_CAM2_OK.bmp,M,1.106413189,0.756631877,0.106413189,0.321646669,1.088888873,0.761384896,0.088888873,0.313396162
1234,63.513,200630_055437_0000000293_CAM2_OK.bmp,48.463,200630_055441_0000000294_CAM2_OK.bmp,F,1.09361705,0.752244969,0.09361705,0.329354188,1.085709711,0.757335383,0.085709711,0.320418962
1235,65.656,200630_055505_0000000295_CAM2_OK.bmp,48.097,200630_055509_0000000296_CAM2_OK.bmp,M,1.105747755,0.724486498,0.105747755,0.380287974,1.104691573,0.730997339,0.104691573,0.367994037
1236,61.515,200630_055527_0000000297_CAM2_OK.bmp,46.48,200630_055532_0000000298_CAM2_OK.bmp,M,1.041008024,0.752261668,0.041008024,0.329324679,1.044730541,0.753522392,0.044730541,0.327100575
1241,60.513,200630_055550_0000000299_CAM2_OK.bmp,47.654,200630_055553_0000000300_CAM2_OK.bmp,M,1.074720026,0.781637809,0.074720026,0.279364929,1.087237017,0.786308807,0.087237017,0.271764975
1243,64.387,200630_055631_0000000302_CAM2_OK.bmp,48.544,200630_055639_0000000303_CAM2_OK.bmp,M,1.087744961,0.746225197,0.087744961,0.340078042,1.086873959,0.747719028,0.086873959,0.337400764
1244,64.73,200630_055658_0000000304_CAM2_OK.bmp,46.92,200630_055702_0000000305_CAM2_OK.bmp,M,1.101505013,0.720247606,0.101505013,0.388411419,1.094202674,0.724208842,0.094202674,0.380817165
1245,63.86,200630_055725_0000000306_CAM2_OK.bmp,48.856,200630_055729_0000000307_CAM2_OK.bmp,F,1.123925796,0.756009079,0.123925796,0.322735438,1.130289217,0.760707687,0.130289217,0.314565393
1246,61.057,200630_055749_0000000308_CAM2_OK.bmp,45.043,200630_055755_0000000309_CAM2_OK.bmp,M,1.037096734,0.733738781,0.037096734,0.362882849,1.037848799,0.737764372,0.037848799,0.355446316
1251,62.829,200630_055828_0000000310_CAM2_OK.bmp,48.259,200630_055832_0000000311_CAM2_OK.bmp,M,1.103206473,0.755142848,0.103206473,0.32425276,1.096576447,0.759050607,0.096576447,0.317435216
1252,64.169,200630_055851_0000000312_CAM2_OK.bmp,46.754,200630_055856_0000000313_CAM2_OK.bmp,M,1.079581188,0.722146777,0.079581188,0.38476004,1.073630581,0.72743143,0.073630581,0.374700018
1253,62.968,200630_055913_0000000314_CAM2_OK.bmp,48.285,200630_055917_0000000315_CAM2_OK.bmp,F,1.087361586,0.757474308,0.087361586,0.320176789,1.094889399,0.759954075,0.094889399,0.315868989
1254,63.76,200630_055933_0000000316_CAM2_OK.bmp,48.68,200630_055937_0000000317_CAM2_OK.bmp,M,1.068089967,0.755465662,0.068089967,0.323686899,1.07281322,0.759636609,0.07281322,0.316418913
1255,63.698,200630_055955_0000000318_CAM2_OK.bmp,46.985,200630_060001_0000000319_CAM2_OK.bmp,M,1.056405735,0.729586494,0.056405735,0.370639407,1.049237768,0.732340574,0.049237768,0.365484906
1256,48.289,200630_060021_0000000320_CAM2_OK.bmp,64.093,200630_060041_0000000321_CAM2_OK.bmp,error,1.066523502,0.753358367,0.066523502,0.327389518,1.055249618,0.747625212,0.055249618,0.337568589
1261,62.885,200630_060106_0000000322_CAM2_OK.bmp,45.832,200630_060110_0000000323_CAM2_OK.bmp,F,1.088158553,0.715872121,0.088158553,0.396897532,1.074210284,0.720407029,0.074210284,0.388104169
1262,61.908,200630_060128_0000000324_CAM2_OK.bmp,45.392,200630_060132_0000000325_CAM2_OK.bmp,F,1.027090226,0.731709733,0.027090226,0.366662154,1.026586617,0.737171715,0.026586617,0.35653604
1263,62.907,200630_060151_0000000326_CAM2_OK.bmp,47.109,200630_060154_0000000327_CAM2_OK.bmp,M,1.095172201,0.741107805,0.095172201,0.349331356,1.094863212,0.74297892,0.094863212,0.345933207
1264,63.027,200630_060209_0000000328_CAM2_OK.bmp,48.308,200630_060212_0000000329_CAM2_OK.bmp,M,1.085763107,0.759269215,0.085763107,0.317055901,1.068288034,0.76412522,0.068288034,0.308686029
1265,60.759,200630_060226_0000000330_CAM2_OK.bmp,46.235,200630_060229_0000000331_CAM2_OK.bmp,M,1.082411662,0.753106757,0.082411662,0.327832993,1.079712996,0.759085851,0.079712996,0.317374048
1266,65.935,200630_060246_0000000332_CAM2_OK.bmp,46.773,200630_060250_0000000333_CAM2_OK.bmp,M,1.14642113,0.697524908,0.14642113,0.433640561,1.142589414,0.703009052,0.142589414,0.422456791
1311,62.552,200630_060418_0000000334_CAM2_OK.bmp,46.584,200630_060421_0000000335_CAM2_OK.bmp,F,1.063006412,0.734793762,0.063006412,0.360926087,1.047597162,0.738264338,0.047597162,0.354528383
1312,60.058,200630_060436_0000000336_CAM2_OK.bmp,44.348,200630_060440_0000000337_CAM2_OK.bmp,M,1.089672979,0.728570993,0.089672979,0.37254984,1.096829411,0.73149713,0.096829411,0.367059363
1313,64.002,200630_060515_0000000338_CAM2_OK.bmp,46.62,200630_060519_0000000339_CAM2_OK.bmp,M,1.125890781,0.719141293,0.125890781,0.390547324,1.094093759,0.723789932,0.094093759,0.381616344
1314,61.394,200630_060540_0000000340_CAM2_OK.bmp,46.046,200630_060543_0000000341_CAM2_OK.bmp,M,1.07874839,0.74584081,0.07874839,0.340768683,1.071892862,0.749586084,0.071892862,0.334069591
1315,64.689,200630_060820_0000000342_CAM2_OK.bmp,46.987,200630_060824_0000000343_CAM2_OK.bmp,F,1.097110712,0.716747022,0.097110712,0.395192403,1.094769637,0.718863087,0.094769637,0.391085476
1316,64.183,200630_060843_0000000344_CAM2_OK.bmp,49.512,200630_060847_0000000345_CAM2_OK.bmp,Not fertile,1.108440178,0.759045932,0.108440178,0.317443329,1.098553372,0.765030479,0.098553372,0.307137464
1321,60.745,200630_060909_0000000346_CAM2_OK.bmp,44.786,200630_060913_0000000347_CAM2_OK.bmp,F,1.100491556,0.732579019,0.100491556,0.365040459,1.089649356,0.736851277,0.089649356,0.357125964
1322,64.007,200630_060934_0000000348_CAM2_OK.bmp,47.524,200630_060938_0000000349_CAM2_OK.bmp,M,1.106827771,0.735321346,0.106827771,0.359949639,1.10969308,0.738061062,0.10969308,0.354901446
1323,63.336,200630_060954_0000000350_CAM2_OK.bmp,48.744,200630_060959_0000000351_CAM2_OK.bmp,M,1.069178919,0.758586878,0.069178919,0.318240573,1.064555216,0.762151424,0.064555216,0.312075223
1324,63.646,200630_061016_0000000352_CAM2_OK.bmp,47.93,200630_061021_0000000353_CAM2_OK.bmp,M,1.114597269,0.73966259,0.114597269,0.351967794,1.097849852,0.742811346,0.097849852,0.346236842
1325,59.807,200630_061043_0000000354_CAM2_OK.bmp,45.363,200630_061047_0000000355_CAM2_OK.bmp,M,1.076904148,0.753560843,0.076904148,0.327032859,1.077279938,0.758168242,0.077279938,0.318968462
1326,64.463,200630_061110_0000000356_CAM2_OK.bmp,46.076,200630_061114_0000000357_CAM2_OK.bmp,NR,1.090477995,0.709718639,0.090477995,0.40900907,1.114188001,0.711957791,0.114188001,0.404577649
1331,63.953,200630_061137_0000000358_CAM2_OK.bmp,48.288,200630_061142_0000000359_CAM2_OK.bmp,M,1.07414306,0.749105248,0.07414306,0.334925904,1.049645971,0.75436914,0.049645971,0.32561096
1332,60.702,200630_061203_0000000360_CAM2_OK.bmp,46.023,200630_061206_0000000361_CAM2_OK.bmp,M,1.04091187,0.75058758,0.04091187,0.332289565,1.035414654,0.75224679,0.035414654,0.329350971
1333,57.705,200630_061222_0000000362_CAM2_OK.bmp,46.152,200630_061226_0000000363_CAM2_OK.bmp,F,1.087698595,0.789466816,0.087698595,0.266677687,1.081170635,0.791606152,0.081170635,0.263254457
1334,62.831,200630_061243_0000000364_CAM2_OK.bmp,48.137,200630_061246_0000000365_CAM2_OK.bmp,M,1.032052829,0.761467852,0.032052829,0.313253077,1.0294945,0.765513024,0.0294945,0.306313503
1335,61.67,200630_061302_0000000366_CAM2_OK.bmp,47.974,200630_061306_0000000367_CAM2_OK.bmp,M,1.114844494,0.764143674,0.114844494,0.308654425,1.111726743,0.767200279,0.111726743,0.30344061
1336,60.78,200630_061329_0000000368_CAM2_OK.bmp,46.534,200630_061333_0000000369_CAM2_OK.bmp,M,1.138297589,0.752782148,0.138297589,0.328405572,1.13335243,0.758858352,0.13335243,0.317768985
1341,62.129,200630_061354_0000000370_CAM2_OK.bmp,47.194,200630_061357_0000000371_CAM2_OK.bmp,M,1.078001223,0.748842666,0.078001223,0.335393996,1.088158379,0.753311812,0.088158379,0.327471551
1342,64.855,200630_061410_0000000372_CAM2_OK.bmp,45.384,200630_061414_0000000373_CAM2_OK.bmp,F,1.127552632,0.707512793,0.127552632,0.413402005,1.105307959,0.718897517,0.105307959,0.391018854
1343,63.628,200630_061430_0000000374_CAM2_OK.bmp,48.815,200630_061433_0000000375_CAM2_OK.bmp,M,1.089568629,0.754539054,0.089568629,0.325312448,1.088710628,0.760107251,0.088710628,0.315603815
1344,65.03,200630_061450_0000000376_CAM2_OK.bmp,46.807,200630_061454_0000000377_CAM2_OK.bmp,F,1.095045873,0.707479449,0.095045873,0.41346862,1.094858426,0.71282391,0.094858426,0.402871011
1345,64.466,200630_061511_0000000378_CAM2_OK.bmp,46.03,200630_061515_0000000379_CAM2_OK.bmp,Not fertile,1.080320423,0.705893618,0.080320423,0.416644059,1.09739333,0.710685093,0.09739333,0.407092973
1346,60.572,200630_061535_0000000380_CAM2_OK.bmp,47.807,200630_061538_0000000381_CAM2_OK.bmp,M,1.093524294,0.775026556,0.093524294,0.290278369,1.097445733,0.779367688,0.097445733,0.283091428
1351,58.479,200630_061557_0000000382_CAM2_OK.bmp,46.093,200630_061600_0000000383_CAM2_OK.bmp,F,1.062718036,0.775754474,0.062718036,0.289067655,1.064382991,0.780093419,0.064382991,0.281897752
1352,64.004,200630_061616_0000000384_CAM2_OK.bmp,47.506,200630_061621_0000000385_CAM2_OK.bmp,Not fertile,1.073359504,0.728718767,0.073359504,0.372271506,1.06638135,0.730738645,0.06638135,0.368478329
1353,63.293,200630_061635_0000000386_CAM2_OK.bmp,48.119,200630_061639_0000000387_CAM2_OK.bmp,M,1.09096274,0.748204472,0.09096274,0.336533044,1.080866118,0.753032919,0.080866118,0.327963193
1354,63.192,200630_061654_0000000388_CAM2_OK.bmp,46.001,200630_061657_0000000389_CAM2_OK.bmp,M,1.058018485,0.719505375,0.058018485,0.389843683,1.085489933,0.722955335,0.085489933,0.383211315
1355,62.7,200630_061711_0000000390_CAM2_OK.bmp,46.196,200630_061714_0000000391_CAM2_OK.bmp,F,1.095760549,0.733923344,0.095760549,0.362540118,1.091317313,0.738944313,0.091317313,0.35328195
1356,60.379,200630_061740_0000000392_CAM2_OK.bmp,46.084,200630_061743_0000000393_CAM2_OK.bmp,Not fertile,1.119565494,0.754783552,0.119565494,0.324883138,1.112317139,0.753580991,0.112317139,0.326997379
1361,65.278,200630_061806_0000000394_CAM2_OK.bmp,47.334,200630_061809_0000000395_CAM2_OK.bmp,M,1.093418134,0.718019775,0.093418134,0.392719303,1.078368059,0.721907786,0.078368059,0.385218471
1362,64.412,200630_061824_0000000396_CAM2_OK.bmp,48.048,200630_061828_0000000397_CAM2_OK.bmp,F,1.07081515,0.725733164,0.07081515,0.377916912,1.067323838,0.730746477,0.067323838,0.368463662
1363,65.08,200630_061842_0000000398_CAM2_OK.bmp,48.859,200630_061845_0000000399_CAM2_OK.bmp,Not fertile,1.082402187,0.741838132,0.082402187,0.348002963,1.076096843,0.746686482,0.076096843,0.339250173
1364,62.902,200630_061902_0000000400_CAM2_OK.bmp,47.679,200630_061905_0000000401_CAM2_OK.bmp,F,1.095973868,0.748803412,0.095973868,0.335464001,1.101947024,0.752407152,0.101947024,0.329067643
1365,63.96,200630_061923_0000000402_CAM2_OK.bmp,48.898,200630_061927_0000000403_CAM2_OK.bmp,F,1.071181907,0.752754939,0.071181907,0.328453589,1.085636854,0.75571917,0.085636854,0.323242866
1366,64.877,200630_061942_0000000404_CAM2_OK.bmp,48.457,200630_061946_0000000405_CAM2_OK.bmp,F,1.120681464,0.740086435,0.120681464,0.351193526,1.109402448,0.744789318,0.109402448,0.342661576
2111,63.942,200630_062049_0000000406_CAM2_OK.bmp,48.593,200630_062053_0000000407_CAM2_OK.bmp,Not fertile,1.051462774,0.750892379,0.051462774,0.331748768,1.062291827,0.753822614,0.062291827,0.326572036
2112,57.721,200630_062115_0000000408_CAM2_OK.bmp,46.026,200630_062118_0000000409_CAM2_OK.bmp,M,1.062069255,0.785576208,0.062069255,0.272950974,1.062004399,0.790656123,0.062004399,0.264772346
2113,60.251,200630_062139_0000000410_CAM2_OK.bmp,47.268,200630_062143_0000000411_CAM2_OK.bmp,F,1.090985951,0.771231989,0.090985951,0.296626714,1.048354691,0.772031535,0.048354691,0.295283878
2114,59.633,200630_062202_0000000412_CAM2_OK.bmp,46.049,200630_062205_0000000413_CAM2_OK.bmp,F,1.106812074,0.761968508,0.106812074,0.312390197,1.102741923,0.767813285,0.102741923,0.30239997
2115,61.231,200630_062221_0000000414_CAM2_OK.bmp,47.917,200630_062226_0000000415_CAM2_OK.bmp,M,1.065260126,0.774659018,0.065260126,0.290890542,1.049546502,0.777441762,0.049546502,0.28626998
2116,61.019,200630_062241_0000000416_CAM2_OK.bmp,46.135,200630_062244_0000000417_CAM2_OK.bmp,M,1.118534082,0.74359712,0.118534082,0.344814245,1.119423668,0.748743411,0.119423668,0.335571019
2121,64.552,200630_062306_0000000418_CAM2_OK.bmp,49.755,200630_062309_0000000419_CAM2_OK.bmp,F,1.057041124,0.761113384,0.057041124,0.31386469,1.078294088,0.7636759,0.078294088,0.309456014
2122,61.93,200630_062332_0000000420_CAM2_OK.bmp,47.373,200630_062337_0000000421_CAM2_OK.bmp,M,1.059922942,0.745436467,0.059922942,0.341495947,1.067053653,0.751971344,0.067053653,0.32983791
2123,62.858,200630_062354_0000000422_CAM2_OK.bmp,48.271,200630_062357_0000000423_CAM2_OK.bmp,M,1.060435802,0.756983873,0.060435802,0.321032107,1.049972817,0.759911365,0.049972817,0.315942946
2124,61.246,200630_062417_0000000424_CAM2_OK.bmp,46.005,200630_062421_0000000425_CAM2_OK.bmp,nan,1.064924241,0.744544866,0.064924241,0.343102405,1.061122971,0.746814309,0.061122971,0.339020942
2125,59.493,200630_062436_0000000426_CAM2_OK.bmp,46.112,200630_062439_0000000427_CAM2_OK.bmp,nan,1.099957851,0.762072472,0.099957851,0.312211157,1.125512566,0.768142786,0.125512566,0.301841296
2126,60.646,200630_062458_0000000428_CAM2_OK.bmp,46.076,200630_062502_0000000429_CAM2_OK.bmp,nan,1.054806907,0.746256683,0.054806907,0.340021501,1.060099082,0.749994401,0.060099082,0.333343287
2131,61.156,200630_062522_0000000430_CAM2_OK.bmp,48.698,200630_062525_0000000431_CAM2_OK.bmp,nan,1.033170528,0.789008225,0.033170528,0.267413911,1.026877704,0.790157895,0.026877704,0.265569839
2132,67.471,200630_062546_0000000432_CAM2_OK.bmp,46.063,200630_062550_0000000433_CAM2_OK.bmp,nan,1.122997959,0.678362732,0.122997959,0.474137585,1.119090849,0.682134615,0.119090849,0.465986299
2133,61.062,200630_062610_0000000434_CAM2_OK.bmp,46.225,200630_062613_0000000435_CAM2_OK.bmp,nan,1.07176929,0.744191861,0.07176929,0.343739502,1.040389884,0.747961223,0.040389884,0.336967705
2134,62.798,200630_062636_0000000436_CAM2_OK.bmp,46.231,200630_062639_0000000437_CAM2_OK.bmp,nan,1.093183618,0.729700608,0.093183618,0.370425061,1.091837774,0.736305198,0.091837774,0.358132474
2135,61.515,200630_062654_0000000438_CAM2_OK.bmp,44.736,200630_062658_0000000439_CAM2_OK.bmp,nan,1.076276576,0.724060312,0.076276576,0.381100418,1.075662551,0.728955682,0.075662551,0.37182551
2136,60.062,200630_062712_0000000440_CAM2_OK.bmp,46.356,200630_062716_0000000441_CAM2_OK.bmp,nan,1.064925027,0.763731395,0.064925027,0.309360864,1.059881699,0.767912036,0.059881699,0.302232487
2142,61.931,200630_062753_0000000443_CAM2_OK.bmp,48.708,200630_062756_0000000444_CAM2_OK.bmp,M,1.135864387,0.772238626,0.135864387,0.294936521,1.16736538,0.778645753,0.16736538,0.28428107
2143,62.844,200630_062811_0000000445_CAM2_OK.bmp,46.957,200630_062814_0000000446_CAM2_OK.bmp,F,1.09949819,0.73315805,0.09949819,0.363962381,1.09878935,0.735409616,0.09878935,0.359786408
2144,61.843,200630_062830_0000000447_CAM2_OK.bmp,46.103,200630_062833_0000000448_CAM2_OK.bmp,M,1.062351087,0.739525874,0.062351087,0.352217731,1.060749537,0.745432133,0.060749537,0.341503748
2145,62.383,200630_062847_0000000449_CAM2_OK.bmp,46.816,200630_062850_0000000450_CAM2_OK.bmp,M,1.179224713,0.729163549,0.179224713,0.371434436,1.1680812,0.738618598,0.1680812,0.353878716
2146,57.875,200630_062907_0000000451_CAM2_OK.bmp,48.082,200630_062910_0000000452_CAM2_OK.bmp,F,1.088809925,0.808768199,0.088809925,0.236448219,1.062516167,0.812365002,0.062516167,0.230973758
2151,64.195,200630_062930_0000000453_CAM2_OK.bmp,48.673,200630_062933_0000000454_CAM2_OK.bmp,M,1.110954089,0.748569505,0.110954089,0.335881295,1.120581708,0.754696162,0.120581708,0.325036551
2152,61.636,200630_062950_0000000455_CAM2_OK.bmp,47.435,200630_062953_0000000456_CAM2_OK.bmp,M,1.122304639,0.75364051,0.122304639,0.326892579,1.095490224,0.761077006,0.095490224,0.31392749
2153,61.571,200630_063008_0000000457_CAM2_OK.bmp,46.074,200630_063012_0000000458_CAM2_OK.bmp,F,1.062610146,0.743179151,0.062610146,0.345570579,1.065223232,0.746081204,0.065223232,0.340336675
2154,61.26,200630_063027_0000000459_CAM2_OK.bmp,45.731,200630_063030_0000000460_CAM2_OK.bmp,M,1.081638831,0.741926512,0.081638831,0.347842385,1.079281033,0.744285342,0.079281033,0.343570729
2155,62.55,200630_063047_0000000461_CAM2_OK.bmp,46.266,200630_063050_0000000462_CAM2_OK.bmp,F,1.053503425,0.730713888,0.053503425,0.368524694,1.039351245,0.735557179,0.039351245,0.359513615
2156,64.273,200630_063108_0000000463_CAM2_OK.bmp,48.657,200630_063111_0000000464_CAM2_OK.bmp,M,1.108930147,0.746724347,0.108930147,0.339182262,1.088402539,0.750579074,0.088402539,0.332304662
2161,66.068,200630_063134_0000000465_CAM2_OK.bmp,50.234,200630_063137_0000000466_CAM2_OK.bmp,F,1.157760862,0.739942399,0.157760862,0.351456548,1.120757184,0.747151573,0.120757184,0.338416509
2162,62.213,200630_063153_0000000467_CAM2_OK.bmp,47.5,200630_063156_0000000468_CAM2_OK.bmp,M,1.035176824,0.753941876,0.035176824,0.326362193,1.065041715,0.757967092,0.065041715,0.31931849
2163,63.317,200630_063213_0000000469_CAM2_OK.bmp,45.954,200630_063216_0000000470_CAM2_OK.bmp,F,1.088789422,0.740774807,0.088789422,0.349937917,1.089227365,0.746553109,0.089227365,0.339489431
2164,61.519,200630_063232_0000000471_CAM2_OK.bmp,45.148,200630_063237_0000000472_CAM2_OK.bmp,Not fertile,1.096436282,0.724505191,0.096436282,0.38025236,1.101301034,0.729696084,0.101301034,0.370433558
2165,64.232,200630_063258_0000000473_CAM2_OK.bmp,48.429,200630_063302_0000000474_CAM2_OK.bmp,NR,1.042182601,0.745566094,0.042182601,0.34126271,1.026399416,0.749461577,0.026399416,0.334291218
2166,65.64,200630_063320_0000000475_CAM2_OK.bmp,48.669,200630_063324_0000000476_CAM2_OK.bmp,F,1.078091133,0.742693008,0.078091133,0.346451346,1.018624302,0.736693992,0.018624302,0.357415712
2211,60.532,200630_063435_0000000477_CAM2_OK.bmp,46.776,200630_063441_0000000478_CAM2_OK.bmp,M,1.091646964,0.76812454,0.091646964,0.30187222,1.084656854,0.769732175,0.084656854,0.299153176
2212,62.136,200630_063456_0000000479_CAM2_OK.bmp,46.533,200630_063503_0000000480_CAM2_OK.bmp,F,1.086126352,0.743152997,0.086126352,0.345617933,1.083220041,0.74554356,0.083220041,0.341303249
2213,61.21,200630_063521_0000000481_CAM2_OK.bmp,46.364,200630_063528_0000000482_CAM2_OK.bmp,M,1.090156993,0.749338246,0.090156993,0.334510824,1.086365066,0.752150218,0.086365066,0.329521652
2214,62.795,200630_063546_0000000483_CAM2_OK.bmp,46.681,200630_063551_0000000484_CAM2_OK.bmp,M,1.054567171,0.740337253,0.054567171,0.350735757,1.056750304,0.743201133,0.056750304,0.34553078
2215,65.15,200630_063609_0000000485_CAM2_OK.bmp,49.526,200630_063614_0000000486_CAM2_OK.bmp,F,1.041398534,0.753286358,0.041398534,0.327516408,1.05000409,0.758154312,0.05000409,0.318992696
2216,62.122,200630_063635_0000000487_CAM2_OK.bmp,47.677,200630_063709_0000000488_CAM2_OK.bmp,M,1.056690552,0.765979848,0.056690552,0.305517375,1.079422216,0.764206333,0.079422216,0.308547125
2221,63.35,200630_070303_0000000489_CAM2_OK.bmp,48.894,200630_070307_0000000490_CAM2_OK.bmp,M,1.094543411,0.761794691,0.094543411,0.312689642,1.119514007,0.765833444,0.119514007,0.30576695
2222,62.266,200630_070330_0000000491_CAM2_OK.bmp,49.893,200630_070335_0000000492_CAM2_OK.bmp,M,1.030919331,0.802984522,0.030919331,0.245354016,1.030243647,0.803151373,0.030243647,0.2450953
2223,60.13,200630_070357_0000000493_CAM2_OK.bmp,45.543,200630_070402_0000000494_CAM2_OK.bmp,M,1.108939041,0.752154471,0.108939041,0.329514133,1.131561552,0.754453869,0.131561552,0.325462088
2224,65.203,200630_070417_0000000495_CAM2_OK.bmp,48.423,200630_070421_0000000496_CAM2_OK.bmp,M,1.11445856,0.728984697,0.11445856,0.371770909,1.121238327,0.729573056,0.121238327,0.370664654
2225,63.451,200630_070439_0000000497_CAM2_OK.bmp,47.801,200630_070443_0000000498_CAM2_OK.bmp,F,1.097943685,0.749705639,0.097943685,0.333856848,1.100402485,0.752067498,0.100402485,0.329667886
2226,65.953,200630_070459_0000000499_CAM2_OK.bmp,49.201,200630_070502_0000000500_CAM2_OK.bmp,F,1.085356888,0.738904209,0.085356888,0.353355398,1.08848998,0.742565827,0.08848998,0.346681955
2231,62.252,200630_070521_0000000501_CAM2_OK.bmp,46.126,200630_070525_0000000502_CAM2_OK.bmp,F,1.078263148,0.737240558,0.078263148,0.356409368,1.089144616,0.741307403,0.089144616,0.348968048
2232,63.842,200630_070545_0000000503_CAM2_OK.bmp,46.609,200630_070550_0000000504_CAM2_OK.bmp,F,1.117090357,0.724989897,0.117090357,0.379329566,1.118761988,0.727071894,0.118761988,0.375379805
2233,63.003,200630_070606_0000000505_CAM2_OK.bmp,46.418,200630_070610_0000000506_CAM2_OK.bmp,F,1.099319984,0.734768213,0.099319984,0.360973409,1.085519179,0.73493248,0.085519179,0.360669215
2234,63.58,200630_070625_0000000507_CAM2_OK.bmp,48.236,200630_070630_0000000508_CAM2_OK.bmp,M,1.09162894,0.7535678,0.09162894,0.327020608,1.084059062,0.753495481,0.084059062,0.327147973
2235,63.435,200630_070646_0000000509_CAM2_OK.bmp,47.29,200630_070650_0000000510_CAM2_OK.bmp,M,1.115465061,0.739134291,0.115465061,0.352934118,1.088845052,0.742803842,0.088845052,0.346250442
2236,62.951,200630_070705_0000000511_CAM2_OK.bmp,48.889,200630_070708_0000000512_CAM2_OK.bmp,M,1.070511026,0.770127378,0.070511026,0.298486496,1.115450209,0.773734839,0.115450209,0.292432433
2241,58.666,200630_070725_0000000513_CAM2_OK.bmp,48.724,200630_070729_0000000514_CAM2_OK.bmp,F,1.073118591,0.798627917,0.073118591,0.252147563,1.061834479,0.802301257,0.061834479,0.2464146
2242,60.848,200630_070752_0000000515_CAM2_OK.bmp,45.844,200630_070755_0000000516_CAM2_OK.bmp,F,1.088266597,0.748068533,0.088266597,0.336775917,1.101619662,0.749330919,0.101619662,0.334523873
2243,64.435,200630_070816_0000000517_CAM2_OK.bmp,48.373,200630_070820_0000000518_CAM2_OK.bmp,M,1.061565641,0.742496635,0.061565641,0.346807451,1.059657336,0.746228269,0.059657336,0.340072525
2244,63.469,200630_070838_0000000519_CAM2_OK.bmp,47.664,200630_070842_0000000520_CAM2_OK.bmp,M,1.083751141,0.747192432,0.083751141,0.338343319,1.086095003,0.748558227,0.086095003,0.335901422
2245,64.391,200630_070902_0000000521_CAM2_OK.bmp,48.228,200630_070907_0000000522_CAM2_OK.bmp,Not fertile,1.114714859,0.745206422,0.114714859,0.341910067,1.110674941,0.744611672,0.110674941,0.342981903
2246,63.278,200630_070925_0000000523_CAM2_OK.bmp,48.354,200630_070928_0000000524_CAM2_OK.bmp,Not fertile,1.072268428,0.75857707,0.072268428,0.318257616,1.079008854,0.760041315,0.079008854,0.31571795
2251,64.875,200630_070946_0000000525_CAM2_OK.bmp,47.311,200630_071001_0000000526_CAM2_OK.bmp,F,1.046436426,0.722858958,0.046436426,0.383395736,1.036524358,0.728351833,0.036524358,0.372962839
2252,61.568,200630_071016_0000000527_CAM2_OK.bmp,46.483,200630_071019_0000000528_CAM2_OK.bmp,M,1.082352908,0.74897712,0.082352908,0.33515427,1.054270615,0.751209628,0.054270615,0.331186347
2253,61.634,200630_071035_0000000529_CAM2_OK.bmp,45.786,200630_071040_0000000530_CAM2_OK.bmp,M,1.102462062,0.739881619,0.102462062,0.351567568,1.090456121,0.74256366,0.090456121,0.346685885
2254,65.686,200630_071103_0000000531_CAM2_OK.bmp,49.108,200630_071117_0000000532_CAM2_OK.bmp,M,1.122726243,0.742668263,0.122726243,0.346496209,1.118997491,0.745465149,0.118997491,0.341444334
2255,62.374,200630_071135_0000000533_CAM2_OK.bmp,46.997,200630_071139_0000000534_CAM2_OK.bmp,Not fertile,1.132812219,0.747423074,0.132812219,0.337930329,1.116089986,0.748884859,0.116089986,0.335318757
2256,63.375,200630_071155_0000000535_CAM2_OK.bmp,47.503,200630_071201_0000000536_CAM2_OK.bmp,M,1.088024005,0.743620863,0.088024005,0.344771306,1.072770642,0.746535797,0.072770642,0.339520494
2261,62.229,200630_071222_0000000537_CAM2_OK.bmp,48.79,200630_071226_0000000538_CAM2_OK.bmp,M,1.083446763,0.781043006,0.083446763,0.280339229,1.086537414,0.781221661,0.086537414,0.280046433
2262,64.302,200630_071241_0000000539_CAM2_OK.bmp,48.715,200630_071245_0000000540_CAM2_OK.bmp,F,1.129372474,0.748595366,0.129372474,0.335835147,1.107123413,0.751675397,0.107123413,0.330361488
2263,62.544,200630_071303_0000000541_CAM2_OK.bmp,47.801,200630_071311_0000000542_CAM2_OK.bmp,F,1.076891052,0.756545552,0.076891052,0.321797475,1.079380912,0.759360456,0.079380912,0.31689765
2264,60.988,200630_071329_0000000543_CAM2_OK.bmp,46.144,200630_071333_0000000544_CAM2_OK.bmp,M,1.013472232,0.748882308,0.013472232,0.335323307,1.021845893,0.751550197,0.021845893,0.330583111
2265,64.897,200630_071349_0000000545_CAM2_OK.bmp,45.336,200630_071353_0000000546_CAM2_OK.bmp,M,1.087693364,0.690107568,0.087693364,0.449049463,1.082912224,0.691941227,0.082912224,0.445209449
2266,62.77,200630_071410_0000000547_CAM2_OK.bmp,47.472,200630_071414_0000000548_CAM2_OK.bmp,F,1.074199864,0.753424851,0.074199864,0.327272386,1.054189462,0.757814656,0.054189462,0.319583875
