ID,length,imagepath-length,width,imagepath-width,label,L-length,T-length,A-length,E-length,L-width,T-width,A-width,E-width,weight-day1,weight-day2,weight-day3,weight-day4,weight-day5,weight-day6
1111,64.086,200620_055117_0000000011_CAM2_OK.bmp,47.317,200620_055129_0000000012_CAM2_OK.bmp,M,1.1380382,0.707205896,0.1380382,0.41401536,1.12361848,0.715843207,0.12361848,0.396953955,58.826,58.434,58.021,57.608,57.147,56.714
1112,69.633,200620_055203_0000000013_CAM2_OK.bmp,50.663,200620_055213_0000000014_CAM2_OK.bmp,F,1.136803776,0.709135694,0.136803776,0.410167346,1.111457807,0.720113872,0.111457807,0.388669262,55.821,55.454,55.073,54.696,54.269,53.87
1113,64.015,200620_055226_0000000015_CAM2_OK.bmp,49.161,200620_055233_0000000016_CAM2_OK.bmp,F,1.055587142,0.764074661,0.055587142,0.308772626,1.047784444,0.768030161,0.047784444,0.302032199,61.198,60.837,60.476,60.115,59.699,59.309
1114,65.063,200620_055259_0000000017_CAM2_OK.bmp,50.988,200620_055305_0000000018_CAM2_OK.bmp,M,1.081331515,0.773551183,0.081331515,0.292739281,1.08144386,0.778052395,0.08144386,0.285260487,65.271,64.912,64.552,64.192,63.777,63.398
1115,65.331,200620_055323_0000000019_CAM2_OK.bmp,50.357,200620_055328_0000000020_CAM2_OK.bmp,M,1.10146403,0.760498325,0.10146403,0.314927288,1.097333835,0.765669121,0.097333835,0.306047185,58.355,58.029,57.7,57.357,56.991,56.647
1116,64.131,200620_055342_0000000021_CAM2_OK.bmp,48.629,200620_055350_0000000022_CAM2_OK.bmp,F,1.065326561,0.750527963,0.065326561,0.332395392,1.064202921,0.752690853,0.064202921,0.328566696,61.303,60.918,60.51,60.093,59.652,59.234
1121,61.392,200620_055417_0000000023_CAM2_OK.bmp,48.507,200620_055423_0000000024_CAM2_OK.bmp,M,1.077924092,0.783113319,0.077924092,0.276954401,1.08010491,0.787743314,0.08010491,0.269449048,56.827,56.458,56.085,55.701,55.304,54.907
1122,65.004,200620_055505_0000000025_CAM2_OK.bmp,47.612,200620_055511_0000000026_CAM2_OK.bmp,M,1.110432507,0.727430457,0.110432507,0.374701856,1.108993974,0.733206619,0.108993974,0.363872031,57.572,57.165,56.753,56.34,55.892,55.444
1123,64.055,200620_055524_0000000027_CAM2_OK.bmp,48.462,200620_055528_0000000028_CAM2_OK.bmp,M,1.104212383,0.746797454,0.104212383,0.339051164,1.114777778,0.749103646,0.114777778,0.334928758,56.421,56.128,55.83,55.529,55.206,54.883
1124,62.983,200620_055559_0000000029_CAM2_OK.bmp,48.295,200620_055604_0000000030_CAM2_OK.bmp,M,1.076843735,0.762791587,0.076843735,0.31097408,1.081090271,0.768084795,0.081090271,0.301939586,58.809,58.446,58.07,57.69,57.2875,56.885
1125,67.672,200620_055622_0000000031_CAM2_OK.bmp,48.039,200620_055626_0000000032_CAM2_OK.bmp,F,1.13613708,0.72304776,0.13613708,0.383034505,1.065952273,0.735005589,0.065952273,0.360533872,61.397,61.074,60.735,60.4,60.042,59.684
1126,63.07,200620_055647_0000000033_CAM2_OK.bmp,47.937,200620_055651_0000000034_CAM2_OK.bmp,M,1.09555735,0.75960999,0.09555735,0.316465045,1.082970163,0.76249245,0.082970163,0.311488396,57.864,57.502,57.112,56.745,56.3485,55.952
1131,62.807,200620_055718_0000000035_CAM2_OK.bmp,47.718,200620_055723_0000000036_CAM2_OK.bmp,M,1.097836139,0.749529038,0.097836139,0.334171125,1.097104477,0.75298696,0.097104477,0.328044247,57.818,57.405,56.978,56.572,56.113,55.686
1132,65.594,200620_055734_0000000037_CAM2_OK.bmp,48.792,200620_055738_0000000038_CAM2_OK.bmp,M,1.053386001,0.737717982,0.053386001,0.35553155,1.053789435,0.741715449,0.053789435,0.348225928,55.71,55.354,54.987,54.642,54.247,53.879
1133,61.874,200620_055747_0000000039_CAM2_OK.bmp,48.328,200620_055752_0000000040_CAM2_OK.bmp,M,1.133372229,0.739042224,0.133372229,0.353102662,1.122529207,0.74592772,0.122529207,0.340612465,58.602,58.242,57.87,57.515,57.113,56.738
1134,65.069,200620_055813_0000000041_CAM2_OK.bmp,49.11,200620_055818_0000000042_CAM2_OK.bmp,Not fertile,1.149694604,0.739744401,0.149694604,0.351818274,1.118342266,0.748495377,0.118342266,0.336013596,59.604,59.267,58.912,58.568,58.184,57.827
1135,62.108,200620_055842_0000000043_CAM2_OK.bmp,49.574,200620_055847_0000000044_CAM2_OK.bmp,M,1.054277045,0.793332504,0.054277045,0.26050552,1.050022211,0.79488192,0.050022211,0.258048491,58.987,58.651,58.289,57.943,57.568,57.209
1136,65.513,200620_055859_0000000045_CAM2_OK.bmp,49.542,200620_055904_0000000046_CAM2_OK.bmp,M,1.076799952,0.753219497,0.076799952,0.327634247,1.07048016,0.755758102,0.07048016,0.323174701,58.125,57.782,57.414,57.058,56.679,56.31
1141,63.438,200620_055924_0000000047_CAM2_OK.bmp,48.367,200620_055930_0000000048_CAM2_OK.bmp,M,1.10876327,0.756984098,0.10876327,0.321031713,1.101496214,0.761254747,0.101496214,0.313620708,60.639,60.249,59.845,59.465,59.032,58.628
1142,63.212,200620_055940_0000000049_CAM2_OK.bmp,43.963,200620_055944_0000000050_CAM2_OK.bmp,F,1.106833121,0.736393294,0.106833121,0.357969997,1.101056064,0.742594838,0.101056064,0.346629345,57.337,56.913,56.477,56.063,55.593,55.154
1143,62.006,200620_055956_0000000051_CAM2_OK.bmp,47.23,200620_060002_0000000052_CAM2_OK.bmp,Not fertile,1.10041092,0.75438352,0.10041092,0.325585692,1.124608041,0.759861329,0.124608041,0.316029598,59.804,59.433,59.05,58.68,58.262,57.88
1144,63.299,200620_060028_0000000053_CAM2_OK.bmp,45.321,200620_060031_0000000054_CAM2_OK.bmp,M,1.086807818,0.75200188,0.086807818,0.329783909,1.095690243,0.754929369,0.095690243,0.324627232,62.648,62.267,61.865,61.477,61.052,60.654
1145,59.908,200620_060109_0000000055_CAM2_OK.bmp,48.551,200620_060116_0000000056_CAM2_OK.bmp,M,1.068143536,0.802327053,0.068143536,0.246374526,1.076396734,0.806703229,0.076396734,0.239613236,54.052,53.689,53.3,52.926,52.526,51.972
1146,60.378,200620_060130_0000000057_CAM2_OK.bmp,49.169,200620_060136_0000000058_CAM2_OK.bmp,M,1.122297104,0.79804687,0.122297104,0.253059234,1.133225744,0.804136603,0.133225744,0.243569806,61.516,61.201,60.864,60.539,60.192,59.856
1151,63.114,200620_060159_0000000059_CAM2_OK.bmp,48.263,200620_060204_0000000060_CAM2_OK.bmp,M,1.131856801,0.764178261,0.131856801,0.308595195,1.162812983,0.770563976,0.162812983,0.29775078,56.408,56.072,55.716,55.384,55.017,55.677
1152,63.163,200620_060226_0000000061_CAM2_OK.bmp,46.534,200620_060232_0000000062_CAM2_OK.bmp,Not fertile,1.060489978,0.733056827,0.060489978,0.364150722,1.054297202,0.736311054,0.054297202,0.358121673,57.928,57.583,57.215,56.874,56.497,56.139
1153,64.082,200620_060242_0000000063_CAM2_OK.bmp,47.717,200620_060247_0000000064_CAM2_OK.bmp,M,1.080710666,0.740803961,0.080710666,0.34988479,1.079390557,0.743246422,0.079390557,0.34544879,57.981,57.656,57.314,56.986,56.625,56.286
1154,61.783,200620_060305_0000000065_CAM2_OK.bmp,47.022,200620_060308_0000000066_CAM2_OK.bmp,M,1.101893244,0.751379252,0.101893244,0.330885831,1.103925364,0.758297473,0.103925364,0.31874368,56.077,55.706,55.312,54.932,54.523,54.133
1155,60.379,200620_060325_0000000067_CAM2_OK.bmp,49.004,200620_060329_0000000068_CAM2_OK.bmp,M,1.126425497,0.763181078,0.126425497,0.310305024,1.103013524,0.769618273,0.103013524,0.299345449,64.925,64.579,64.209,63.849,63.462,63.092
1156,68.884,200620_060348_0000000069_CAM2_OK.bmp,47.944,200620_060357_0000000070_CAM2_OK.bmp,F,1.090123763,0.684135548,0.090123763,0.46169864,1.089830061,0.688371785,0.089830061,0.452703354,59.712,59.374,59.014,58.664,58.291,57.931
1161,66.115,200620_060519_0000000071_CAM2_OK.bmp,49.543,200620_060529_0000000072_CAM2_OK.bmp,M,1.113937999,0.721434686,0.113937999,0.386126866,1.088501136,0.725939348,0.088501136,0.377525551,57.672,57.286,56.879,56.489,56.075,54.672
1162,65.577,200620_060553_0000000073_CAM2_OK.bmp,48.293,200620_060600_0000000074_CAM2_OK.bmp,M,1.087371118,0.729802849,0.087371118,0.370233072,1.068555717,0.735553561,0.068555717,0.359520302,55.315,54.986,54.637,54.303,53.941,53.595
1163,63.406,200620_060615_0000000075_CAM2_OK.bmp,48.752,200620_060620_0000000076_CAM2_OK.bmp,No result,1.061984551,0.754642577,0.061984551,0.325130638,1.036657515,0.764442233,0.036657515,0.308143319,58.205,57.869,57.506,57.154,56.776,56.415
1164,60.564,200620_060640_0000000077_CAM2_OK.bmp,46.617,200620_060652_0000000078_CAM2_OK.bmp,F,1.122419743,0.742497733,0.122419743,0.346805458,1.115330087,0.74543978,0.115330087,0.341489986,49.822,49.518,49.19,48.872,48.531,48.202
1165,63.528,200620_060709_0000000079_CAM2_OK.bmp,49.202,200620_060717_0000000080_CAM2_OK.bmp,M,1.094868316,0.767778093,0.094868316,0.302459668,1.087033243,0.772563896,0.087033243,0.294391318,65.992,65.631,65.239,64.86,64.358,63.85
1166,63.658,200620_060730_0000000081_CAM2_OK.bmp,47.376,200620_060736_0000000082_CAM2_OK.bmp,No result,1.050056839,0.740439483,0.050056839,0.350549266,1.051143432,0.744159758,0.051143432,0.34379747,60.347,59.99,59.607,59.236,58.84,58.457
1211,61.951,200620_060820_0000000083_CAM2_OK.bmp,47.755,200620_060844_0000000084_CAM2_OK.bmp,F,1.096509928,0.740387335,0.096509928,0.350644389,1.098286538,0.745276034,0.098286538,0.341784727,61.617,61.24,60.836,60.442,60.007,59.605
1212,65.133,200620_060857_0000000085_CAM2_OK.bmp,45.943,200620_060905_0000000086_CAM2_OK.bmp,M,1.130432857,0.718743691,0.130432857,0.39131656,1.130224838,0.723517305,0.130224838,0.382136948,54.718,54.362,53.983,53.608,53.199,52.823
1213,63.472,200620_060925_0000000087_CAM2_OK.bmp,43.612,200620_060930_0000000088_CAM2_OK.bmp,M,1.111520772,0.732229189,0.111520772,0.365692621,1.094399008,0.739215012,0.094399008,0.352786379,58.161,57.873,57.565,57.262,56.929,56.622
1214,65.122,200620_060959_0000000089_CAM2_OK.bmp,48.377,200620_061005_0000000090_CAM2_OK.bmp,F,1.036581968,0.732311134,0.036581968,0.3655398,1.011839962,0.738709276,0.011839962,0.353712527,60.275,59.957,59.613,59.278,58.916,58.576
1215,60.515,200620_061026_0000000091_CAM2_OK.bmp,46.176,200620_061031_0000000092_CAM2_OK.bmp,F,1.061984356,0.753348668,0.061984356,0.327406608,1.052507236,0.757938739,0.052507236,0.319367843,57.542,57.116,56.654,56.205,55.725,55.268
1216,66.682,200620_061043_0000000093_CAM2_OK.bmp,48.475,200620_061048_0000000094_CAM2_OK.bmp,M,1.147721329,0.710489124,0.147721329,0.407481081,1.138916317,0.718481867,0.138916317,0.391823575,52.385,52.07,51.728,51.397,51.049,50.71
1221,63.679,200620_061106_0000000095_CAM2_OK.bmp,47.711,200620_061116_0000000096_CAM2_OK.bmp,M,1.083462789,0.743140134,0.083462789,0.345641225,1.072168439,0.748025875,0.072168439,0.336852151,57.075,56.745,56.396,56.057,55.684,55.33
1222,66.008,200620_061125_0000000097_CAM2_OK.bmp,49.381,200620_061129_0000000098_CAM2_OK.bmp,M,1.076857108,0.738354828,0.076857108,0.354362378,1.070364081,0.741749924,0.070364081,0.348163266,51.009,50.676,50.316,49.964,49.581,49.227
1223,64.585,200620_061140_0000000099_CAM2_OK.bmp,48.055,200620_061146_0000000100_CAM2_OK.bmp,M,1.080703136,0.759169826,0.080703136,0.317228327,1.09708193,0.758603363,0.09708193,0.318211926,59.123,58.786,58.423,58.067,57.685,57.321
1224,63.498,200620_061206_0000000101_CAM2_OK.bmp,46.35,200620_061229_0000000102_CAM2_OK.bmp,F,1.069731637,0.720198606,0.069731637,0.388505882,1.070955705,0.726709355,0.070955705,0.376065951,59.937,59.587,59.21,58.843,58.454,58.077
1225,65.414,200620_061242_0000000103_CAM2_OK.bmp,48.116,200620_061254_0000000104_CAM2_OK.bmp,M,1.153641446,0.721263005,0.153641446,0.386456804,1.152888776,0.723189936,0.152888776,0.382762605,64.56,64.223,63.858,63.503,63.125,62.758
1226,67.886,200620_061309_0000000105_CAM2_OK.bmp,50.435,200620_061314_0000000106_CAM2_OK.bmp,F,1.127534407,0.734407799,0.127534407,0.361641313,1.125341056,0.742358465,0.125341056,0.347058122,61.061,60.718,60.35,59.992,59.616,59.247
1231,64.876,200620_061332_0000000107_CAM2_OK.bmp,47.959,200620_061337_0000000108_CAM2_OK.bmp,F,1.130123112,0.724563823,0.130123112,0.38014067,1.101415155,0.730533192,0.101415155,0.368863195,60.399,60.058,59.696,59.346,58.763,58.318
1232,64.994,200620_061349_0000000109_CAM2_OK.bmp,47.375,200620_061353_0000000110_CAM2_OK.bmp,M,1.082475034,0.750688783,0.082475034,0.332109954,1.067324823,0.759008712,0.067324823,0.317507933,55.539,55.178,54.792,54.417,54.021,53.638
1233,63.969,200620_061407_0000000111_CAM2_OK.bmp,48.605,200620_061411_0000000112_CAM2_OK.bmp,M,1.117044993,0.748519671,0.117044993,0.335970234,1.128873093,0.753946402,0.128873093,0.32635423,60.491,60.084,59.648,59.228,58.971,58.616
1234,63.708,200620_061431_0000000113_CAM2_OK.bmp,48.352,200620_061441_0000000114_CAM2_OK.bmp,F,1.079174911,0.731126319,0.079174911,0.367752704,1.097367902,0.736551997,0.097367902,0.357677399,54.724,54.404,54.06,53.727,53.377,53.033
1235,62.869,200620_061459_0000000115_CAM2_OK.bmp,48.435,200620_061503_0000000116_CAM2_OK.bmp,M,1.100867516,0.758018975,0.100867516,0.319228189,1.072838993,0.763175183,0.072838993,0.310315144,60.017,59.682,59.318,58.968,58.599,58.238
1236,62.306,200620_061522_0000000117_CAM2_OK.bmp,48.948,200620_061527_0000000118_CAM2_OK.bmp,M,1.090494627,0.77482274,0.090494627,0.290617775,1.108309065,0.778978835,0.108309065,0.283731926,58.967,58.647,58.311,57.982,57.637,57.298
1241,63.816,200620_061551_0000000119_CAM2_OK.bmp,49.011,200620_061555_0000000120_CAM2_OK.bmp,M,1.080037529,0.763381313,0.080037529,0.309961329,1.083591866,0.767431313,0.083591866,0.303048212,62.34,61.942,61.516,61.103,60.659,60.239
1242,62.804,200620_061605_0000000121_CAM2_OK.bmp,47.631,200620_061616_0000000122_CAM2_OK.bmp,M,1.066332883,0.750865428,0.066332883,0.331796568,1.064890167,0.753832665,0.064890167,0.326554349,53.208,52.668,52.099,51.555,50.987,50.435
1243,62.77,200620_061634_0000000123_CAM2_OK.bmp,48.916,200620_061639_0000000124_CAM2_OK.bmp,F,1.079552798,0.75247795,0.079552798,0.328942595,1.060763492,0.756522029,0.060763492,0.321838574,56.079,55.716,55.327,54.953,54.562,54.171
1244,65.329,200620_061659_0000000125_CAM2_OK.bmp,47.395,200620_061703_0000000126_CAM2_OK.bmp,F,1.09549134,0.743365763,0.09549134,0.345232791,1.087826739,0.750356612,0.087826739,0.332699658,52.599,52.226,51.823,51.436,51.031,50.632
1245,65.34,200620_061720_0000000127_CAM2_OK.bmp,47.516,200620_061726_0000000128_CAM2_OK.bmp,M,1.074559597,0.708792984,0.074559597,0.41084918,1.075527299,0.714574761,0.075527299,0.399433697,57.723,57.4,57.05,56.715,56.36,56.009
1246,58.802,200620_061738_0000000129_CAM2_OK.bmp,47.971,200620_061748_0000000130_CAM2_OK.bmp,M,1.090716317,0.763775976,0.090716317,0.309284439,1.07285893,0.769536255,0.07285893,0.299483935,55.482,55.146,54.78,54.429,54.059,53.696
1251,65.356,200620_061921_0000000131_CAM2_OK.bmp,46.97,200620_061926_0000000132_CAM2_OK.bmp,F,1.099334581,0.711874748,0.099334581,0.404741498,1.095895889,0.716695758,0.095895889,0.395292198,55.871,55.459,55.022,54.602,54.163,53.735
1252,64.35,200620_061938_0000000133_CAM2_OK.bmp,49.253,200620_061945_0000000134_CAM2_OK.bmp,M,1.121015133,0.756666462,0.121015133,0.321586261,1.125813696,0.758301195,0.125813696,0.318737207,59.298,58.92,58.516,58.127,57.718,57.317
1253,66.266,200620_062008_0000000135_CAM2_OK.bmp,47.381,200620_062014_0000000136_CAM2_OK.bmp,Not fertile,1.117512902,0.733315481,0.117512902,0.363669561,1.107326104,0.738660872,0.107326104,0.353801235,60.433,60.08,59.7,59.338,58.948,58.573
1254,65.256,200620_062036_0000000137_CAM2_OK.bmp,50.529,200620_062043_0000000138_CAM2_OK.bmp,M,1.084354556,0.757227719,0.084354556,0.320606702,1.07257789,0.762586843,0.07257789,0.311326059,59.544,59.159,58.739,58.338,57.915,57.502
1255,63.714,200620_062059_0000000139_CAM2_OK.bmp,46.994,200620_062104_0000000140_CAM2_OK.bmp,Not fertile,1.079312306,0.726801765,0.079312306,0.37589099,1.084345995,0.731695233,0.084345995,0.366689237,61.31,60.897,60.451,60.03,59.591,59.158
1256,61.625,200620_062120_0000000141_CAM2_OK.bmp,47.613,200620_062155_0000000142_CAM2_OK.bmp,M,1.13088547,0.736264309,0.13088547,0.358207899,1.132587386,0.746301749,0.132587386,0.339940582,61.381,60.961,60.508,60.074,59.619,59.172
1261,65.417,200620_062229_0000000143_CAM2_OK.bmp,47.808,200620_062234_0000000144_CAM2_OK.bmp,M,1.089957806,0.721723283,0.089957806,0.385572592,1.088795831,0.726057142,0.088795831,0.377302063,57.156,56.764,56.349,55.958,55.547,55.145
1262,63.742,200620_062245_0000000145_CAM2_OK.bmp,45.985,200620_062252_0000000146_CAM2_OK.bmp,F,1.062805808,0.717341488,0.062805808,0.394036197,1.070890112,0.720265916,0.070890112,0.388376124,59.978,59.632,59.264,58.918,58.548,58.186
1263,64.213,200620_062304_0000000147_CAM2_OK.bmp,49.277,200620_062313_0000000148_CAM2_OK.bmp,M,1.119987869,0.731805791,0.119987869,0.366482764,1.119774673,0.738484155,0.119774673,0.354125195,51.559,51.205,50.824,50.465,50.082,49.707
1264,63.446,200620_062343_0000000149_CAM2_OK.bmp,48.155,200620_062358_0000000150_CAM2_OK.bmp,M,1.063901395,0.748755766,0.063901395,0.335548981,1.062542962,0.756573308,0.062542962,0.321748983,60.933,60.581,60.198,59.837,59.451,59.07
1265,64.769,200620_062419_0000000151_CAM2_OK.bmp,45.214,200620_062425_0000000152_CAM2_OK.bmp,F,1.084502483,0.733521695,0.084502483,0.363286195,1.098122126,0.739212419,0.098122126,0.352791126,60.188,59.85,59.479,59.13,58.756,58.388
1266,64.577,200620_062510_0000000153_CAM2_OK.bmp,48.44,200620_062516_0000000154_CAM2_OK.bmp,F,1.113569327,0.728196075,0.113569327,0.373256509,1.082987129,0.737533573,0.082987129,0.35587048,63.569,63.183,62.765,62.369,61.953,61.533
1311,61.52,200620_062556_0000000155_CAM2_OK.bmp,47.169,200620_062603_0000000156_CAM2_OK.bmp,M,1.068205229,0.742708603,0.068205229,0.346423073,1.059213051,0.746003246,0.059213051,0.340476741,54.655,54.322,53.96,53.608,53.244,52.884
1312,63.242,200620_062616_0000000157_CAM2_OK.bmp,47.818,200620_062620_0000000158_CAM2_OK.bmp,M,1.152112326,0.744830963,0.152112326,0.342586506,1.119285872,0.750943518,0.119285872,0.331658075,58.007,57.599,57.166,56.742,56.302,55.867
1313,61.374,200620_062628_0000000159_CAM2_OK.bmp,48.738,200620_062632_0000000160_CAM2_OK.bmp,M,1.126321138,0.758884689,0.126321138,0.317723251,1.1320561,0.768011821,0.1320561,0.302063291,58.574,58.219,57.833,57.46,57.076,56.685
1314,61.11,200620_062722_0000000161_CAM2_OK.bmp,46.747,200620_062729_0000000162_CAM2_OK.bmp,F,1.067262102,0.757195938,0.067262102,0.320662129,1.062986178,0.764449964,0.062986178,0.30813009,55.973,55.663,55.324,54.995,54.654,54.32
1315,61.803,200620_063014_0000000163_CAM2_OK.bmp,49.063,200620_063022_0000000164_CAM2_OK.bmp,F,1.096120568,0.749297868,0.096120568,0.334582738,1.106683962,0.762124757,0.106683962,0.312121133,62.159,61.844,61.499,61.167,60.818,60.466
1316,65.628,200620_063058_0000000165_CAM2_OK.bmp,49.238,200620_063106_0000000166_CAM2_OK.bmp,M,1.124871735,0.733979181,0.124871735,0.362436464,1.092575804,0.744257639,0.092575804,0.343620741,56.128,55.744,55.324,54.917,54.495,54.079
1321,61.755,200620_063137_0000000167_CAM2_OK.bmp,47.905,200620_063156_0000000168_CAM2_OK.bmp,F,1.044983183,0.764834374,0.044983183,0.307472616,1.043055085,0.769736315,0.043055085,0.299146188,57.032,56.662,56.262,55.874,55.467,55.067
1322,62.259,200620_063315_0000000169_CAM2_OK.bmp,49.319,200620_063534_0000000170_CAM2_OK.bmp,M,1.082316065,0.762689387,0.082316065,0.311149752,1.073217513,0.769947876,0.073217513,0.298789218,58.182,57.841,57.472,57.113,56.738,56.37
1323,62.365,200620_063629_0000000171_CAM2_OK.bmp,43.209,200620_063644_0000000172_CAM2_OK.bmp,M,1.088928497,0.737532418,0.088928497,0.355872604,1.073182521,0.741591793,0.073182521,0.348450737,56.731,56.365,55.968,55.585,55.186,54.789
1324,65.897,200620_063739_0000000173_CAM2_OK.bmp,48.608,200620_063749_0000000174_CAM2_OK.bmp,F,1.113381151,0.722917604,0.113381151,0.383283509,1.108292894,0.729766878,0.108292894,0.370300613,55.486,55.11,54.701,54.306,53.893,53.486
1325,61.604,200620_063834_0000000175_CAM2_OK.bmp,47.604,200620_063847_0000000176_CAM2_OK.bmp,F,1.074903811,0.746045497,0.074903811,0.340400825,1.07587024,0.750302873,0.07587024,0.332795109,58.505,58.14,57.74,57.361,56.96,56.563
1326,65.14,200620_063928_0000000177_CAM2_OK.bmp,48.654,200620_063937_0000000178_CAM2_OK.bmp,M,1.104198973,0.738973637,0.104198973,0.353228248,1.094672453,0.743808937,0.094672453,0.344431278,54.163,53.811,53.429,53.061,52.68,52.3
1331,63.891,200620_064027_0000000179_CAM2_OK.bmp,47.64,200620_064035_0000000180_CAM2_OK.bmp,M,1.077669618,0.736397441,0.077669618,0.35796235,1.062851588,0.741286118,0.062851588,0.349006781,67.268,66.847,66.385,65.943,65.475,65.016
1332,63.978,200620_064131_0000000181_CAM2_OK.bmp,46.253,200620_064138_0000000182_CAM2_OK.bmp,M,1.092892071,0.738183548,0.092892071,0.354676629,1.099496995,0.748492695,0.099496995,0.336018383,60.735,60.378,59.989,59.614,59.222,58.836
1333,63.324,200620_064223_0000000183_CAM2_OK.bmp,43.346,200620_064232_0000000184_CAM2_OK.bmp,F,1.115784243,0.726250763,0.115784243,0.376934871,1.107723683,0.730335991,0.107723683,0.369232809,58.001,57.638,57.244,56.865,56.475,56.078
1334,63.619,200620_064314_0000000185_CAM2_OK.bmp,48.652,200620_064320_0000000186_CAM2_OK.bmp,Not fertile,1.098847075,0.745866533,0.098847075,0.340722443,1.105127237,0.74919053,0.105127237,0.334773947,55.5,55.076,54.614,54.171,53.711,53.251
1335,64.615,200620_064358_0000000187_CAM2_OK.bmp,49.711,200620_064402_0000000188_CAM2_OK.bmp,M,1.091627585,0.758834538,0.091627585,0.317810339,1.093232756,0.763193664,0.093232756,0.310283414,55.978,55.641,55.276,54.921,54.551,54.185
1336,61.062,200624_052056_0000000007_CAM2_OK.bmp,46.225,200624_052100_0000000008_CAM2_OK.bmp,F,1.099667604,0.747027704,0.099667604,0.33863844,1.093481298,0.751428517,0.093481298,0.330798576,53.73,53.44,53.12,52.812,52.492,52.178
1341,62.179,200624_052133_0000000009_CAM2_OK.bmp,49.157,200624_052139_0000000010_CAM2_OK.bmp,Not fertile,1.115754896,0.784977833,0.115754896,0.273921323,1.071067042,0.788162729,0.071067042,0.26877352,58.516,58.186,57.831,57.487,57.122,56.769
1342,60.913,200624_052226_0000000011_CAM2_OK.bmp,48.137,200624_052241_0000000012_CAM2_OK.bmp,M,1.09019688,0.77946187,0.09019688,0.282936393,1.083419993,0.784702962,0.083419993,0.274367561,53.391,53.119,52.824,52.536,52.235,51.94
1343,65.672,200624_052321_0000000013_CAM2_OK.bmp,48.648,200624_052330_0000000014_CAM2_OK.bmp,M,1.087659058,0.733625277,0.087659058,0.36309371,1.095191609,0.735416821,0.095191609,0.359773085,56.989,56.662,56.307,55.961,55.601,55.247
1344,61.867,200624_052406_0000000015_CAM2_OK.bmp,47.397,200624_052413_0000000016_CAM2_OK.bmp,M,1.174358336,0.760724422,0.174358336,0.314536475,1.122055577,0.761955768,0.122055577,0.31241214,62.463,62.098,61.7,61.316,60.919,60.52
1345,59.035,200624_052443_0000000017_CAM2_OK.bmp,46.399,200624_052449_0000000018_CAM2_OK.bmp,F,1.085192859,0.773931859,0.085192859,0.292103417,1.067517036,0.779387535,0.067517036,0.283058755,56.366,55.947,55.494,55.056,54.603,54.152
1346,62.108,200624_052526_0000000019_CAM2_OK.bmp,45.371,200624_052534_0000000020_CAM2_OK.bmp,M,1.099616587,0.758837461,0.099616587,0.317805264,1.097418618,0.762524481,0.097418618,0.311433305,63.371,62.985,62.574,62.175,61.759,61.343
1351,62.401,200624_052612_0000000021_CAM2_OK.bmp,48.769,200624_052620_0000000022_CAM2_OK.bmp,F,1.087886406,0.774954877,0.087886406,0.290397712,1.083899974,0.777637577,0.083899974,0.285946088,57.002,56.686,56.346,56.017,55.676,55.345
1352,63.913,200624_052653_0000000023_CAM2_OK.bmp,48.245,200624_052659_0000000024_CAM2_OK.bmp,F,1.102713659,0.745896882,0.102713659,0.340667891,1.097447873,0.750406337,0.097447873,0.332611347,56.895,56.539,56.155,55.79,55.412,55.032
1353,65.006,200624_052727_0000000025_CAM2_OK.bmp,48.865,200624_052734_0000000026_CAM2_OK.bmp,F,1.073411132,0.747054973,0.073411132,0.338589576,1.073543624,0.750298024,0.073543624,0.332803723,54.1,53.761,53.393,53.039,52.67,52.309
1354,63.424,200624_052758_0000000027_CAM2_OK.bmp,48.331,200624_052804_0000000028_CAM2_OK.bmp,M,1.101475863,0.754950828,0.101475863,0.324589579,1.090630055,0.75895154,0.090630055,0.317607182,57.658,57.326,56.965,56.617,56.254,55.894
1355,64.397,200624_052831_0000000029_CAM2_OK.bmp,51.119,200624_052837_0000000030_CAM2_OK.bmp,M,1.050215406,0.792168024,0.050215406,0.262358452,1.085242894,0.786702967,0.085242894,0.271127786,64.695,64.271,63.809,63.368,62.909,62.448
1356,60.913,200624_052855_0000000031_CAM2_OK.bmp,47.082,200624_052902_0000000032_CAM2_OK.bmp,M,1.119377978,0.767055203,0.119377978,0.303687135,1.101842394,0.770537569,0.101842394,0.297795255,55.129,54.767,54.37,53.988,53.589,53.197
1361,62.785,200624_052945_0000000033_CAM2_OK.bmp,49.453,200624_052950_0000000034_CAM2_OK.bmp,M,1.087870094,0.779078993,0.087870094,0.283566889,1.08321269,0.778686566,0.08321269,0.284213756,61.071,60.684,60.265,59.867,59.45,59.042
1362,65.211,200624_053013_0000000035_CAM2_OK.bmp,47.464,200624_053018_0000000036_CAM2_OK.bmp,M,1.120946474,0.726222648,0.120946474,0.376988177,1.100721466,0.730010872,0.100721466,0.369842613,57.335,57.042,56.722,56.414,56.095,55.779
1363,62.559,200624_053046_0000000037_CAM2_OK.bmp,47.627,200624_053052_0000000038_CAM2_OK.bmp,F,1.100179979,0.752265839,0.100179979,0.329317308,1.115825467,0.75397591,0.115825467,0.326302322,65.959,65.633,65.275,64.938,64.582,64.226
1364,63.921,200624_053121_0000000039_CAM2_OK.bmp,46.337,200624_053126_0000000040_CAM2_OK.bmp,M,1.054513869,0.749088171,0.054513869,0.334956336,1.059092336,0.751628371,0.059092336,0.330444724,55.792,55.46,55.093,54.746,54.382,54.018
1365,60.377,200624_053209_0000000041_CAM2_OK.bmp,48.864,200624_053215_0000000042_CAM2_OK.bmp,F,1.069042004,0.784236398,0.069042004,0.275125719,1.074790669,0.788709326,0.074790669,0.267894225,51.163,50.859,50.524,50.203,49.87,49.535
1366,65.065,200624_053253_0000000043_CAM2_OK.bmp,48.953,200624_053258_0000000044_CAM2_OK.bmp,F,1.10264873,0.745992505,0.10264873,0.340496042,1.09008075,0.750971086,0.09008075,0.331609191,57.363,57.034,56.675,56.33,55.972,55.617
2111,62.225,200624_053353_0000000045_CAM2_OK.bmp,47.054,200624_053358_0000000046_CAM2_OK.bmp,M,1.111068492,0.751585702,0.111068492,0.330520255,1.096540895,0.754579365,0.096540895,0.325241646,62.159,61.697,61.223,60.764,60.232,59.754
2112,66.809,200624_053431_0000000047_CAM2_OK.bmp,49.556,200624_053437_0000000048_CAM2_OK.bmp,M,1.070007754,0.739269392,0.070007754,0.35268687,1.071569163,0.742995044,0.071569163,0.345903998,55.285,54.926,54.555,54.197,53.781,53.405
2113,65.654,200624_053500_0000000049_CAM2_OK.bmp,49.382,200624_053505_0000000050_CAM2_OK.bmp,M,1.050828322,0.749795023,0.050828322,0.333697836,1.048469662,0.75346104,0.048469662,0.327208638,56.145,55.733,55.306,54.889,53.546,53.131
2114,65.758,200624_053535_0000000051_CAM2_OK.bmp,48.881,200624_053540_0000000052_CAM2_OK.bmp,M,1.080552698,0.737493215,0.080552698,0.355944679,1.07260527,0.741392239,0.07260527,0.348813687,55.193,54.801,54.397,54.004,54.425,54.007
2115,62.857,200624_053605_0000000053_CAM2_OK.bmp,49.984,200624_053611_0000000054_CAM2_OK.bmp,M,1.072189465,0.791418928,0.072189465,0.263553302,1.082970765,0.794152679,0.082970765,0.25920371,59.315,58.92,58.512,58.121,57.674,57.263
2116,65.997,200624_053637_0000000055_CAM2_OK.bmp,48.939,200624_053643_0000000056_CAM2_OK.bmp,M,1.076474968,0.738974869,0.076474968,0.353225992,1.07680339,0.73745332,0.07680339,0.356018032,61.183,60.826,60.452,60.092,59.682,59.311
2121,62.931,200624_053738_0000000057_CAM2_OK.bmp,47.609,200624_053800_0000000058_CAM2_OK.bmp,M,1.061066256,0.75092807,0.061066256,0.331685471,1.064839476,0.756291344,0.064839476,0.322241764,51.876,51.499,51.115,50.742,50.308,49.925
2122,63.83,200624_053828_0000000059_CAM2_OK.bmp,49.545,200624_053834_0000000060_CAM2_OK.bmp,M,1.060061038,0.767291436,0.060061038,0.303285758,1.071878787,0.770617011,0.071878787,0.297661466,49.555,49.195,48.832,48.482,48.069,47.703
2123,66.769,200624_053900_0000000061_CAM2_OK.bmp,46.331,200624_053904_0000000062_CAM2_OK.bmp,M,1.093293618,0.739526458,0.093293618,0.352216663,1.089081157,0.744888751,0.089081157,0.342482348,57.884,57.446,57.007,56.584,56.087,55.64
2124,66.621,200624_053931_0000000063_CAM2_OK.bmp,48.428,200624_053940_0000000064_CAM2_OK.bmp,M,1.100167789,0.723035493,0.100167789,0.383057968,1.084430406,0.728213022,0.084430406,0.373224551,54.848,54.45,54.048,53.656,53.206,52.801
2125,63.608,200624_054039_0000000065_CAM2_OK.bmp,48.268,200624_054049_0000000066_CAM2_OK.bmp,M,1.056043207,0.754425466,0.056043207,0.32551199,1.045941857,0.759950688,0.045941857,0.315874852,63.125,62.687,62.236,61.8,61.302,60.854
2126,67.671,200624_054115_0000000067_CAM2_OK.bmp,48.316,200624_054123_0000000068_CAM2_OK.bmp,M,1.14418948,0.705108335,0.14418948,0.418221784,1.125082634,0.70859188,0.125082634,0.41124959,56.771,56.377,55.966,55.568,55.112,54.701
2131,62.452,200624_054159_0000000069_CAM2_OK.bmp,46.279,200624_054203_0000000070_CAM2_OK.bmp,F,1.090826657,0.739373293,0.090826657,0.352496782,1.09180296,0.74441423,0.09180296,0.343338103,59.814,59.398,58.98,58.571,58.094,57.671
2132,61.02,200624_054226_0000000071_CAM2_OK.bmp,45.063,200624_054231_0000000072_CAM2_OK.bmp,M,1.067836294,0.76197364,0.067836294,0.312381357,1.076640242,0.76676502,0.076640242,0.304180516,54.351,53.922,53.495,53.081,52.594,52.165
2133,60.18,200624_054250_0000000073_CAM2_OK.bmp,47.774,200624_054255_0000000074_CAM2_OK.bmp,M,1.033282475,0.787029492,0.033282475,0.270600415,1.041772544,0.790311393,0.041772544,0.265324035,67.224,66.751,66.278,65.82,65.286,64.81
2134,64.153,200624_054318_0000000075_CAM2_OK.bmp,48.063,200624_054326_0000000076_CAM2_OK.bmp,F,1.040197053,0.772852474,0.040197053,0.293908001,1.043520766,0.779261328,0.043520766,0.283266556,61.025,60.609,60.183,59.77,59.297,58.877
2135,62.745,200624_054351_0000000077_CAM2_OK.bmp,48.343,200624_054357_0000000078_CAM2_OK.bmp,Not fertile,1.120298433,0.757929534,0.120298433,0.319383867,1.118555291,0.762619109,0.118555291,0.311270578,57.934,57.578,57.207,56.847,56.441,56.076
2136,64.58,200624_054414_0000000079_CAM2_OK.bmp,48.915,200624_054419_0000000080_CAM2_OK.bmp,M,1.105689728,0.753012283,0.105689728,0.327999587,1.08865345,0.75739571,0.08865345,0.320313789,55.951,55.571,55.175,54.789,54.351,53.954
2141,65.504,200624_054453_0000000081_CAM2_OK.bmp,47.657,200624_054459_0000000082_CAM2_OK.bmp,F,1.105665339,0.71396098,0.105665339,0.400636769,1.097710105,0.715159942,0.097710105,0.398288607,61.645,61.309,60.969,60.636,60.254,59.905
2142,60.045,200624_054524_0000000083_CAM2_OK.bmp,46.978,200624_054529_0000000084_CAM2_OK.bmp,M,1.096259417,0.774003022,0.096259417,0.29198462,1.098701747,0.7787123,0.098701747,0.284171317,61.619,61.229,60.836,60.454,60.013,59.625
2143,63.122,200624_054550_0000000085_CAM2_OK.bmp,47.796,200624_054555_0000000086_CAM2_OK.bmp,M,1.062508943,0.75189141,0.062508943,0.329979285,1.054016876,0.756140473,0.054016876,0.322505587,51.588,51.218,50.841,50.474,50.056,49.681
2144,62.44,200624_054618_0000000087_CAM2_OK.bmp,49.306,200624_054624_0000000088_CAM2_OK.bmp,M,1.033079718,0.788169474,0.033079718,0.268762661,1.028989749,0.794384764,0.028989749,0.258835826,56.221,55.844,55.449,55.066,54.636,54.246
2145,62.715,200624_054651_0000000089_CAM2_OK.bmp,47.594,200624_054656_0000000090_CAM2_OK.bmp,M,1.096778562,0.752436406,0.096778562,0.329015971,1.087058221,0.757824163,0.087058221,0.31956732,47.591,47.11,46.61,46.124,45.584,45.094
2146,64.704,200624_054719_0000000091_CAM2_OK.bmp,49.376,200624_054723_0000000092_CAM2_OK.bmp,M,1.089307924,0.751773908,0.089307924,0.33018716,1.087275085,0.755058494,0.087275085,0.324400703,56.997,56.63,56.243,55.869,55.446,55.064
2151,64.284,200624_054804_0000000093_CAM2_OK.bmp,47.634,200624_054811_0000000094_CAM2_OK.bmp,F,1.137969601,0.724751825,0.137969601,0.379782658,1.098463657,0.731128354,0.098463657,0.367748898,53.943,53.583,53.216,52.865,52.469,52.123
2152,60.563,200624_054838_0000000095_CAM2_OK.bmp,45.598,200624_054844_0000000096_CAM2_OK.bmp,M,1.013807449,0.772933816,0.013807449,0.293771833,1.013556626,0.776135705,0.013556626,0.288434475,63.952,63.61,63.258,62.915,62.529,62.191
2153,65.787,200624_054904_0000000097_CAM2_OK.bmp,48.571,200624_054909_0000000098_CAM2_OK.bmp,M,1.110536835,0.727821174,0.110536835,0.373963874,1.090961426,0.732944483,0.090961426,0.364359817,51.396,50.887,50.356,49.84,49.275,48.766
2154,64.516,200624_054935_0000000099_CAM2_OK.bmp,48.587,200624_054940_0000000100_CAM2_OK.bmp,NR,1.044356053,0.749662382,0.044356053,0.333933814,1.042869465,0.752681194,0.042869465,0.328583746,57.607,57.256,56.888,56.531,56.131,55.773
2155,63.358,200624_055007_0000000101_CAM2_OK.bmp,47.987,200624_055011_0000000102_CAM2_OK.bmp,F,1.112556005,0.751199256,0.112556005,0.331204725,1.127358852,0.755695714,0.127358852,0.323283937,56.853,56.451,56.032,55.628,55.175,54.768
2156,62.321,200624_055032_0000000103_CAM2_OK.bmp,46.846,200624_055036_0000000104_CAM2_OK.bmp,F,1.043688139,0.769977928,0.043688139,0.298738527,1.060052469,0.772430663,0.060052469,0.294614582,58.792,58.391,57.974,57.57,57.12,56.714
2161,65.855,200624_055117_0000000105_CAM2_OK.bmp,48.533,200624_055122_0000000106_CAM2_OK.bmp,M,1.049721585,0.750174435,0.049721585,0.333023298,1.028392664,0.756291198,0.028392664,0.322242019,63.412,63.003,62.578,62.174,61.727,61.347
2162,62.665,200624_055207_0000000107_CAM2_OK.bmp,47.469,200624_055211_0000000108_CAM2_OK.bmp,M,1.076709186,0.750881456,0.076709186,0.33176814,1.081125027,0.755248629,0.081125027,0.324067282,59.692,59.289,58.873,58.466,58.016,57.625
2163,65.1,200624_055238_0000000109_CAM2_OK.bmp,49.587,200624_055243_0000000110_CAM2_OK.bmp,F,1.040477897,0.759174611,0.040477897,0.317220025,1.038129317,0.762888616,0.038129317,0.310807344,57.058,56.639,56.207,55.783,55.313,54.902
2164,61.045,200624_055329_0000000111_CAM2_OK.bmp,48.615,200624_055334_0000000112_CAM2_OK.bmp,F,1.050708343,0.786957165,0.050708343,0.270717194,1.041264081,0.793548274,0.041264081,0.260162781,57.337,56.927,56.499,56.084,55.626,55.222
2165,60.326,200624_055404_0000000113_CAM2_OK.bmp,46.056,200624_055408_0000000114_CAM2_OK.bmp,M,1.077502987,0.77112166,0.077502987,0.29681223,1.103571908,0.776017075,0.103571908,0.288631438,57.192,56.87,56.535,56.208,55.841,55.518
2166,62.288,200624_055441_0000000115_CAM2_OK.bmp,47.983,200624_055446_0000000116_CAM2_OK.bmp,F,1.097057109,0.747447505,0.097057109,0.337886598,1.082183542,0.754814531,0.082183542,0.32482876,59.291,58.889,58.467,58.554,57.593,57.18
2211,63.926,200624_055521_0000000117_CAM2_OK.bmp,47.797,200624_055526_0000000118_CAM2_OK.bmp,F,1.098711836,0.738450509,0.098711836,0.354186892,1.092243684,0.742218567,0.092243684,0.347312024,52.67,52.247,51.804,51.368,50.891,50.451
2212,66.663,200624_055553_0000000119_CAM2_OK.bmp,49.068,200624_055558_0000000120_CAM2_OK.bmp,M,1.07203875,0.728833844,0.07203875,0.372054836,1.068675365,0.733046378,0.068675365,0.364170166,58.682,58.33,57.961,57.596,57.192,56.82
2213,64.721,200624_055632_0000000121_CAM2_OK.bmp,49.971,200624_055638_0000000122_CAM2_OK.bmp,M,1.052909761,0.764011395,0.052909761,0.308881002,1.027800769,0.768176209,0.027800769,0.301784654,56.419,56.055,55.675,55.301,54.888,54.504
2214,63.34,200624_055658_0000000123_CAM2_OK.bmp,44.814,200624_055704_0000000124_CAM2_OK.bmp,M,1.14432176,0.737774656,0.14432176,0.355427422,1.124334442,0.742173655,0.124334442,0.347393555,57.976,57.584,57.174,56.768,56.316,55.904
2215,65.672,200630_044527_0000000126_CAM2_OK.bmp,50.216,200630_044533_0000000127_CAM2_OK.bmp,M,1.081217501,0.75839818,0.081217501,0.318568565,1.069841788,0.762220511,0.069841788,0.311956298,48.677,48.273,47.85,47.437,46.981,46.56
2216,64.072,200630_044712_0000000128_CAM2_OK.bmp,48.48,200630_044722_0000000129_CAM2_OK.bmp,F,1.08117054,0.747056913,0.08117054,0.3385861,1.07443894,0.750702502,0.07443894,0.33208561,60.631,60.269,59.887,59.513,59.093,58.711
2221,64.45,200630_044750_0000000130_CAM2_OK.bmp,46.662,200630_044757_0000000131_CAM2_OK.bmp,M,1.075836331,0.7468012,0.075836331,0.339044447,1.068617252,0.75190609,0.068617252,0.329953319,53.194,52.874,52.539,52.213,51.845,51.506
2222,64.396,200630_044830_0000000132_CAM2_OK.bmp,48.12,200630_044836_0000000133_CAM2_OK.bmp,F,1.119131656,0.736882743,0.119131656,0.357068013,1.101227835,0.741103305,0.101227835,0.34933955,63.332,62.988,62.624,62.273,61.872,61.506
2223,63.134,200630_044901_0000000134_CAM2_OK.bmp,46.818,200630_044907_0000000135_CAM2_OK.bmp,F,1.086213545,0.738221732,0.086213545,0.354606558,1.085249942,0.741141265,0.085249942,0.349270439,56.537,56.178,55.8,55.433,55.02,54.64
2224,67.553,200630_044933_0000000136_CAM2_OK.bmp,48.253,200630_044938_0000000137_CAM2_OK.bmp,M,1.162805102,0.700358646,0.162805102,0.427839873,1.173021392,0.706454369,0.173021392,0.415519592,57.317,56.942,56.548,56.165,55.732,55.335
2225,59.66,200630_045001_0000000138_CAM2_OK.bmp,48.156,200630_045009_0000000139_CAM2_OK.bmp,M,1.074538486,0.773036232,0.074538486,0.293600426,1.067963384,0.778289093,0.067963384,0.284869605,56.983,56.594,56.185,55.788,55.34,54.929
2226,62.584,200630_045033_0000000140_CAM2_OK.bmp,48.717,200630_045038_0000000141_CAM2_OK.bmp,M,1.089637116,0.768774028,0.089637116,0.300772352,1.080775668,0.774613436,0.080775668,0.290966504,65.891,65.546,65.185,64.837,64.443,64.076
2231,61.365,200630_045100_0000000142_CAM2_OK.bmp,46.703,200630_045106_0000000143_CAM2_OK.bmp,M,1.059377395,0.745561329,0.059377395,0.341271282,1.056460332,0.751422202,0.056460332,0.33080976,59.94,59.452,58.945,58.452,57.893,57.373
2232,62.671,200630_045128_0000000144_CAM2_OK.bmp,47.692,200630_045135_0000000145_CAM2_OK.bmp,F,1.090180977,0.7477438,0.090180977,0.337356458,1.093991978,0.753043735,0.093991978,0.327944119,57.657,57.298,56.922,56.556,56.143,55.768
2233,66.944,200630_045158_0000000146_CAM2_OK.bmp,49.399,200630_045204_0000000147_CAM2_OK.bmp,M,1.166433895,0.729141623,0.166433895,0.371475676,1.161708076,0.730488584,0.161708076,0.368946788,63.377,62.992,62.594,62.209,61.772,61.37
2234,63.21,200630_045224_0000000148_CAM2_OK.bmp,49.972,200630_045231_0000000149_CAM2_OK.bmp,M,1.059039577,0.78250493,0.059039577,0.277947221,1.064752943,0.785745821,0.064752943,0.272676193,58.409,57.945,57.456,56.991,56.463,55.977
2235,64.991,200630_045250_0000000150_CAM2_OK.bmp,50.476,200630_045255_0000000151_CAM2_OK.bmp,M,1.059644263,0.772380766,0.059644263,0.294698217,1.052603684,0.776808357,0.052603684,0.287318797,61.415,60.986,60.537,60.104,59.617,59.175
2236,61.606,200630_045317_0000000152_CAM2_OK.bmp,48.327,200630_045324_0000000153_CAM2_OK.bmp,F,1.069062863,0.753956778,0.069062863,0.326335978,1.051867641,0.757130091,0.051867641,0.320776987,57.098,56.745,56.377,56.023,55.622,55.255
2241,63.966,200630_045350_0000000154_CAM2_OK.bmp,49.092,200630_045354_0000000155_CAM2_OK.bmp,M,1.080940204,0.758441867,0.080940204,0.318492614,1.074696684,0.761902047,0.074696684,0.312504677,55.447,55.117,54.778,54.454,54.089,53.75
2242,61.379,200630_045413_0000000156_CAM2_OK.bmp,48.301,200630_045417_0000000157_CAM2_OK.bmp,Not fertile,1.048336641,0.779828476,0.048336641,0.28233327,1.048522199,0.784031534,0.048522199,0.275458903,56.07,55.695,55.304,54.926,54.501,54.114
2243,63.523,200630_045436_0000000158_CAM2_OK.bmp,46.026,200630_045443_0000000159_CAM2_OK.bmp,F,1.097562154,0.726827342,0.097562154,0.375842572,1.079486756,0.729447429,0.079486756,0.370900712,65.222,64.857,64.476,64.107,63.693,63.317
2244,63.27,200630_045504_0000000160_CAM2_OK.bmp,47.259,200630_045511_0000000161_CAM2_OK.bmp,F,1.12567547,0.73679731,0.12567547,0.357225368,1.129732499,0.739427485,0.129732499,0.352397659,59.489,59.14,58.777,58.427,58.033,57.674
2245,62.712,200630_045530_0000000162_CAM2_OK.bmp,48.414,200630_045535_0000000163_CAM2_OK.bmp,M,1.093087599,0.750385738,0.093087599,0.332647929,1.095343484,0.754976258,0.095343484,0.324544963,59.163,58.784,58.39,58.011,57.584,57.193
2246,61.264,200630_045556_0000000164_CAM2_OK.bmp,48.319,200630_045603_0000000165_CAM2_OK.bmp,F,1.070876662,0.772303523,0.070876662,0.294827708,1.069092624,0.778458489,0.069092624,0.284590012,53.905,53.555,53.193,52.843,52.448,52.091
2251,61.24,200630_045633_0000000166_CAM2_OK.bmp,47.371,200630_045639_0000000167_CAM2_OK.bmp,F,1.113779956,0.790409687,0.113779956,0.265166681,1.072088846,0.790493708,0.072088846,0.265032206,59.842,59.453,59.052,58.676,58.249,57.857
2252,62.899,200630_045746_0000000168_CAM2_OK.bmp,46.84,200630_045750_0000000169_CAM2_OK.bmp,F,1.088343867,0.718706315,0.088343867,0.391388916,1.090852832,0.723242133,0.090852832,0.382662809,62.578,62.206,61.818,61.45,61.03,60.647
2253,63.802,200630_045809_0000000170_CAM2_OK.bmp,47.084,200630_045814_0000000171_CAM2_OK.bmp,M,1.068115887,0.732943497,0.068115887,0.364361651,1.0785506,0.73621283,0.0785506,0.358302871,57.998,57.605,57.194,56.8,56.356,55.953
2254,60.146,200630_045832_0000000172_CAM2_OK.bmp,45.349,200630_045837_0000000173_CAM2_OK.bmp,M,1.108191735,0.741076143,0.108191735,0.349389005,1.09450309,0.745586443,0.09450309,0.341226104,55.359,54.989,54.605,54.233,53.816,53.44
2255,61.501,200630_045857_0000000174_CAM2_OK.bmp,47.514,200630_045904_0000000175_CAM2_OK.bmp,M,1.089567269,0.759067795,0.089567269,0.317405384,1.098803113,0.761511257,0.098803113,0.313178224,59.135,58.743,58.336,57.945,57.504,57.107
2256,61.88,200630_045922_0000000176_CAM2_OK.bmp,46.226,200630_045927_0000000177_CAM2_OK.bmp,M,1.076190128,0.75565132,0.076190128,0.323361679,1.069882684,0.758438883,0.069882684,0.318497801,58.821,58.513,58.193,57.888,57.545,57.228
2261,65.818,200630_045957_0000000178_CAM2_OK.bmp,50.326,200630_050009_0000000179_CAM2_OK.bmp,F,1.045520713,0.742687716,0.045520713,0.34646094,1.042229478,0.746187102,0.042229478,0.340146456,63.406,62.926,62.435,61.97,61.45,60.985
2262,61.665,200630_050042_0000000180_CAM2_OK.bmp,49.19,200630_050048_0000000181_CAM2_OK.bmp,M,1.025541254,0.789984859,0.025541254,0.265847046,1.039592493,0.789874073,0.039592493,0.266024591,58.278,57.888,57.477,57.092,56.657,56.266
2263,64.322,200630_050109_0000000182_CAM2_OK.bmp,49.076,200630_050114_0000000183_CAM2_OK.bmp,F,1.128188202,0.73492946,0.128188202,0.360674806,1.122051311,0.741189345,0.122051311,0.349182913,63.502,63.117,62.714,62.328,61.895,61.509
2264,61.989,200630_050139_0000000184_CAM2_OK.bmp,47.375,200630_050145_0000000185_CAM2_OK.bmp,Not fertile,1.070841274,0.751106539,0.070841274,0.331369051,1.057078233,0.756633977,0.057078233,0.321643002,56.575,56.181,55.774,55.388,54.958,54.569
2265,67.138,200630_050400_0000000186_CAM2_OK.bmp,48.373,200630_050405_0000000187_CAM2_OK.bmp,M,1.062935613,0.719680657,0.062935613,0.389505179,1.067954044,0.723975301,0.067954044,0.381262592,55.911,55.59,55.255,54.935,54.574,54.249
2266,63.676,200630_050432_0000000188_CAM2_OK.bmp,48.769,200630_050438_0000000189_CAM2_OK.bmp,M,1.081047504,0.743451274,0.081047504,0.345078063,1.084573596,0.74939103,0.084573596,0.334416826,59.905,59.538,59.152,58.786,58.374,58.007
1111,65.297,200825_061244_0000000007_CAM2_OK.bmp,48.426,200825_061252_0000000008_CAM2_OK.bmp,M,1.13135259,0.72945256,0.13135259,0.37089107,1.150081969,0.733633341,0.150081969,0.363078726,60.294,59.905,59.448,59.037,58.573,58.1
1112,62.242,200825_061313_0000000009_CAM2_OK.bmp,47.034,200825_061319_0000000010_CAM2_OK.bmp,M,1.085786774,0.728177683,0.085786774,0.373291194,1.092591052,0.730831215,0.092591052,0.368304992,56.359,55.95,55.464,55.027,54.519,54.015
1113,64.146,200825_061327_0000000011_CAM2_OK.bmp,51.001,200825_061347_0000000012_CAM2_OK.bmp,F,1.09946935,0.781957455,0.09946935,0.278841955,1.119091917,0.786947546,0.119091917,0.270732725,63.87,63.314,62.661,62.081,61.411,60.741
1114,59.862,200825_061403_0000000013_CAM2_OK.bmp,46.202,200825_061409_0000000014_CAM2_OK.bmp,F,1.077280867,0.763528503,0.077280867,0.309708801,1.086071113,0.770214706,0.086071113,0.298339271,52.132,51.841,51.506,51.204,50.857,50.513
1115,65.219,200825_061425_0000000015_CAM2_OK.bmp,47.512,200825_061429_0000000016_CAM2_OK.bmp,F,1.111033769,0.720036939,0.111033769,0.388817637,1.104986818,0.720194409,0.104986818,0.388513972,57.857,57.526,57.137,56.786,56.385,55.974
1116,63.678,200825_061446_0000000017_CAM2_OK.bmp,47.653,200825_061450_0000000018_CAM2_OK.bmp,M,1.079860968,0.772857894,0.079860968,0.293898927,1.081804213,0.775996762,0.081804213,0.28866517,62.22,61.91,61.552,61.225,60.86,60.474
1121,61.961,200825_061551_0000000019_CAM2_OK.bmp,48.617,200825_061557_0000000020_CAM2_OK.bmp,F,1.047866893,0.775677087,0.047866893,0.28919626,1.039943416,0.778484032,0.039943416,0.284547863,57.751,57.324,56.823,56.368,55.859,55.334
1122,63.491,200825_061615_0000000021_CAM2_OK.bmp,48.001,200825_061621_0000000022_CAM2_OK.bmp,F,1.056454802,0.746024428,0.056454802,0.340438681,1.052260383,0.749963013,0.052260383,0.333399091,58.132,57.784,57.375,57.007,56.583,56.154
1123,62.565,200825_061639_0000000023_CAM2_OK.bmp,47.147,200825_061646_0000000024_CAM2_OK.bmp,F,1.137921373,0.745025698,0.137921373,0.342235581,1.116667128,0.746915296,0.116667128,0.338839899,55.303,54.949,54.533,54.157,53.724,53.293
1124,62.311,200825_061702_0000000025_CAM2_OK.bmp,47.091,200825_061706_0000000026_CAM2_OK.bmp,M,1.137219204,0.743458871,0.137219204,0.345064319,1.150298761,0.745970393,0.150298761,0.340535776,54.701,54.35,53.943,53.574,53.163,52.738
1125,66.055,200825_061722_0000000027_CAM2_OK.bmp,47.612,200825_061728_0000000028_CAM2_OK.bmp,F,1.08984578,0.708691931,0.08984578,0.411050353,1.092229374,0.711088684,0.092229374,0.406294351,60.293,59.985,59.63,59.315,58.941,58.559
1126,64.193,200825_061745_0000000029_CAM2_OK.bmp,49.14,200825_061750_0000000030_CAM2_OK.bmp,F,1.047755097,0.760203705,0.047755097,0.315436893,1.04328504,0.759542807,0.04328504,0.316581489,60.577,60.133,59.421,59.156,58.651,58.111
1131,65.467,200825_061810_0000000031_CAM2_OK.bmp,50.406,200825_061816_0000000032_CAM2_OK.bmp,M,1.088167692,0.759429247,0.088167692,0.316778361,1.077343315,0.765930964,0.077343315,0.305600697,65.477,65.057,64.565,64.121,63.625,63.112
1132,65.346,200825_061832_0000000033_CAM2_OK.bmp,49.488,200825_061836_0000000034_CAM2_OK.bmp,M,1.072814749,0.751566088,0.072814749,0.330554979,1.065632136,0.75641555,0.065632136,0.322024647,63.109,62.741,62.311,61.922,61.482,61.032
1133,64.289,200825_061854_0000000035_CAM2_OK.bmp,49.34,200825_061901_0000000036_CAM2_OK.bmp,F,1.093179848,0.757139618,0.093179848,0.320760368,1.064994259,0.761006396,0.064994259,0.314049403,62.089,61.75,61.357,61.003,60.604,60.198
1134,63.148,200825_061919_0000000037_CAM2_OK.bmp,48.758,200825_061923_0000000038_CAM2_OK.bmp,M,1.063039254,0.764049674,0.063039254,0.308815427,1.107487388,0.768134995,0.107487388,0.301854499,58.89,58.563,58.182,57.834,57.454,57.052
1135,62.504,200825_061942_0000000039_CAM2_OK.bmp,49.319,200825_061947_0000000040_CAM2_OK.bmp,M,1.10950776,0.775554972,0.10950776,0.289399251,1.096279173,0.781098855,0.096279173,0.280247684,58.342,57.892,57.362,56.864,56.331,55.769
1136,64.313,200825_062005_0000000041_CAM2_OK.bmp,47.722,200825_062010_0000000042_CAM2_OK.bmp,F,1.107086833,0.737478504,0.107086833,0.355971725,1.102034059,0.740631812,0.102034059,0.350198552,58.587,58.206,57.769,57.366,56.927,56.467
1141,64.22,200825_062031_0000000043_CAM2_OK.bmp,47.807,200825_062038_0000000044_CAM2_OK.bmp,F,1.070564703,0.738250708,0.070564703,0.354553391,1.077053484,0.743916222,0.077053484,0.344237389,59.226,58.841,58.401,58.006,57.559,57.11
1142,63.68,200825_062056_0000000045_CAM2_OK.bmp,49.843,200825_062100_0000000046_CAM2_OK.bmp,M,1.046732025,0.773164924,0.046732025,0.29338511,1.052022902,0.776687993,0.052022902,0.287518295,62.725,62.366,61.957,61.588,61.168,60.739
1143,61.189,200825_062120_0000000047_CAM2_OK.bmp,47.859,200825_062125_0000000048_CAM2_OK.bmp,M,1.111209186,0.766630606,0.111209186,0.30440918,1.087200671,0.769054729,0.087200671,0.300297576,55.485,55.187,54.847,54.539,54.194,53.844
1144,65.319,200825_062144_0000000049_CAM2_OK.bmp,47.07,200825_062150_0000000050_CAM2_OK.bmp,non-fertile,1.148229662,0.713264844,0.148229662,0.402003769,1.140138618,0.714811887,0.140138618,0.398969461,56.926,56.442,55.883,55.38,54.843,54.275
1145,63.662,200825_062207_0000000051_CAM2_OK.bmp,47.993,200825_062211_0000000052_CAM2_OK.bmp,M,1.13304728,0.743739217,0.13304728,0.344557309,1.143740881,0.743837073,0.143740881,0.344380425,58.181,57.837,57.444,57.084,56.697,56.289
1146,63.45,200825_062229_0000000053_CAM2_OK.bmp,48.564,200825_062233_0000000054_CAM2_OK.bmp,F,1.107533768,0.755084978,0.107533768,0.32435425,1.129782587,0.757114847,0.129782587,0.32080358,58.449,58.06,57.617,57.211,56.772,56.308
1151,66.706,200825_062251_0000000055_CAM2_OK.bmp,48.955,200825_062256_0000000056_CAM2_OK.bmp,M,1.06617775,0.711384478,0.06617775,0.405709614,1.06496697,0.715473851,0.06496697,0.39767512,64.582,64.234,63.842,63.49,63.099,62.7
1152,61.377,200825_062316_0000000057_CAM2_OK.bmp,50.401,200825_062320_0000000058_CAM2_OK.bmp,non-fertile,1.038177705,0.809198994,0.038177705,0.235789969,1.078748498,0.809135216,0.078748498,0.235887377,60.271,59.828,59.325,58.874,58.38,57.871
1153,66.063,200825_062340_0000000059_CAM2_OK.bmp,50.098,200825_062344_0000000060_CAM2_OK.bmp,F,1.02149574,0.746045019,0.02149574,0.340401684,1.025922234,0.748207741,0.025922234,0.336527203,63.791,63.046,62.205,61.434,60.608,59.736
1154,67.259,200825_062401_0000000061_CAM2_OK.bmp,48.42,200825_062405_0000000062_CAM2_OK.bmp,F,1.134241255,0.712209909,0.134241255,0.404080436,1.122256698,0.71410721,0.122256698,0.400349955,62.551,62.201,61.801,61.441,61.046,60.635
1155,64.631,200825_062421_0000000063_CAM2_OK.bmp,48.93,200825_062426_0000000064_CAM2_OK.bmp,F,1.020845578,0.742638117,0.020845578,0.346550867,1.04035494,0.743007492,0.04035494,0.345881448,60.115,59.716,59.256,58.839,58.388,57.916
1156,58.905,200825_062441_0000000065_CAM2_OK.bmp,45.999,200825_062444_0000000066_CAM2_OK.bmp,M,1.093962249,0.771935827,0.093962249,0.295444473,1.077621819,0.779086915,0.077621819,0.283553839,50.223,49.876,49.473,49.106,48.706,48.284
1161,62.189,200825_062502_0000000067_CAM2_OK.bmp,47.803,200825_062506_0000000068_CAM2_OK.bmp,F,1.093932408,0.752906253,0.093932408,0.328186605,1.112332159,0.759463443,0.112332159,0.316719073,56.256,55.859,55.41,55.006,54.563,54.105
1162,64.536,200825_062527_0000000069_CAM2_OK.bmp,48.419,200825_062531_0000000070_CAM2_OK.bmp,M,1.140411721,0.732186482,0.140411721,0.365772278,1.14325196,0.736199998,0.14325196,0.358326546,58.982,58.615,58.197,57.825,57.411,56.982
1163,62.971,200825_062550_0000000071_CAM2_OK.bmp,48.107,200825_062554_0000000072_CAM2_OK.bmp,M,1.09249453,0.75741187,0.09249453,0.320285619,1.098937623,0.761365807,0.098937623,0.313429091,57.643,57.206,56.705,56.253,55.754,55.238
1164,62.089,200825_062609_0000000073_CAM2_OK.bmp,47.187,200825_062613_0000000074_CAM2_OK.bmp,F,1.150107614,0.750231907,0.150107614,0.332921182,1.136941315,0.753437817,0.136941315,0.327249546,54.038,54.617,54.135,53.698,53.217,52.725
1165,61.057,200825_062631_0000000075_CAM2_OK.bmp,48.393,200825_062636_0000000076_CAM2_OK.bmp,M,1.079792424,0.766120338,0.079792424,0.305277971,1.080241129,0.77014618,0.080241129,0.298454795,58.153,57.797,57.388,57.017,56.607,56.186
1166,61.227,200825_062655_0000000077_CAM2_OK.bmp,47.211,200825_062700_0000000078_CAM2_OK.bmp,M,1.056082506,0.758380354,0.056082506,0.318599558,1.049291445,0.762907185,0.049291445,0.310775439,54.583,54.194,53.742,53.328,52.872,52.395
1211,65.963,200825_062752_0000000079_CAM2_OK.bmp,50.2,200825_062757_0000000080_CAM2_OK.bmp,F,1.092354614,0.748983209,0.092354614,0.335143416,1.092705878,0.751268814,0.092705878,0.331081474,65.044,64.657,64.197,63.79,63.342,62.871
1212,66.562,200825_062822_0000000081_CAM2_OK.bmp,51.102,200825_062826_0000000082_CAM2_OK.bmp,M,1.066975975,0.759884607,0.066975975,0.315989284,1.076126939,0.760311266,0.076126939,0.315250799,68.536,68.095,67.573,67.112,66.604,66.059
1213,65.818,200825_062843_0000000083_CAM2_OK.bmp,48.358,200825_062848_0000000084_CAM2_OK.bmp,M,1.069877899,0.733624231,0.069877899,0.363095653,1.077543189,0.734942847,0.077543189,0.36065002,62.052,61.632,61.138,60.7,60.222,59.713
1214,65.417,200825_062905_0000000085_CAM2_OK.bmp,49.313,200825_062909_0000000086_CAM2_OK.bmp,M,1.07548364,0.744969358,0.07548364,0.342337091,1.057940919,0.747385161,0.057940919,0.337998199,63.245,62.876,62.443,62.058,61.635,61.182
1215,62.236,200825_062928_0000000087_CAM2_OK.bmp,48.611,200825_062933_0000000088_CAM2_OK.bmp,M,1.065742502,0.763378636,0.065742502,0.309965924,1.059826817,0.762248401,0.059826817,0.311908295,57.403,57.088,56.715,56.387,56.023,55.639
1216,63.82,200825_062952_0000000089_CAM2_OK.bmp,47.351,200825_062957_0000000090_CAM2_OK.bmp,non-fertile,1.127171749,0.740296146,0.127171749,0.35081076,1.137960515,0.741866105,0.137960515,0.347952135,61.934,61.38,60.731,60.16,59.538,58.862
1221,67.164,200825_063020_0000000091_CAM2_OK.bmp,49.429,200825_063025_0000000092_CAM2_OK.bmp,M,1.081161914,0.727012119,0.081161914,0.375492889,1.078999475,0.729314155,0.078999475,0.371151228,64.361,63.965,63.5,63.084,62.627,62.142
1222,64.381,200825_063044_0000000093_CAM2_OK.bmp,47.416,200825_063049_0000000094_CAM2_OK.bmp,non-fertile,1.063726729,0.732009778,0.063726729,0.366101971,1.060229063,0.734951091,0.060229063,0.360634758,58.76,58.374,57.923,57.52,57.078,56.61
1223,64.06,200825_063108_0000000095_CAM2_OK.bmp,49.562,200825_063112_0000000096_CAM2_OK.bmp,M,1.018192487,0.760500988,0.018192487,0.314922683,1.031057021,0.764945262,0.031057021,0.307283083,61.669,61.289,60.838,60.436,59.991,59.519
1224,64.637,200825_063132_0000000097_CAM2_OK.bmp,48.904,200825_063136_0000000098_CAM2_OK.bmp,M,1.087988583,0.751285787,0.087988583,0.331051403,1.091029359,0.753748696,0.091029359,0.326702129,61.26,60.858,60.383,59.96,59.49,58.991
1225,63.896,200825_063152_0000000099_CAM2_OK.bmp,47.842,200825_063157_0000000100_CAM2_OK.bmp,M,1.072573975,0.742894127,0.072573975,0.346086829,1.080940598,0.745780268,0.080940598,0.340877525,58.769,58.38,57.922,57.516,57.065,56.59
1226,64.245,200825_063214_0000000101_CAM2_OK.bmp,48.912,200825_063218_0000000102_CAM2_OK.bmp,F,1.156285277,0.741837967,0.156285277,0.348003263,1.159631402,0.74735949,0.159631402,0.338044159,60.773,60.392,59.949,59.555,59.118,58.659
1231,67.089,200825_063237_0000000103_CAM2_OK.bmp,47.628,200825_063242_0000000104_CAM2_OK.bmp,non-fertile,1.149653732,0.702316322,0.149653732,0.423859831,1.147640215,0.705296512,0.147640215,0.417843395,60.734,60.279,59.738,59.261,58.742,58.192
1232,64.562,200825_063315_0000000105_CAM2_OK.bmp,47.804,200825_063319_0000000106_CAM2_OK.bmp,F,1.085642576,0.73318336,0.085642576,0.363915296,1.079241175,0.73473457,0.079241175,0.361035727,59.397,59.024,58.587,58.197,57.767,57.312
1233,69.188,200825_063335_0000000107_CAM2_OK.bmp,50.179,200825_063339_0000000108_CAM2_OK.bmp,M,1.089677065,0.713470596,0.089677065,0.401599458,1.080435269,0.718937347,0.080435269,0.39094179,67.947,67.558,67.101,66.694,66.246,65.772
1234,64.822,200825_063358_0000000109_CAM2_OK.bmp,47.435,200825_063402_0000000110_CAM2_OK.bmp,M,1.089948494,0.719455541,0.089948494,0.389939952,1.086479896,0.721791448,0.086479896,0.38544174,57.341,56.962,56.516,56.121,55.69,55.242
1235,63.74,200825_063418_0000000111_CAM2_OK.bmp,49.052,200825_063422_0000000112_CAM2_OK.bmp,F,1.060411633,0.748687373,0.060411633,0.335670984,1.061728013,0.750177258,0.061728013,0.333018282,62.25,61.867,61.411,61.007,60.562,60.091
1236,64.452,200825_063439_0000000113_CAM2_OK.bmp,47.4,200825_063444_0000000114_CAM2_OK.bmp,F,1.146717654,0.716456251,0.146717654,0.395758637,1.157432854,0.720739964,0.157432854,0.387462955,56.951,56.499,55.967,55.493,54.971,54.429
1241,66.854,200825_063508_0000000115_CAM2_OK.bmp,49.039,200825_063517_0000000116_CAM2_OK.bmp,non-fertile,1.119351073,0.719458084,0.119351073,0.389935039,1.090744987,0.73026154,0.090744987,0.369372402,63.713,63.217,62.635,62.127,61.574,60.989
1242,64.376,200825_063534_0000000117_CAM2_OK.bmp,47.956,200825_063539_0000000118_CAM2_OK.bmp,M,1.06029695,0.739609931,0.06029695,0.352064051,1.056959777,0.740769605,0.056959777,0.349947397,59.468,59.147,58.767,58.433,58.065,57.679
1243,62.836,200825_063606_0000000119_CAM2_OK.bmp,46.855,200825_063611_0000000120_CAM2_OK.bmp,M,1.106134512,0.737386806,0.106134512,0.356140349,1.09439517,0.739844628,0.09439517,0.351635143,56.007,55.626,55.181,54.787,54.349,53.89
1244,65.169,200825_063628_0000000121_CAM2_OK.bmp,48.575,200825_063634_0000000122_CAM2_OK.bmp,M,1.100221821,0.724721402,0.100221821,0.37984058,1.038367171,0.738452518,0.038367171,0.354183209,60.218,59.854,59.427,59.05,58.633,58.195
1245,59.433,200825_063651_0000000123_CAM2_OK.bmp,45.617,200825_063655_0000000124_CAM2_OK.bmp,F,1.128057829,0.757722371,0.128057829,0.31974459,1.138930378,0.762371883,0.138930378,0.311695804,50.293,49.936,49.518,49.149,48.741,48.317
1246,63.267,200825_063727_0000000125_CAM2_OK.bmp,48.012,200825_063734_0000000126_CAM2_OK.bmp,M,1.047058324,0.752259333,0.047058324,0.329328806,1.047402801,0.756571295,0.047402801,0.321752499,57.931,57.519,57.039,56.614,56.147,55.65
1251,62.119,200825_063750_0000000127_CAM2_OK.bmp,47.099,200825_063802_0000000128_CAM2_OK.bmp,M,1.152406861,0.745385206,0.152406861,0.341588204,1.147063116,0.749979438,0.147063116,0.333369888,55.843,55.497,55.096,54.741,54.351,53.953
1252,62.976,200825_063819_0000000129_CAM2_OK.bmp,47.58,200825_063823_0000000130_CAM2_OK.bmp,M,1.093220208,0.761300043,0.093220208,0.31354255,1.095109912,0.764411494,0.095109912,0.308195922,58.951,58.58,58.143,57.758,57.334,56.889
1253,63.411,200825_063844_0000000131_CAM2_OK.bmp,49.04,200825_063851_0000000132_CAM2_OK.bmp,M,1.101049967,0.759755734,0.101049967,0.316212507,1.106785368,0.763371528,0.106785368,0.309978121,60.926,60.589,60.201,59.859,59.477,59.084
1254,63.029,200825_063910_0000000133_CAM2_OK.bmp,46.755,200825_063913_0000000134_CAM2_OK.bmp,M,1.041285882,0.737285428,0.041285882,0.356326821,1.053987967,0.740603939,0.053987967,0.350249367,55.912,55.541,55.114,54.735,54.316,53.88
1255,64.826,200825_063930_0000000135_CAM2_OK.bmp,47.323,200825_063933_0000000136_CAM2_OK.bmp,M,1.118113615,0.723594818,0.118113615,0.381988891,1.108012896,0.726988672,0.108012896,0.375537252,57.538,57.005,56.375,55.821,55.207,54.568
1256,64.355,200825_064004_0000000137_CAM2_OK.bmp,47.782,200825_064008_0000000138_CAM2_OK.bmp,M,1.069370409,0.736557605,0.069370409,0.357667062,1.070389225,0.738790302,0.070389225,0.353564058,58.835,58.538,58.192,57.886,57.545,57.188
1261,61.252,200825_064024_0000000139_CAM2_OK.bmp,46.625,200825_064028_0000000140_CAM2_OK.bmp,M,1.118946085,0.749459125,0.118946085,0.334295584,1.13768464,0.753019994,0.13768464,0.327985987,53.136,52.749,52.304,51.911,51.476,51.028
1262,61.699,200825_064044_0000000141_CAM2_OK.bmp,46.317,200825_064048_0000000142_CAM2_OK.bmp,M,1.118563549,0.741650085,0.118563549,0.348344753,1.12834799,0.746040856,0.12834799,0.340409164,53.491,53.101,52.653,52.252,51.806,51.349
1263,64.402,200825_064104_0000000143_CAM2_OK.bmp,47.863,200825_064107_0000000144_CAM2_OK.bmp,M,1.049379298,0.734346852,0.049379298,0.361754323,1.044001835,0.737110335,0.044001835,0.356649002,58.249,57.925,57.549,57.214,56.839,56.452
1264,61.892,200825_064134_0000000145_CAM2_OK.bmp,48.842,200825_064137_0000000146_CAM2_OK.bmp,M,1.075380209,0.78391125,0.075380209,0.27565461,1.078655196,0.785314974,0.078655196,0.273374421,58.607,58.098,57.504,56.977,56.391,55.781
1265,65.961,200825_064154_0000000147_CAM2_OK.bmp,46.56,200825_064158_0000000148_CAM2_OK.bmp,M,1.113570361,0.69740774,0.113570361,0.43388142,1.088993151,0.701678157,0.088993151,0.425154808,57.465,57.074,56.618,56.211,55.758,55.293
1266,60.591,200825_064226_0000000149_CAM2_OK.bmp,47.944,200825_064230_0000000150_CAM2_OK.bmp,F,1.0613312,0.782032351,0.0613312,0.278719479,1.076143619,0.785509702,0.076143619,0.273058751,55.131,54.486,53.734,53.075,52.364,51.641
1311,63.857,200825_064811_0000000151_CAM2_OK.bmp,48.134,200825_064820_0000000152_CAM2_OK.bmp,M,1.085856848,0.714778063,0.085856848,0.399035661,1.080042399,0.72461707,0.080042399,0.380039253,60.604,60.281,59.892,59.546,59.166,58.759
1312,63.385,200825_064839_0000000153_CAM2_OK.bmp,48.032,200825_064844_0000000154_CAM2_OK.bmp,M,1.103879872,0.747668068,0.103879872,0.33749192,1.094482881,0.750494075,0.094482881,0.332455556,57.777,57.458,57.077,56.739,56.367,55.967
1313,62.55,200825_064902_0000000155_CAM2_OK.bmp,47.683,200825_064905_0000000156_CAM2_OK.bmp,F,1.105609105,0.751197104,0.105609105,0.33120854,1.113852465,0.752316468,0.113852465,0.329227849,56.465,56.087,55.639,55.241,54.807,54.342
1314,65.959,200825_064922_0000000157_CAM2_OK.bmp,49.853,200825_064935_0000000158_CAM2_OK.bmp,F,1.067785084,0.73380619,0.067785084,0.362757651,1.032832693,0.731774857,0.032832693,0.366540528,65.211,64.852,64.423,64.043,63.627,63.185
1315,64.256,200825_064950_0000000159_CAM2_OK.bmp,47.752,200825_064954_0000000160_CAM2_OK.bmp,F,1.089298115,0.734464686,0.089298115,0.361535849,1.090390505,0.737337686,0.090390505,0.356230693,58.55,58.249,57.897,57.588,57.245,56.88
1316,64.609,200825_065010_0000000161_CAM2_OK.bmp,46.282,200825_065014_0000000162_CAM2_OK.bmp,F,1.124764336,0.711408329,0.124764336,0.405662485,1.096372582,0.719904543,0.096372582,0.389073051,56.492,56.121,55.686,55.298,54.873,54.419
1321,64.796,200825_065031_0000000163_CAM2_OK.bmp,49.8,200825_065035_0000000164_CAM2_OK.bmp,M,1.047804964,0.762313254,0.047804964,0.311796686,1.045683149,0.768592824,0.045683149,0.301079022,63.213,62.847,62.418,62.037,61.62,61.174
1322,60.582,200825_065050_0000000165_CAM2_OK.bmp,48.104,200825_065054_0000000166_CAM2_OK.bmp,non-fertile,1.156370588,0.784982422,0.156370588,0.273913876,1.135828582,0.787894479,0.135828582,0.269205493,55.999,55.64,55.223,54.849,54.443,54.008
1323,62.886,200825_065108_0000000167_CAM2_OK.bmp,48.132,200825_065111_0000000168_CAM2_OK.bmp,M,1.115876927,0.754123857,0.115876927,0.326042122,1.118402732,0.762183631,0.118402732,0.312019781,59.402,59.048,58.637,58.271,57.869,57.445
1324,63.196,200825_065126_0000000169_CAM2_OK.bmp,48.257,200825_065129_0000000170_CAM2_OK.bmp,F,1.111266664,0.753858419,0.111266664,0.32650903,1.108226808,0.754767628,0.108226808,0.324911089,57.924,57.522,57.047,56.625,56.161,55.67
1325,65.395,200825_065144_0000000171_CAM2_OK.bmp,48.912,200825_065148_0000000172_CAM2_OK.bmp,M,1.103174958,0.738028013,0.103174958,0.354962119,1.08420553,0.747402985,0.08420553,0.337966292,61.705,61.288,60.795,60.359,59.885,59.38
1326,67.969,200825_065203_0000000173_CAM2_OK.bmp,50.309,200825_065209_0000000174_CAM2_OK.bmp,M,1.012725965,0.731504696,0.012725965,0.367045223,1.010533105,0.732758356,0.010533105,0.364706374,67.245,66.779,66.222,65.728,65.187,64.613
1331,64.353,200825_065228_0000000175_CAM2_OK.bmp,49.087,200825_065233_0000000176_CAM2_OK.bmp,F,1.081064028,0.74947498,0.081064028,0.334267356,1.081197332,0.754482495,0.081197332,0.325411798,61.833,61.501,61.11,60.758,60.368,59.956
1332,59.601,200825_065248_0000000177_CAM2_OK.bmp,47.055,200825_065257_0000000178_CAM2_OK.bmp,F,1.105794004,0.773968707,0.105794004,0.292041901,1.129744901,0.782205372,0.129744901,0.27843663,52.499,52.152,51.746,51.381,50.981,50.559
1333,65.339,200825_065315_0000000179_CAM2_OK.bmp,49.034,200825_065320_0000000180_CAM2_OK.bmp,M,1.066802728,0.744162718,0.066802728,0.343792124,1.076698148,0.743181979,0.076698148,0.345565459,61.495,61.172,60.791,60.45,60.075,59.681
1334,64.412,200825_065336_0000000181_CAM2_OK.bmp,47.82,200825_065340_0000000182_CAM2_OK.bmp,non-fertile,1.110466095,0.717399672,0.110466095,0.393923134,1.122044513,0.723347371,0.122044513,0.38246165,59.895,59.545,59.138,58.777,58.388,57.973
1335,62.24,200825_065353_0000000183_CAM2_OK.bmp,48.445,200825_065357_0000000184_CAM2_OK.bmp,F,1.089725888,0.775267011,0.089725888,0.289878179,1.091178538,0.775865197,0.091178538,0.288883692,58.08,57.742,57.34,56.983,56.591,56.178
1336,65.484,200825_065413_0000000185_CAM2_OK.bmp,48.642,200825_065417_0000000186_CAM2_OK.bmp,F,1.035554919,0.733923139,0.035554919,0.362540499,1.022787495,0.737681245,0.022787495,0.355599057,60.75,60.375,59.934,59.541,59.113,58.654
1341,65.369,200825_065434_0000000187_CAM2_OK.bmp,50.763,200825_065438_0000000188_CAM2_OK.bmp,F,1.056588392,0.764484252,0.056588392,0.308071418,1.045361937,0.771666168,0.045361937,0.295897165,66.265,65.939,65.554,65.213,64.838,64.433
1342,61.783,200825_065453_0000000189_CAM2_OK.bmp,47.725,200825_065457_0000000190_CAM2_OK.bmp,M,1.086530869,0.766646801,0.086530869,0.304381625,1.09898248,0.768629973,0.09898248,0.301016139,56.439,56.108,55.718,55.37,54.987,54.586
1343,67.619,200825_065518_0000000191_CAM2_OK.bmp,46.75,200825_065525_0000000192_CAM2_OK.bmp,non-fertile,1.158970924,0.679888427,0.158970924,0.470829565,1.17193815,0.684329319,0.17193815,0.461284753,60.272,59.876,59.413,59.007,58.568,58.103
1344,64.634,200825_065542_0000000193_CAM2_OK.bmp,48.985,200825_065547_0000000194_CAM2_OK.bmp,M,1.106711397,0.727476683,0.106711397,0.374614505,1.089658585,0.731043087,0.089658585,0.367908428,62.103,61.721,61.273,60.876,60.445,59.988
1345,66.791,200825_065613_0000000195_CAM2_OK.bmp,49.638,200825_065621_0000000196_CAM2_OK.bmp,F,1.093593945,0.732087156,0.093593945,0.36595758,1.075674207,0.73410402,0.075674207,0.362204773,64.411,63.994,63.503,63.067,62.586,62.076
1346,61.089,200825_065642_0000000197_CAM2_OK.bmp,48.118,200825_065646_0000000198_CAM2_OK.bmp,M,1.070976134,0.782249014,0.070976134,0.278365306,1.075269924,0.782725129,0.075269924,0.277587703,56.852,56.524,56.137,55.793,55.413,55.013
1351,60.777,200825_065702_0000000199_CAM2_OK.bmp,46.866,200825_065705_0000000200_CAM2_OK.bmp,non-fertile,1.116390005,0.764548855,0.116390005,0.307960888,1.094328032,0.764283939,0.094328032,0.308414254,53.967,53.568,53.101,52.688,52.235,51.761
1352,65.283,200825_065720_0000000201_CAM2_OK.bmp,48.431,200825_065724_0000000202_CAM2_OK.bmp,F,1.095495728,0.737880715,0.095495728,0.355232601,1.101888362,0.737782986,0.101888362,0.355412119,61.084,60.698,60.251,59.852,59.418,58.961
1353,66.449,200825_065740_0000000203_CAM2_OK.bmp,48.322,200825_065744_0000000204_CAM2_OK.bmp,M,1.031118776,0.722537744,0.031118776,0.384010742,1.0357749,0.725210713,0.0357749,0.378909581,61.937,61.521,61.043,60.621,60.158,59.67
1354,66.587,200825_065759_0000000205_CAM2_OK.bmp,49.134,200825_065805_0000000206_CAM2_OK.bmp,M,1.044632286,0.730915709,0.044632286,0.368146815,1.035915154,0.733993627,0.035915154,0.36240965,63.438,63.075,62.647,62.265,61.846,61.405
1355,64.3,200825_065820_0000000207_CAM2_OK.bmp,49.132,200825_065826_0000000208_CAM2_OK.bmp,M,1.060233412,0.754484224,0.060233412,0.32540876,1.057154343,0.759110349,0.057154343,0.317331534,61.671,61.289,60.841,60.444,60.01,59.546
1356,59.787,200825_065843_0000000209_CAM2_OK.bmp,46.599,200825_065847_0000000210_CAM2_OK.bmp,M,1.059976309,0.750642437,0.059976309,0.3321922,1.054811986,0.75357079,0.054811986,0.327015343,54.148,53.82,53.437,53.099,52.725,52.336
1361,62.23,200825_065905_0000000211_CAM2_OK.bmp,49.294,200825_065909_0000000212_CAM2_OK.bmp,F,1.063049454,0.782273189,0.063049454,0.2783258,1.04919194,0.784431128,0.04919194,0.274809175,60.302,59.888,59.406,58.981,58.515,58.027
1362,67.002,200825_065926_0000000213_CAM2_OK.bmp,47.798,200825_065930_0000000214_CAM2_OK.bmp,M,1.153123552,0.704916435,0.153123552,0.418607866,1.153663015,0.707617204,0.153663015,0.413193452,60.817,60.44,60.003,59.619,59.192,58.746
1363,64.519,200825_065946_0000000215_CAM2_OK.bmp,47.156,200825_065953_0000000216_CAM2_OK.bmp,M,1.099905496,0.719209578,0.099905496,0.390415299,1.107461718,0.724138929,0.107461718,0.380950478,57.061,56.569,55.997,55.496,54.941,54.366
1364,63.862,200825_070010_0000000217_CAM2_OK.bmp,48.625,200825_070016_0000000218_CAM2_OK.bmp,M,1.067085351,0.757567227,0.067085351,0.320014864,1.075989265,0.759618479,0.075989265,0.316450333,60.074,59.56,59.961,58.389,57.763,57.117
1365,61.109,200825_070040_0000000219_CAM2_OK.bmp,48.314,200825_070045_0000000220_CAM2_OK.bmp,M,1.019898548,0.781676218,0.019898548,0.279302065,1.032116834,0.784329838,0.032116834,0.274973807,56.838,56.53,56.169,55.848,55.491,55.117
1366,62.899,200825_070104_0000000221_CAM2_OK.bmp,51.116,200825_070108_0000000222_CAM2_OK.bmp,F,1.017140706,0.796126255,0.017140706,0.256082177,1.018478554,0.80549377,0.018478554,0.24147453,63.157,62.703,62.172,61.705,61.19,60.649
2111,62.613,200825_070153_0000000223_CAM2_OK.bmp,48.551,200825_070200_0000000224_CAM2_OK.bmp,M,1.13390234,0.766119562,0.13390234,0.305279293,1.135008339,0.768385135,0.135008339,0.301430694,58.602,58.237,57.792,57.4,56.952,56.486
2112,61.41,200825_070221_0000000225_CAM2_OK.bmp,48.859,200825_070226_0000000226_CAM2_OK.bmp,M,1.105418508,0.758586646,0.105418508,0.318240976,1.120468982,0.762116427,0.120468982,0.312135475,58.828,58.498,58.101,57.744,57.331,56.91
2113,63.993,200825_070242_0000000227_CAM2_OK.bmp,48.441,200825_070247_0000000228_CAM2_OK.bmp,M,1.04456524,0.748585334,0.04456524,0.335853047,1.03166364,0.754014141,0.03166364,0.326235073,60.23,59.912,59.536,59.194,58.798,58.395
2114,63.794,200825_070302_0000000229_CAM2_OK.bmp,49.247,200825_070306_0000000230_CAM2_OK.bmp,M,1.076982219,0.763808652,0.076982219,0.309228427,1.07309089,0.767019962,0.07309089,0.303747033,60.714,60.324,59.868,59.458,58.993,58.517
2115,62.435,200825_070326_0000000231_CAM2_OK.bmp,48.12,200825_070331_0000000232_CAM2_OK.bmp,M,1.094947314,0.75841988,0.094947314,0.318530839,1.091886815,0.764064701,0.091886815,0.308789687,57.381,56.969,56.481,56.029,55.511,54.974
2116,66.308,200825_070355_0000000233_CAM2_OK.bmp,49.436,200825_070400_0000000234_CAM2_OK.bmp,M,1.02516641,0.745723975,0.02516641,0.340978744,1.020957998,0.747612591,0.020957998,0.33759117,64.153,63.754,63.268,62.863,62.381,61.888
2121,64.408,200825_070420_0000000235_CAM2_OK.bmp,50.39,200825_070425_0000000236_CAM2_OK.bmp,F,1.065525321,0.767691912,0.065525321,0.302605881,1.065241714,0.769955941,0.065241714,0.298775615,63.689,63.258,62.745,62.299,61.78,61.232
2122,62.516,200825_070442_0000000237_CAM2_OK.bmp,48.537,200825_070447_0000000238_CAM2_OK.bmp,M,1.070973531,0.772419809,0.070973531,0.294632774,1.070485666,0.775332397,0.070485666,0.289769399,58.599,58.169,57.665,57.216,56.701,56.157
2123,63.562,200825_070506_0000000239_CAM2_OK.bmp,48.165,200825_070511_0000000240_CAM2_OK.bmp,M,1.078039338,0.749538512,0.078039338,0.334154262,1.095006903,0.752212004,0.095006903,0.329412445,58.278,57.951,57.571,57.229,56.834,56.423
2124,67.476,200825_070528_0000000241_CAM2_OK.bmp,48.184,200825_070533_0000000242_CAM2_OK.bmp,M,1.08972958,0.699015374,0.08972958,0.430583699,1.098663636,0.701930052,0.098663636,0.424643377,61.056,60.607,60.092,59.626,59.1,58.549
2125,63.977,200825_070553_0000000243_CAM2_OK.bmp,49.297,200825_070557_0000000244_CAM2_OK.bmp,M,1.1133713,0.758578711,0.1133713,0.318254764,1.101190118,0.761592055,0.101190118,0.313038907,60.346,59.995,59.586,59.216,58.792,58.352
2126,59.741,200825_070616_0000000245_CAM2_OK.bmp,47.526,200825_070621_0000000246_CAM2_OK.bmp,M,1.056423008,0.770582803,0.056423008,0.297719072,1.052328751,0.777430756,0.052328751,0.28628819,56.377,55.976,55.512,55.092,54.623,54.135
2131,64.317,200825_070639_0000000247_CAM2_OK.bmp,48.146,200825_070646_0000000248_CAM2_OK.bmp,M,1.118355288,0.740042806,0.118355288,0.351273186,1.126389387,0.740370722,0.126389387,0.350674696,59.009,58.674,58.275,57.919,57.497,57.066
2132,66.66,200825_070709_0000000249_CAM2_OK.bmp,49.431,200825_070714_0000000250_CAM2_OK.bmp,M,1.113645194,0.73248836,0.113645194,0.365209407,1.110663096,0.733952707,0.110663096,0.362485608,64.076,63.605,63.068,62.592,62.036,61.448
2133,61.092,200825_070731_0000000251_CAM2_OK.bmp,48.332,200825_070736_0000000252_CAM2_OK.bmp,M,1.052472734,0.784059512,0.052472734,0.27541339,1.040330107,0.786066739,0.040330107,0.272156612,57.097,56.699,56.247,55.843,55.374,54.881
2134,62.51,200825_070754_0000000253_CAM2_OK.bmp,47.485,200825_070759_0000000254_CAM2_OK.bmp,M,1.076551314,0.78213317,0.076551314,0.278554648,1.092012605,0.786325683,0.092012605,0.271737681,60.794,60.428,60.007,59.627,59.187,58.738
2135,63.236,200825_070818_0000000255_CAM2_OK.bmp,48.849,200825_070823_0000000256_CAM2_OK.bmp,M,1.083625305,0.768618661,0.083625305,0.301035286,1.112940807,0.766465443,0.112940807,0.304690263,60.826,60.536,60.206,59.902,59.556,59.203
2136,64.585,200825_070845_0000000257_CAM2_OK.bmp,48.113,200825_070849_0000000258_CAM2_OK.bmp,M,1.026961746,0.735306684,0.026961746,0.359976758,1.031244284,0.737018702,0.031244284,0.356817672,59.387,59.048,58.664,58.321,57.928,57.528
2141,62.283,200825_070904_0000000259_CAM2_OK.bmp,49.388,200825_070908_0000000260_CAM2_OK.bmp,M,1.136512671,0.782443583,0.136512671,0.278047417,1.124826994,0.784436184,0.124826994,0.27480096,59.275,58.811,58.29,57.82,57.265,56.693
2142,62.955,200825_070926_0000000261_CAM2_OK.bmp,49.037,200825_070930_0000000262_CAM2_OK.bmp,M,1.083617958,0.767407818,0.083617958,0.303088106,1.089016388,0.771397336,0.089016388,0.296348787,59.449,59.013,58.511,58.064,57.541,56.996
2143,61.643,200825_070945_0000000263_CAM2_OK.bmp,46.787,200825_070949_0000000264_CAM2_OK.bmp,M,1.061808809,0.750231099,0.061808809,0.332922618,1.05844794,0.753741227,0.05844794,0.326715276,52.691,52.133,51.48,50.904,50.231,49.531
2144,64.195,200825_071004_0000000265_CAM2_OK.bmp,48.123,200825_071008_0000000266_CAM2_OK.bmp,non-fertile,1.104559256,0.750999025,0.104559256,0.331559652,1.097950063,0.754590029,0.097950063,0.325222919,60.526,60.119,59.651,59.241,58.764,58.27
2145,66.919,200825_071024_0000000267_CAM2_OK.bmp,50.509,200825_071029_0000000268_CAM2_OK.bmp,non-fertile,1.048867659,0.747371916,0.048867659,0.338021912,1.04597046,0.749982243,0.04597046,0.333364902,66.517,66.096,65.608,65.178,64.684,64.171
2146,64.244,200825_071047_0000000269_CAM2_OK.bmp,47.213,200825_071053_0000000270_CAM2_OK.bmp,M,1.108690383,0.730224952,0.108690383,0.369441016,1.106777187,0.735948556,0.106777187,0.358790628,57.932,57.597,57.209,56.866,56.464,56.048
2151,63.87,200825_071112_0000000271_CAM2_OK.bmp,47.015,200825_071118_0000000272_CAM2_OK.bmp,M,1.138948127,0.728936212,0.138948127,0.371862151,1.101658587,0.728954175,0.101658587,0.371828345,55.843,55.442,54.996,54.593,54.119,53.628
2152,65.575,200825_071137_0000000273_CAM2_OK.bmp,48.841,200825_071142_0000000274_CAM2_OK.bmp,M,1.093387492,0.738523378,0.093387492,0.354053277,1.077772556,0.7414742,0.077772556,0.348664594,61.506,61.098,60.634,60.211,59.706,59.184
2153,63.508,200825_071203_0000000275_CAM2_OK.bmp,49.385,200825_071211_0000000276_CAM2_OK.bmp,M,1.084681177,0.751974727,0.084681177,0.329831926,1.078575219,0.756601219,0.078575219,0.321700223,62.532,62.161,61.741,61.362,60.918,60.463
2154,66.992,200825_071236_0000000277_CAM2_OK.bmp,50.304,200825_071241_0000000278_CAM2_OK.bmp,M,1.107618181,0.740954352,0.107618181,0.349610805,1.11770946,0.743666198,0.11770946,0.344689328,66.105,65.673,65.185,64.747,64.238,63.716
2155,64.979,200825_071304_0000000279_CAM2_OK.bmp,47.364,200825_071308_0000000280_CAM2_OK.bmp,M,1.081947559,0.725258729,0.081947559,0.37881829,1.119566073,0.728768832,0.119566073,0.372177234,58.258,57.829,57.343,56.91,56.409,55.896
2156,64.544,200825_071328_0000000281_CAM2_OK.bmp,46.779,200825_071333_0000000282_CAM2_OK.bmp,F,1.122090622,0.716897598,0.122090622,0.394899359,1.116907227,0.719630236,0.116907227,0.389602536,56.569,56.222,55.819,55.456,55.033,54.603
2161,62.675,200825_071352_0000000283_CAM2_OK.bmp,48.442,200825_071356_0000000284_CAM2_OK.bmp,M,1.154129121,0.768476495,0.154129121,0.301275975,1.154316481,0.768768786,0.154316481,0.30078122,58.17,57.839,57.468,57.125,56.726,56.309
2162,66.395,200825_071420_0000000285_CAM2_OK.bmp,50.445,200825_071426_0000000286_CAM2_OK.bmp,F,1.060322115,0.759454968,0.060322115,0.316733766,1.0614431,0.762008833,0.0614431,0.312320745,65.703,65.079,64.382,63.76,63.031,62.273
2163,62.141,200825_071443_0000000287_CAM2_OK.bmp,47.048,200825_071447_0000000288_CAM2_OK.bmp,F,1.06598986,0.752834749,0.06598986,0.328312756,1.076712536,0.751695813,0.076712536,0.330325356,55.486,55.153,54.776,54.435,54.037,53.625
2164,67.329,200825_071504_0000000289_CAM2_OK.bmp,48.54,200825_071509_0000000290_CAM2_OK.bmp,M,1.059872558,0.675054252,0.059872558,0.481362419,1.066923592,0.72441544,0.066923592,0.380423366,63.183,62.687,62.118,61.606,61.013,60.392
2165,61.259,200825_071527_0000000291_CAM2_OK.bmp,47.351,200825_071531_0000000292_CAM2_OK.bmp,M,1.058157986,0.770049271,0.058157986,0.298618202,1.077108135,0.771468685,0.077108135,0.296228893,55.393,55.055,54.667,54.315,53.908,53.485
2166,66.076,200825_071549_0000000293_CAM2_OK.bmp,48.593,200825_071553_0000000294_CAM2_OK.bmp,M,1.035685533,0.724120306,0.035685533,0.380985994,1.047407846,0.729653676,0.047407846,0.370513207,60.119,59.689,59.193,58.743,58.227,57.698
2211,64.958,200825_071649_0000000295_CAM2_OK.bmp,49.954,200825_071654_0000000296_CAM2_OK.bmp,M,1.041886946,0.770664378,0.041886946,0.297581708,1.039673047,0.772559475,0.039673047,0.294398725,64.756,64.403,63.982,63.616,63.195,62.769
2212,62.151,200825_071714_0000000297_CAM2_OK.bmp,48.485,200825_071735_0000000298_CAM2_OK.bmp,M,1.077370533,0.767024962,0.077370533,0.303738534,1.078505725,0.771108804,0.078505725,0.296833852,56.927,56.497,55.991,55.552,55.048,54.533
2213,64.625,200825_071803_0000000299_CAM2_OK.bmp,48.248,200825_071808_0000000300_CAM2_OK.bmp,F,1.099924803,0.739522456,0.099924803,0.352223982,1.090019064,0.744647222,0.090019064,0.342917788,60.26,59.787,59.235,58.753,58.198,57.641
2214,63.016,200825_071832_0000000301_CAM2_OK.bmp,48.067,200825_071839_0000000302_CAM2_OK.bmp,F,1.070687343,0.758968682,0.070687343,0.317577423,1.071051055,0.761080947,0.071051055,0.313920686,57.481,57.036,56.522,56.064,55.54,55.014
2215,65.564,200825_071857_0000000303_CAM2_OK.bmp,48.099,200825_071901_0000000304_CAM2_OK.bmp,M,1.074427766,0.719086105,0.074427766,0.390654045,1.05316306,0.723163449,0.05316306,0.382813251,59.135,58.736,58.274,57.861,57.381,56.897
2216,64.053,200825_071920_0000000305_CAM2_OK.bmp,47.355,200825_071927_0000000306_CAM2_OK.bmp,M,1.133403563,0.726024355,0.133403563,0.377364262,1.122763367,0.732181329,0.122763367,0.36578189,57.724,57.396,57.021,56.687,56.303,55.914
2221,60.727,200825_071945_0000000307_CAM2_OK.bmp,47.108,200825_071954_0000000308_CAM2_OK.bmp,F,1.084620139,0.746906305,0.084620139,0.338856017,1.103958721,0.747210699,0.103958721,0.338310602,56.167,55.8,55.381,55.018,54.596,54.17
2222,63.737,200825_072012_0000000309_CAM2_OK.bmp,48.741,200825_072019_0000000310_CAM2_OK.bmp,F,1.101803503,0.756627637,0.101803503,0.321654076,1.098929454,0.757509991,0.098929454,0.320114602,59.722,59.356,58.936,58.568,58.139,57.707
2223,62.919,200825_072037_0000000311_CAM2_OK.bmp,46.072,200825_072043_0000000312_CAM2_OK.bmp,M,1.117810387,0.719326929,0.117810387,0.390188466,1.114186543,0.721193805,0.114186543,0.386589835,53.572,53.259,52.895,52.571,52.195,51.809
2224,63.647,200825_072059_0000000313_CAM2_OK.bmp,47.569,200825_072109_0000000314_CAM2_OK.bmp,F,1.055727669,0.743166106,0.055727669,0.345594198,1.059830891,0.745611352,0.059830891,0.341181298,57.906,57.52,57.079,56.693,56.244,55.792
2225,68.342,200825_072124_0000000315_CAM2_OK.bmp,48.944,200825_072130_0000000316_CAM2_OK.bmp,F,1.088369784,0.702703851,0.088369784,0.423074598,1.086386232,0.70532499,0.086386232,0.417786147,64.555,64.142,63.669,63.252,62.772,62.283
2226,63.696,200825_072148_0000000317_CAM2_OK.bmp,48.624,200825_072152_0000000318_CAM2_OK.bmp,F,1.102297133,0.752375482,0.102297133,0.329123587,1.112301908,0.758842693,0.112301908,0.317796177,59.525,59.115,58.641,58.224,57.739,57.245
2231,60.853,200825_072212_0000000319_CAM2_OK.bmp,49.253,200825_072216_0000000320_CAM2_OK.bmp,M,1.092475395,0.789130045,0.092475395,0.267218257,1.091897924,0.790820543,0.091897924,0.264509388,57.127,56.766,56.351,55.983,55.555,55.122
2232,64.912,200825_072233_0000000321_CAM2_OK.bmp,47.867,200825_072241_0000000322_CAM2_OK.bmp,F,1.022356841,0.737857224,0.022356841,0.355275746,1.013734076,0.74208014,0.013734076,0.34756335,59.615,59.091,58.493,57.97,57.359,56.735
2233,61.761,200825_072258_0000000323_CAM2_OK.bmp,47.692,200825_072303_0000000324_CAM2_OK.bmp,M,1.055953906,0.80026933,0.055953906,0.249579313,1.045290781,0.803431876,0.045290781,0.244660599,59.912,59.511,59.054,58.644,58.171,57.689
2234,62.332,200825_072326_0000000325_CAM2_OK.bmp,46.859,200825_072331_0000000326_CAM2_OK.bmp,M,1.050901411,0.750148366,0.050901411,0.333069624,1.045671608,0.75434328,0.045671608,0.325656404,55.862,55.499,55.082,54.712,54.281,53.849
2235,62.484,200825_072347_0000000327_CAM2_OK.bmp,47.779,200825_072350_0000000328_CAM2_OK.bmp,M,1.072895402,0.758811228,0.072895402,0.317850821,1.066908513,0.761701513,0.066908513,0.312850221,57.05,56.726,56.356,56.024,55.642,55.25
2236,64.517,200825_072407_0000000329_CAM2_OK.bmp,47.263,200825_072410_0000000330_CAM2_OK.bmp,F,1.151565342,0.725261131,0.151565342,0.378813722,1.146691933,0.726405513,0.146691933,0.376641534,56.762,56.349,55.877,55.456,54.965,54.467
2241,61.383,200825_072426_0000000331_CAM2_OK.bmp,46.171,200825_072430_0000000332_CAM2_OK.bmp,M,1.093417959,0.744947646,0.093417959,0.342376212,1.094583821,0.75075777,0.094583821,0.331987547,52.284,51.735,51.117,50.568,49.917,49.247
2242,65.841,200825_072444_0000000333_CAM2_OK.bmp,49.401,200825_072448_0000000334_CAM2_OK.bmp,M,1.073053045,0.739040027,0.073053045,0.353106684,1.062233108,0.742422159,0.062233108,0.346942555,62.519,62.079,61.586,61.148,60.636,60.108
2243,66.067,200825_072504_0000000335_CAM2_OK.bmp,49.569,200825_072509_0000000336_CAM2_OK.bmp,M,1.084507811,0.743955159,0.084507811,0.344167035,1.07761801,0.747512634,0.07761801,0.337770031,63.799,63.331,62.809,62.348,61.812,61.265
2244,62.788,200825_072524_0000000337_CAM2_OK.bmp,47.404,200825_072527_0000000338_CAM2_OK.bmp,F,1.138750803,0.745110083,0.138750803,0.342083571,1.130528504,0.74533532,0.130528504,0.341677999,56.878,56.525,56.122,55.763,55.341,54.915
2245,65.58,200825_072540_0000000339_CAM2_OK.bmp,49.122,200825_072544_0000000340_CAM2_OK.bmp,non-fertile,1.082938816,0.738187505,0.082938816,0.354669366,1.090229601,0.739551771,0.090229601,0.35217038,61.999,61.573,61.098,60.672,60.183,59.682
2246,60.928,200825_072559_0000000341_CAM2_OK.bmp,47.222,200825_072602_0000000342_CAM2_OK.bmp,M,1.080638364,0.764914446,0.080638364,0.307335749,1.087923587,0.772000138,0.087923587,0.295336555,54.388,53.993,53.543,53.146,52.682,52.209
2251,61.59,200825_072616_0000000343_CAM2_OK.bmp,49.365,200825_072620_0000000344_CAM2_OK.bmp,M,1.116602029,0.790989806,0.116602029,0.264238796,1.115445964,0.79377514,0.115445964,0.259802619,58.379,57.938,57.445,57.001,56.479,55.944
2252,65.168,200825_072634_0000000345_CAM2_OK.bmp,48.868,200825_072639_0000000346_CAM2_OK.bmp,F,1.128584391,0.740053502,0.128584391,0.351253657,1.10631928,0.745800344,0.10631928,0.340841431,61.476,60.983,60.439,59.951,59.382,58.806
2253,63.762,200825_072703_0000000347_CAM2_OK.bmp,47.523,200825_072712_0000000348_CAM2_OK.bmp,non-fertile,1.045065655,0.737445826,0.045065655,0.356031812,1.042929696,0.744132309,0.042929696,0.343847039,52.712,50.845,48.783,46.77,44.564,41.978
2254,63.336,200825_072730_0000000349_CAM2_OK.bmp,45.862,200825_072735_0000000350_CAM2_OK.bmp,M,1.032989732,0.721018662,0.032989732,0.386926653,1.050031395,0.723548542,0.050031395,0.382077279,53.737,53.341,52.897,52.499,52.037,51.564
2255,61.052,200825_072754_0000000351_CAM2_OK.bmp,47.324,200825_072758_0000000352_CAM2_OK.bmp,M,1.089121014,0.767558518,0.089121014,0.302832261,1.079104553,0.770269381,0.079104553,0.298247113,54.658,54.317,53.937,53.596,53.199,52.795
2256,65.025,200825_072814_0000000353_CAM2_OK.bmp,48.317,200825_072818_0000000354_CAM2_OK.bmp,F,1.07743264,0.737936087,0.07743264,0.355130908,1.061312604,0.742445427,0.061312604,0.346900343,60.375,60.024,59.624,59.262,58.839,58.405
2261,63.565,200825_072832_0000000355_CAM2_OK.bmp,47.74,200825_072837_0000000356_CAM2_OK.bmp,F,1.05883311,0.739723,0.05883311,0.351857384,1.031792297,0.750358988,0.031792297,0.332695437,56.753,56.333,55.871,55.454,54.972,54.483
2262,64.82,200825_072851_0000000357_CAM2_OK.bmp,47.437,200825_072856_0000000358_CAM2_OK.bmp,F,1.074584959,0.760612992,0.074584959,0.314729055,1.07536944,0.764115649,0.07536944,0.308702422,62.989,62.565,62.099,61.684,61.196,60.697
2263,63.678,200825_072914_0000000359_CAM2_OK.bmp,47.883,200825_072922_0000000360_CAM2_OK.bmp,M,1.102865006,0.742232206,0.102865006,0.347287267,1.103826117,0.746375022,0.103826117,0.339809038,57.584,57.147,56.664,56.228,55.723,55.208
2264,63.053,200825_072937_0000000361_CAM2_OK.bmp,50.526,200825_072942_0000000362_CAM2_OK.bmp,F,1.084749579,0.794649983,0.084749579,0.258415681,1.053391811,0.798342533,0.053391811,0.252595169,63.417,63.066,62.674,62.323,61.912,61.498
2265,64.535,200825_072957_0000000363_CAM2_OK.bmp,48.77,200825_073002_0000000364_CAM2_OK.bmp,M,1.105781367,0.754124107,0.105781367,0.326041683,1.099701479,0.754296384,0.099701479,0.325738822,60.649,60.21,59.714,59.264,58.74,58.209
2266,63.489,200825_073015_0000000365_CAM2_OK.bmp,47.24,200825_073019_0000000366_CAM2_OK.bmp,M,1.128965565,0.754154764,0.128965565,0.325987778,1.118539863,0.759124454,0.118539863,0.317307056,58.911,58.423,57.876,57.383,56.814,56.234
